mtllib diagnostic-lab-plan-b.mtl
o site_slab
usemtl slab
v 3.180000066757202 2.98023217215615e-10 4.454999923706055
v 3.180000066757202 2.98023217215615e-10 -4.454999923706055
v 3.180000066757202 -0.14000000029802323 4.454999923706055
v 3.180000066757202 -0.14000000029802323 -4.454999923706055
v -3.180000066757202 2.98023217215615e-10 -4.454999923706055
v -3.180000066757202 2.98023217215615e-10 4.454999923706055
v -3.180000066757202 -0.14000000029802323 -4.454999923706055
v -3.180000066757202 -0.14000000029802323 4.454999923706055
v -3.180000066757202 2.98023217215615e-10 -4.454999923706055
v 3.180000066757202 2.98023217215615e-10 -4.454999923706055
v -3.180000066757202 2.98023217215615e-10 4.454999923706055
v 3.180000066757202 2.98023217215615e-10 4.454999923706055
v -3.180000066757202 -0.14000000029802323 4.454999923706055
v 3.180000066757202 -0.14000000029802323 4.454999923706055
v -3.180000066757202 -0.14000000029802323 -4.454999923706055
v 3.180000066757202 -0.14000000029802323 -4.454999923706055
v -3.180000066757202 2.98023217215615e-10 4.454999923706055
v 3.180000066757202 2.98023217215615e-10 4.454999923706055
v -3.180000066757202 -0.14000000029802323 4.454999923706055
v 3.180000066757202 -0.14000000029802323 4.454999923706055
v 3.180000066757202 2.98023217215615e-10 -4.454999923706055
v -3.180000066757202 2.98023217215615e-10 -4.454999923706055
v 3.180000066757202 -0.14000000029802323 -4.454999923706055
v -3.180000066757202 -0.14000000029802323 -4.454999923706055
vt 0 1
vt 1 1
vt 0 0
vt 1 0
vt 0 1
vt 1 1
vt 0 0
vt 1 0
vt 0 1
vt 1 1
vt 0 0
vt 1 0
vt 0 1
vt 1 1
vt 0 0
vt 1 0
vt 0 1
vt 1 1
vt 0 0
vt 1 0
vt 0 1
vt 1 1
vt 0 0
vt 1 0
vn 1 0 0
vn 1 0 0
vn 1 0 0
vn 1 0 0
vn -1 0 0
vn -1 0 0
vn -1 0 0
vn -1 0 0
vn 0 1 0
vn 0 1 0
vn 0 1 0
vn 0 1 0
vn 0 -1 0
vn 0 -1 0
vn 0 -1 0
vn 0 -1 0
vn 0 0 1
vn 0 0 1
vn 0 0 1
vn 0 0 1
vn 0 0 -1
vn 0 0 -1
vn 0 0 -1
vn 0 0 -1
f 1/1/1 3/3/3 2/2/2
f 3/3/3 4/4/4 2/2/2
f 5/5/5 7/7/7 6/6/6
f 7/7/7 8/8/8 6/6/6
f 9/9/9 11/11/11 10/10/10
f 11/11/11 12/12/12 10/10/10
f 13/13/13 15/15/15 14/14/14
f 15/15/15 16/16/16 14/14/14
f 17/17/17 19/19/19 18/18/18
f 19/19/19 20/20/20 18/18/18
f 21/21/21 23/23/23 22/22/22
f 23/23/23 24/24/24 22/22/22
o entrance_apron
usemtl paving
v -1.6649999046325683 7.450580569168253e-10 4.275000000000001
v -1.6620187187194824 7.450580569168253e-10 4.396442496776582
v -1.6530823135375976 7.450580569168253e-10 4.517592424154283
v -1.638211908340454 7.450580569168253e-10 4.638157927989961
v -1.617443504333496 7.450580569168253e-10 4.757848554849626
v -1.590827407836914 7.450580569168253e-10 4.876375937461854
v -1.558427276611328 7.450580569168253e-10 4.993454599380494
v -1.5203215503692626 7.450580569168253e-10 5.108802402019502
v -1.4766017818450927 7.450580569168253e-10 5.222141468524934
v -1.4273735904693599 7.450580569168253e-10 5.333198809623719
v -1.3727552318572993 7.450580569168253e-10 5.441706919670105
v -1.3128783130645747 7.450580569168253e-10 5.547404313087464
v -1.2478873157501216 7.450580569168253e-10 5.650036358833313
v -1.1779386425018308 7.450580569168253e-10 5.749355816841126
v -1.1032008552551265 7.450580569168253e-10 5.845123434066773
v -1.0238540792465205 7.450580569168253e-10 5.937108421325684
v -0.940089287757873 7.450580569168253e-10 6.025089287757874
v -0.8521084213256831 7.450580569168253e-10 6.108854079246521
v -0.760123434066772 7.450580569168253e-10 6.188200855255127
v -0.664355816841125 7.450580569168253e-10 6.262938642501831
v -0.5650363588333125 7.450580569168253e-10 6.332887315750122
v -0.4624043130874629 7.450580569168253e-10 6.3978783130645756
v -0.3567069196701045 7.450580569168253e-10 6.4577552318573
v -0.24819880962371776 7.450580569168253e-10 6.512373590469361
v -0.13714146852493225 7.450580569168253e-10 6.561601781845093
v -0.023802402019500124 7.450580569168253e-10 6.605321550369263
v 0.09154540061950744 7.450580569168253e-10 6.6434272766113285
v 0.20862406253814758 7.450580569168253e-10 6.675827407836914
v 0.327151445150376 7.450580569168253e-10 6.7024435043334964
v 0.4468420720100409 7.450580569168253e-10 6.7232119083404545
v 0.567407575845719 7.450580569168253e-10 6.738082313537598
v 0.6885575032234198 7.450580569168253e-10 6.747018718719483
v 0.8100000000000005 7.450580569168253e-10 6.749999904632569
v 0.9314424967765814 7.450580569168253e-10 6.747018718719483
v 1.0525924241542821 7.450580569168253e-10 6.738082313537598
v 1.1731579279899602 7.450580569168253e-10 6.7232119083404545
v 1.2928485548496251 7.450580569168253e-10 6.7024435043334964
v 1.4113759374618535 7.450580569168253e-10 6.675827407836914
v 1.5284545993804937 7.450580569168253e-10 6.6434272766113285
v 1.6438024020195012 7.450580569168253e-10 6.605321550369263
v 1.7571414685249334 7.450580569168253e-10 6.561601781845093
v 1.8681988096237188 7.450580569168253e-10 6.512373590469361
v 1.9767069196701055 7.450580569168253e-10 6.4577552318573
v 2.082404313087464 7.450580569168253e-10 6.3978783130645756
v 2.1850363588333135 7.450580569168253e-10 6.332887315750122
v 2.284355816841126 7.450580569168253e-10 6.262938642501831
v 2.380123434066773 7.450580569168253e-10 6.188200855255127
v 2.472108421325684 7.450580569168253e-10 6.108854079246521
v 2.560089287757874 7.450580569168253e-10 6.025089287757874
v 2.6438540792465215 7.450580569168253e-10 5.937108421325684
v 2.7232008552551275 7.450580569168253e-10 5.845123434066773
v 2.7979386425018316 7.450580569168253e-10 5.749355816841126
v 2.8678873157501226 7.450580569168253e-10 5.650036358833313
v 2.9328783130645757 7.450580569168253e-10 5.547404313087464
v 2.9927552318573003 7.450580569168253e-10 5.441706919670105
v 3.047373590469361 7.450580569168253e-10 5.333198809623719
v 3.096601781845093 7.450580569168253e-10 5.222141468524932
v 3.1403215503692627 7.450580569168253e-10 5.1088024020195
v 3.178427276611328 7.450580569168253e-10 4.993454599380493
v 3.210827407836914 7.450580569168253e-10 4.8763759374618525
v 3.237443504333496 7.450580569168253e-10 4.757848554849624
v 3.258211908340454 7.450580569168253e-10 4.638157927989959
v 3.2730823135375977 7.450580569168253e-10 4.517592424154281
v 3.2820187187194825 7.450580569168253e-10 4.39644249677658
v 3.2849999046325684 7.450580569168253e-10 4.275
v -1.6649999046325683 -0.10000000074505806 4.275000000000001
v -1.6620187187194824 -0.10000000074505806 4.396442496776582
v -1.6530823135375976 -0.10000000074505806 4.517592424154283
v -1.638211908340454 -0.10000000074505806 4.638157927989961
v -1.617443504333496 -0.10000000074505806 4.757848554849626
v -1.590827407836914 -0.10000000074505806 4.876375937461854
v -1.558427276611328 -0.10000000074505806 4.993454599380494
v -1.5203215503692626 -0.10000000074505806 5.108802402019502
v -1.4766017818450927 -0.10000000074505806 5.222141468524934
v -1.4273735904693599 -0.10000000074505806 5.333198809623719
v -1.3727552318572993 -0.10000000074505806 5.441706919670105
v -1.3128783130645747 -0.10000000074505806 5.547404313087464
v -1.2478873157501216 -0.10000000074505806 5.650036358833313
v -1.1779386425018308 -0.10000000074505806 5.749355816841126
v -1.1032008552551265 -0.10000000074505806 5.845123434066773
v -1.0238540792465205 -0.10000000074505806 5.937108421325684
v -0.940089287757873 -0.10000000074505806 6.025089287757874
v -0.8521084213256831 -0.10000000074505806 6.108854079246521
v -0.760123434066772 -0.10000000074505806 6.188200855255127
v -0.664355816841125 -0.10000000074505806 6.262938642501831
v -0.5650363588333125 -0.10000000074505806 6.332887315750122
v -0.4624043130874629 -0.10000000074505806 6.3978783130645756
v -0.3567069196701045 -0.10000000074505806 6.4577552318573
v -0.24819880962371776 -0.10000000074505806 6.512373590469361
v -0.13714146852493225 -0.10000000074505806 6.561601781845093
v -0.023802402019500124 -0.10000000074505806 6.605321550369263
v 0.09154540061950744 -0.10000000074505806 6.6434272766113285
v 0.20862406253814758 -0.10000000074505806 6.675827407836914
v 0.327151445150376 -0.10000000074505806 6.7024435043334964
v 0.4468420720100409 -0.10000000074505806 6.7232119083404545
v 0.567407575845719 -0.10000000074505806 6.738082313537598
v 0.6885575032234198 -0.10000000074505806 6.747018718719483
v 0.8100000000000005 -0.10000000074505806 6.749999904632569
v 0.9314424967765814 -0.10000000074505806 6.747018718719483
v 1.0525924241542821 -0.10000000074505806 6.738082313537598
v 1.1731579279899602 -0.10000000074505806 6.7232119083404545
v 1.2928485548496251 -0.10000000074505806 6.7024435043334964
v 1.4113759374618535 -0.10000000074505806 6.675827407836914
v 1.5284545993804937 -0.10000000074505806 6.6434272766113285
v 1.6438024020195012 -0.10000000074505806 6.605321550369263
v 1.7571414685249334 -0.10000000074505806 6.561601781845093
v 1.8681988096237188 -0.10000000074505806 6.512373590469361
v 1.9767069196701055 -0.10000000074505806 6.4577552318573
v 2.082404313087464 -0.10000000074505806 6.3978783130645756
v 2.1850363588333135 -0.10000000074505806 6.332887315750122
v 2.284355816841126 -0.10000000074505806 6.262938642501831
v 2.380123434066773 -0.10000000074505806 6.188200855255127
v 2.472108421325684 -0.10000000074505806 6.108854079246521
v 2.560089287757874 -0.10000000074505806 6.025089287757874
v 2.6438540792465215 -0.10000000074505806 5.937108421325684
v 2.7232008552551275 -0.10000000074505806 5.845123434066773
v 2.7979386425018316 -0.10000000074505806 5.749355816841126
v 2.8678873157501226 -0.10000000074505806 5.650036358833313
v 2.9328783130645757 -0.10000000074505806 5.547404313087464
v 2.9927552318573003 -0.10000000074505806 5.441706919670105
v 3.047373590469361 -0.10000000074505806 5.333198809623719
v 3.096601781845093 -0.10000000074505806 5.222141468524932
v 3.1403215503692627 -0.10000000074505806 5.1088024020195
v 3.178427276611328 -0.10000000074505806 4.993454599380493
v 3.210827407836914 -0.10000000074505806 4.8763759374618525
v 3.237443504333496 -0.10000000074505806 4.757848554849624
v 3.258211908340454 -0.10000000074505806 4.638157927989959
v 3.2730823135375977 -0.10000000074505806 4.517592424154281
v 3.2820187187194825 -0.10000000074505806 4.39644249677658
v 3.2849999046325684 -0.10000000074505806 4.275
v 0.81 7.450580569168253e-10 4.275
v 0.81 7.450580569168253e-10 4.275
v 0.81 7.450580569168253e-10 4.275
v 0.81 7.450580569168253e-10 4.275
v 0.81 7.450580569168253e-10 4.275
v 0.81 7.450580569168253e-10 4.275
v 0.81 7.450580569168253e-10 4.275
v 0.81 7.450580569168253e-10 4.275
v 0.81 7.450580569168253e-10 4.275
v 0.81 7.450580569168253e-10 4.275
v 0.81 7.450580569168253e-10 4.275
v 0.81 7.450580569168253e-10 4.275
v 0.81 7.450580569168253e-10 4.275
v 0.81 7.450580569168253e-10 4.275
v 0.81 7.450580569168253e-10 4.275
v 0.81 7.450580569168253e-10 4.275
v 0.81 7.450580569168253e-10 4.275
v 0.81 7.450580569168253e-10 4.275
v 0.81 7.450580569168253e-10 4.275
v 0.81 7.450580569168253e-10 4.275
v 0.81 7.450580569168253e-10 4.275
v 0.81 7.450580569168253e-10 4.275
v 0.81 7.450580569168253e-10 4.275
v 0.81 7.450580569168253e-10 4.275
v 0.81 7.450580569168253e-10 4.275
v 0.81 7.450580569168253e-10 4.275
v 0.81 7.450580569168253e-10 4.275
v 0.81 7.450580569168253e-10 4.275
v 0.81 7.450580569168253e-10 4.275
v 0.81 7.450580569168253e-10 4.275
v 0.81 7.450580569168253e-10 4.275
v 0.81 7.450580569168253e-10 4.275
v 0.81 7.450580569168253e-10 4.275
v 0.81 7.450580569168253e-10 4.275
v 0.81 7.450580569168253e-10 4.275
v 0.81 7.450580569168253e-10 4.275
v 0.81 7.450580569168253e-10 4.275
v 0.81 7.450580569168253e-10 4.275
v 0.81 7.450580569168253e-10 4.275
v 0.81 7.450580569168253e-10 4.275
v 0.81 7.450580569168253e-10 4.275
v 0.81 7.450580569168253e-10 4.275
v 0.81 7.450580569168253e-10 4.275
v 0.81 7.450580569168253e-10 4.275
v 0.81 7.450580569168253e-10 4.275
v 0.81 7.450580569168253e-10 4.275
v 0.81 7.450580569168253e-10 4.275
v 0.81 7.450580569168253e-10 4.275
v 0.81 7.450580569168253e-10 4.275
v 0.81 7.450580569168253e-10 4.275
v 0.81 7.450580569168253e-10 4.275
v 0.81 7.450580569168253e-10 4.275
v 0.81 7.450580569168253e-10 4.275
v 0.81 7.450580569168253e-10 4.275
v 0.81 7.450580569168253e-10 4.275
v 0.81 7.450580569168253e-10 4.275
v 0.81 7.450580569168253e-10 4.275
v 0.81 7.450580569168253e-10 4.275
v 0.81 7.450580569168253e-10 4.275
v 0.81 7.450580569168253e-10 4.275
v 0.81 7.450580569168253e-10 4.275
v 0.81 7.450580569168253e-10 4.275
v 0.81 7.450580569168253e-10 4.275
v 0.81 7.450580569168253e-10 4.275
v -1.6649999046325683 7.450580569168253e-10 4.275000000000001
v -1.6620187187194824 7.450580569168253e-10 4.396442496776582
v -1.6530823135375976 7.450580569168253e-10 4.517592424154283
v -1.638211908340454 7.450580569168253e-10 4.638157927989961
v -1.617443504333496 7.450580569168253e-10 4.757848554849626
v -1.590827407836914 7.450580569168253e-10 4.876375937461854
v -1.558427276611328 7.450580569168253e-10 4.993454599380494
v -1.5203215503692626 7.450580569168253e-10 5.108802402019502
v -1.4766017818450927 7.450580569168253e-10 5.222141468524934
v -1.4273735904693599 7.450580569168253e-10 5.333198809623719
v -1.3727552318572993 7.450580569168253e-10 5.441706919670105
v -1.3128783130645747 7.450580569168253e-10 5.547404313087464
v -1.2478873157501216 7.450580569168253e-10 5.650036358833313
v -1.1779386425018308 7.450580569168253e-10 5.749355816841126
v -1.1032008552551265 7.450580569168253e-10 5.845123434066773
v -1.0238540792465205 7.450580569168253e-10 5.937108421325684
v -0.940089287757873 7.450580569168253e-10 6.025089287757874
v -0.8521084213256831 7.450580569168253e-10 6.108854079246521
v -0.760123434066772 7.450580569168253e-10 6.188200855255127
v -0.664355816841125 7.450580569168253e-10 6.262938642501831
v -0.5650363588333125 7.450580569168253e-10 6.332887315750122
v -0.4624043130874629 7.450580569168253e-10 6.3978783130645756
v -0.3567069196701045 7.450580569168253e-10 6.4577552318573
v -0.24819880962371776 7.450580569168253e-10 6.512373590469361
v -0.13714146852493225 7.450580569168253e-10 6.561601781845093
v -0.023802402019500124 7.450580569168253e-10 6.605321550369263
v 0.09154540061950744 7.450580569168253e-10 6.6434272766113285
v 0.20862406253814758 7.450580569168253e-10 6.675827407836914
v 0.327151445150376 7.450580569168253e-10 6.7024435043334964
v 0.4468420720100409 7.450580569168253e-10 6.7232119083404545
v 0.567407575845719 7.450580569168253e-10 6.738082313537598
v 0.6885575032234198 7.450580569168253e-10 6.747018718719483
v 0.8100000000000005 7.450580569168253e-10 6.749999904632569
v 0.9314424967765814 7.450580569168253e-10 6.747018718719483
v 1.0525924241542821 7.450580569168253e-10 6.738082313537598
v 1.1731579279899602 7.450580569168253e-10 6.7232119083404545
v 1.2928485548496251 7.450580569168253e-10 6.7024435043334964
v 1.4113759374618535 7.450580569168253e-10 6.675827407836914
v 1.5284545993804937 7.450580569168253e-10 6.6434272766113285
v 1.6438024020195012 7.450580569168253e-10 6.605321550369263
v 1.7571414685249334 7.450580569168253e-10 6.561601781845093
v 1.8681988096237188 7.450580569168253e-10 6.512373590469361
v 1.9767069196701055 7.450580569168253e-10 6.4577552318573
v 2.082404313087464 7.450580569168253e-10 6.3978783130645756
v 2.1850363588333135 7.450580569168253e-10 6.332887315750122
v 2.284355816841126 7.450580569168253e-10 6.262938642501831
v 2.380123434066773 7.450580569168253e-10 6.188200855255127
v 2.472108421325684 7.450580569168253e-10 6.108854079246521
v 2.560089287757874 7.450580569168253e-10 6.025089287757874
v 2.6438540792465215 7.450580569168253e-10 5.937108421325684
v 2.7232008552551275 7.450580569168253e-10 5.845123434066773
v 2.7979386425018316 7.450580569168253e-10 5.749355816841126
v 2.8678873157501226 7.450580569168253e-10 5.650036358833313
v 2.9328783130645757 7.450580569168253e-10 5.547404313087464
v 2.9927552318573003 7.450580569168253e-10 5.441706919670105
v 3.047373590469361 7.450580569168253e-10 5.333198809623719
v 3.096601781845093 7.450580569168253e-10 5.222141468524932
v 3.1403215503692627 7.450580569168253e-10 5.1088024020195
v 3.178427276611328 7.450580569168253e-10 4.993454599380493
v 3.210827407836914 7.450580569168253e-10 4.8763759374618525
v 3.237443504333496 7.450580569168253e-10 4.757848554849624
v 3.258211908340454 7.450580569168253e-10 4.638157927989959
v 3.2730823135375977 7.450580569168253e-10 4.517592424154281
v 3.2820187187194825 7.450580569168253e-10 4.39644249677658
v 3.2849999046325684 7.450580569168253e-10 4.275
v 0.81 -0.10000000074505806 4.275
v 0.81 -0.10000000074505806 4.275
v 0.81 -0.10000000074505806 4.275
v 0.81 -0.10000000074505806 4.275
v 0.81 -0.10000000074505806 4.275
v 0.81 -0.10000000074505806 4.275
v 0.81 -0.10000000074505806 4.275
v 0.81 -0.10000000074505806 4.275
v 0.81 -0.10000000074505806 4.275
v 0.81 -0.10000000074505806 4.275
v 0.81 -0.10000000074505806 4.275
v 0.81 -0.10000000074505806 4.275
v 0.81 -0.10000000074505806 4.275
v 0.81 -0.10000000074505806 4.275
v 0.81 -0.10000000074505806 4.275
v 0.81 -0.10000000074505806 4.275
v 0.81 -0.10000000074505806 4.275
v 0.81 -0.10000000074505806 4.275
v 0.81 -0.10000000074505806 4.275
v 0.81 -0.10000000074505806 4.275
v 0.81 -0.10000000074505806 4.275
v 0.81 -0.10000000074505806 4.275
v 0.81 -0.10000000074505806 4.275
v 0.81 -0.10000000074505806 4.275
v 0.81 -0.10000000074505806 4.275
v 0.81 -0.10000000074505806 4.275
v 0.81 -0.10000000074505806 4.275
v 0.81 -0.10000000074505806 4.275
v 0.81 -0.10000000074505806 4.275
v 0.81 -0.10000000074505806 4.275
v 0.81 -0.10000000074505806 4.275
v 0.81 -0.10000000074505806 4.275
v 0.81 -0.10000000074505806 4.275
v 0.81 -0.10000000074505806 4.275
v 0.81 -0.10000000074505806 4.275
v 0.81 -0.10000000074505806 4.275
v 0.81 -0.10000000074505806 4.275
v 0.81 -0.10000000074505806 4.275
v 0.81 -0.10000000074505806 4.275
v 0.81 -0.10000000074505806 4.275
v 0.81 -0.10000000074505806 4.275
v 0.81 -0.10000000074505806 4.275
v 0.81 -0.10000000074505806 4.275
v 0.81 -0.10000000074505806 4.275
v 0.81 -0.10000000074505806 4.275
v 0.81 -0.10000000074505806 4.275
v 0.81 -0.10000000074505806 4.275
v 0.81 -0.10000000074505806 4.275
v 0.81 -0.10000000074505806 4.275
v 0.81 -0.10000000074505806 4.275
v 0.81 -0.10000000074505806 4.275
v 0.81 -0.10000000074505806 4.275
v 0.81 -0.10000000074505806 4.275
v 0.81 -0.10000000074505806 4.275
v 0.81 -0.10000000074505806 4.275
v 0.81 -0.10000000074505806 4.275
v 0.81 -0.10000000074505806 4.275
v 0.81 -0.10000000074505806 4.275
v 0.81 -0.10000000074505806 4.275
v 0.81 -0.10000000074505806 4.275
v 0.81 -0.10000000074505806 4.275
v 0.81 -0.10000000074505806 4.275
v 0.81 -0.10000000074505806 4.275
v 0.81 -0.10000000074505806 4.275
v -1.6649999046325683 -0.10000000074505806 4.275000000000001
v -1.6620187187194824 -0.10000000074505806 4.396442496776582
v -1.6530823135375976 -0.10000000074505806 4.517592424154283
v -1.638211908340454 -0.10000000074505806 4.638157927989961
v -1.617443504333496 -0.10000000074505806 4.757848554849626
v -1.590827407836914 -0.10000000074505806 4.876375937461854
v -1.558427276611328 -0.10000000074505806 4.993454599380494
v -1.5203215503692626 -0.10000000074505806 5.108802402019502
v -1.4766017818450927 -0.10000000074505806 5.222141468524934
v -1.4273735904693599 -0.10000000074505806 5.333198809623719
v -1.3727552318572993 -0.10000000074505806 5.441706919670105
v -1.3128783130645747 -0.10000000074505806 5.547404313087464
v -1.2478873157501216 -0.10000000074505806 5.650036358833313
v -1.1779386425018308 -0.10000000074505806 5.749355816841126
v -1.1032008552551265 -0.10000000074505806 5.845123434066773
v -1.0238540792465205 -0.10000000074505806 5.937108421325684
v -0.940089287757873 -0.10000000074505806 6.025089287757874
v -0.8521084213256831 -0.10000000074505806 6.108854079246521
v -0.760123434066772 -0.10000000074505806 6.188200855255127
v -0.664355816841125 -0.10000000074505806 6.262938642501831
v -0.5650363588333125 -0.10000000074505806 6.332887315750122
v -0.4624043130874629 -0.10000000074505806 6.3978783130645756
v -0.3567069196701045 -0.10000000074505806 6.4577552318573
v -0.24819880962371776 -0.10000000074505806 6.512373590469361
v -0.13714146852493225 -0.10000000074505806 6.561601781845093
v -0.023802402019500124 -0.10000000074505806 6.605321550369263
v 0.09154540061950744 -0.10000000074505806 6.6434272766113285
v 0.20862406253814758 -0.10000000074505806 6.675827407836914
v 0.327151445150376 -0.10000000074505806 6.7024435043334964
v 0.4468420720100409 -0.10000000074505806 6.7232119083404545
v 0.567407575845719 -0.10000000074505806 6.738082313537598
v 0.6885575032234198 -0.10000000074505806 6.747018718719483
v 0.8100000000000005 -0.10000000074505806 6.749999904632569
v 0.9314424967765814 -0.10000000074505806 6.747018718719483
v 1.0525924241542821 -0.10000000074505806 6.738082313537598
v 1.1731579279899602 -0.10000000074505806 6.7232119083404545
v 1.2928485548496251 -0.10000000074505806 6.7024435043334964
v 1.4113759374618535 -0.10000000074505806 6.675827407836914
v 1.5284545993804937 -0.10000000074505806 6.6434272766113285
v 1.6438024020195012 -0.10000000074505806 6.605321550369263
v 1.7571414685249334 -0.10000000074505806 6.561601781845093
v 1.8681988096237188 -0.10000000074505806 6.512373590469361
v 1.9767069196701055 -0.10000000074505806 6.4577552318573
v 2.082404313087464 -0.10000000074505806 6.3978783130645756
v 2.1850363588333135 -0.10000000074505806 6.332887315750122
v 2.284355816841126 -0.10000000074505806 6.262938642501831
v 2.380123434066773 -0.10000000074505806 6.188200855255127
v 2.472108421325684 -0.10000000074505806 6.108854079246521
v 2.560089287757874 -0.10000000074505806 6.025089287757874
v 2.6438540792465215 -0.10000000074505806 5.937108421325684
v 2.7232008552551275 -0.10000000074505806 5.845123434066773
v 2.7979386425018316 -0.10000000074505806 5.749355816841126
v 2.8678873157501226 -0.10000000074505806 5.650036358833313
v 2.9328783130645757 -0.10000000074505806 5.547404313087464
v 2.9927552318573003 -0.10000000074505806 5.441706919670105
v 3.047373590469361 -0.10000000074505806 5.333198809623719
v 3.096601781845093 -0.10000000074505806 5.222141468524932
v 3.1403215503692627 -0.10000000074505806 5.1088024020195
v 3.178427276611328 -0.10000000074505806 4.993454599380493
v 3.210827407836914 -0.10000000074505806 4.8763759374618525
v 3.237443504333496 -0.10000000074505806 4.757848554849624
v 3.258211908340454 -0.10000000074505806 4.638157927989959
v 3.2730823135375977 -0.10000000074505806 4.517592424154281
v 3.2820187187194825 -0.10000000074505806 4.39644249677658
v 3.2849999046325684 -0.10000000074505806 4.275
vt 0 1
vt 0.015625 1
vt 0.03125 1
vt 0.046875 1
vt 0.0625 1
vt 0.078125 1
vt 0.09375 1
vt 0.109375 1
vt 0.125 1
vt 0.140625 1
vt 0.15625 1
vt 0.171875 1
vt 0.1875 1
vt 0.203125 1
vt 0.21875 1
vt 0.234375 1
vt 0.25 1
vt 0.265625 1
vt 0.28125 1
vt 0.296875 1
vt 0.3125 1
vt 0.328125 1
vt 0.34375 1
vt 0.359375 1
vt 0.375 1
vt 0.390625 1
vt 0.40625 1
vt 0.421875 1
vt 0.4375 1
vt 0.453125 1
vt 0.46875 1
vt 0.484375 1
vt 0.5 1
vt 0.515625 1
vt 0.53125 1
vt 0.546875 1
vt 0.5625 1
vt 0.578125 1
vt 0.59375 1
vt 0.609375 1
vt 0.625 1
vt 0.640625 1
vt 0.65625 1
vt 0.671875 1
vt 0.6875 1
vt 0.703125 1
vt 0.71875 1
vt 0.734375 1
vt 0.75 1
vt 0.765625 1
vt 0.78125 1
vt 0.796875 1
vt 0.8125 1
vt 0.828125 1
vt 0.84375 1
vt 0.859375 1
vt 0.875 1
vt 0.890625 1
vt 0.90625 1
vt 0.921875 1
vt 0.9375 1
vt 0.953125 1
vt 0.96875 1
vt 0.984375 1
vt 1 1
vt 0 0
vt 0.015625 0
vt 0.03125 0
vt 0.046875 0
vt 0.0625 0
vt 0.078125 0
vt 0.09375 0
vt 0.109375 0
vt 0.125 0
vt 0.140625 0
vt 0.15625 0
vt 0.171875 0
vt 0.1875 0
vt 0.203125 0
vt 0.21875 0
vt 0.234375 0
vt 0.25 0
vt 0.265625 0
vt 0.28125 0
vt 0.296875 0
vt 0.3125 0
vt 0.328125 0
vt 0.34375 0
vt 0.359375 0
vt 0.375 0
vt 0.390625 0
vt 0.40625 0
vt 0.421875 0
vt 0.4375 0
vt 0.453125 0
vt 0.46875 0
vt 0.484375 0
vt 0.5 0
vt 0.515625 0
vt 0.53125 0
vt 0.546875 0
vt 0.5625 0
vt 0.578125 0
vt 0.59375 0
vt 0.609375 0
vt 0.625 0
vt 0.640625 0
vt 0.65625 0
vt 0.671875 0
vt 0.6875 0
vt 0.703125 0
vt 0.71875 0
vt 0.734375 0
vt 0.75 0
vt 0.765625 0
vt 0.78125 0
vt 0.796875 0
vt 0.8125 0
vt 0.828125 0
vt 0.84375 0
vt 0.859375 0
vt 0.875 0
vt 0.890625 0
vt 0.90625 0
vt 0.921875 0
vt 0.9375 0
vt 0.953125 0
vt 0.96875 0
vt 0.984375 0
vt 1 0
vt 0.5 0.5
vt 0.5 0.5
vt 0.5 0.5
vt 0.5 0.5
vt 0.5 0.5
vt 0.5 0.5
vt 0.5 0.5
vt 0.5 0.5
vt 0.5 0.5
vt 0.5 0.5
vt 0.5 0.5
vt 0.5 0.5
vt 0.5 0.5
vt 0.5 0.5
vt 0.5 0.5
vt 0.5 0.5
vt 0.5 0.5
vt 0.5 0.5
vt 0.5 0.5
vt 0.5 0.5
vt 0.5 0.5
vt 0.5 0.5
vt 0.5 0.5
vt 0.5 0.5
vt 0.5 0.5
vt 0.5 0.5
vt 0.5 0.5
vt 0.5 0.5
vt 0.5 0.5
vt 0.5 0.5
vt 0.5 0.5
vt 0.5 0.5
vt 0.5 0.5
vt 0.5 0.5
vt 0.5 0.5
vt 0.5 0.5
vt 0.5 0.5
vt 0.5 0.5
vt 0.5 0.5
vt 0.5 0.5
vt 0.5 0.5
vt 0.5 0.5
vt 0.5 0.5
vt 0.5 0.5
vt 0.5 0.5
vt 0.5 0.5
vt 0.5 0.5
vt 0.5 0.5
vt 0.5 0.5
vt 0.5 0.5
vt 0.5 0.5
vt 0.5 0.5
vt 0.5 0.5
vt 0.5 0.5
vt 0.5 0.5
vt 0.5 0.5
vt 0.5 0.5
vt 0.5 0.5
vt 0.5 0.5
vt 0.5 0.5
vt 0.5 0.5
vt 0.5 0.5
vt 0.5 0.5
vt 0.5 0.5
vt 1 0.5
vt 0.9993977546691895 0.5245338082313538
vt 0.9975923895835876 0.5490085482597351
vt 0.9945882558822632 0.5733652114868164
vt 0.9903926253318787 0.5975451469421387
vt 0.9850156307220459 0.6214900612831116
vt 0.9784701466560364 0.6451423168182373
vt 0.9707720279693604 0.6684449315071106
vt 0.9619397521018982 0.6913416981697083
vt 0.9519946575164795 0.7137775421142578
vt 0.9409606456756592 0.7356983423233032
vt 0.9288643002510071 0.7570513486862183
vt 0.9157348275184631 0.7777851223945618
vt 0.9016037583351135 0.7978496551513672
vt 0.8865052461624146 0.8171966671943665
vt 0.8704755902290344 0.8357794880867004
vt 0.8535534143447876 0.8535534143447876
vt 0.8357794880867004 0.8704755902290344
vt 0.8171966671943665 0.8865052461624146
vt 0.7978496551513672 0.9016037583351135
vt 0.7777851223945618 0.9157348275184631
vt 0.7570513486862183 0.9288643002510071
vt 0.7356983423233032 0.9409606456756592
vt 0.7137775421142578 0.9519946575164795
vt 0.6913416981697083 0.9619397521018982
vt 0.6684449315071106 0.9707720279693604
vt 0.6451423168182373 0.9784701466560364
vt 0.6214900612831116 0.9850156307220459
vt 0.5975451469421387 0.9903926253318787
vt 0.5733652114868164 0.9945882558822632
vt 0.5490085482597351 0.9975923895835876
vt 0.5245338082313538 0.9993977546691895
vt 0.5 1
vt 0.47546616196632385 0.9993977546691895
vt 0.4509914219379425 0.9975923895835876
vt 0.4266347587108612 0.9945882558822632
vt 0.40245485305786133 0.9903926253318787
vt 0.37850990891456604 0.9850156307220459
vt 0.3548576533794403 0.9784701466560364
vt 0.3315550684928894 0.9707720279693604
vt 0.30865827202796936 0.9619397521018982
vt 0.2862224578857422 0.9519946575164795
vt 0.2643016278743744 0.9409606456756592
vt 0.24294862151145935 0.9288643002510071
vt 0.22221487760543823 0.9157348275184631
vt 0.2021503448486328 0.9016037583351135
vt 0.18280336260795593 0.8865052461624146
vt 0.16422052681446075 0.8704755902290344
vt 0.1464466154575348 0.8535534143447876
vt 0.12952443957328796 0.8357794880867004
vt 0.11349477618932724 0.8171966671943665
vt 0.09839623421430588 0.7978496551513672
vt 0.08426519483327866 0.7777851223945618
vt 0.07113569229841232 0.7570513486862183
vt 0.059039369225502014 0.7356983423233032
vt 0.0480053536593914 0.7137775421142578
vt 0.03806023299694061 0.6913416981697083
vt 0.02922796830534935 0.6684449315071106
vt 0.02152983285486698 0.6451423168182373
vt 0.0149843730032444 0.6214900612831116
vt 0.009607359766960144 0.5975451469421387
vt 0.005411745049059391 0.5733652114868164
vt 0.0024076367262750864 0.5490085482597351
vt 0.0006022718735039234 0.5245338082313538
vt 0 0.5
vt 0.5 0.5
vt 0.5 0.5
vt 0.5 0.5
vt 0.5 0.5
vt 0.5 0.5
vt 0.5 0.5
vt 0.5 0.5
vt 0.5 0.5
vt 0.5 0.5
vt 0.5 0.5
vt 0.5 0.5
vt 0.5 0.5
vt 0.5 0.5
vt 0.5 0.5
vt 0.5 0.5
vt 0.5 0.5
vt 0.5 0.5
vt 0.5 0.5
vt 0.5 0.5
vt 0.5 0.5
vt 0.5 0.5
vt 0.5 0.5
vt 0.5 0.5
vt 0.5 0.5
vt 0.5 0.5
vt 0.5 0.5
vt 0.5 0.5
vt 0.5 0.5
vt 0.5 0.5
vt 0.5 0.5
vt 0.5 0.5
vt 0.5 0.5
vt 0.5 0.5
vt 0.5 0.5
vt 0.5 0.5
vt 0.5 0.5
vt 0.5 0.5
vt 0.5 0.5
vt 0.5 0.5
vt 0.5 0.5
vt 0.5 0.5
vt 0.5 0.5
vt 0.5 0.5
vt 0.5 0.5
vt 0.5 0.5
vt 0.5 0.5
vt 0.5 0.5
vt 0.5 0.5
vt 0.5 0.5
vt 0.5 0.5
vt 0.5 0.5
vt 0.5 0.5
vt 0.5 0.5
vt 0.5 0.5
vt 0.5 0.5
vt 0.5 0.5
vt 0.5 0.5
vt 0.5 0.5
vt 0.5 0.5
vt 0.5 0.5
vt 0.5 0.5
vt 0.5 0.5
vt 0.5 0.5
vt 0.5 0.5
vt 1 0.5
vt 0.9993977546691895 0.47546616196632385
vt 0.9975923895835876 0.4509914219379425
vt 0.9945882558822632 0.4266347587108612
vt 0.9903926253318787 0.40245485305786133
vt 0.9850156307220459 0.37850990891456604
vt 0.9784701466560364 0.3548576533794403
vt 0.9707720279693604 0.3315550684928894
vt 0.9619397521018982 0.30865827202796936
vt 0.9519946575164795 0.2862224578857422
vt 0.9409606456756592 0.2643016278743744
vt 0.9288643002510071 0.24294862151145935
vt 0.9157348275184631 0.22221487760543823
vt 0.9016037583351135 0.2021503448486328
vt 0.8865052461624146 0.18280336260795593
vt 0.8704755902290344 0.16422052681446075
vt 0.8535534143447876 0.1464466154575348
vt 0.8357794880867004 0.12952443957328796
vt 0.8171966671943665 0.11349477618932724
vt 0.7978496551513672 0.09839623421430588
vt 0.7777851223945618 0.08426519483327866
vt 0.7570513486862183 0.07113569229841232
vt 0.7356983423233032 0.059039369225502014
vt 0.7137775421142578 0.0480053536593914
vt 0.6913416981697083 0.03806023299694061
vt 0.6684449315071106 0.02922796830534935
vt 0.6451423168182373 0.02152983285486698
vt 0.6214900612831116 0.0149843730032444
vt 0.5975451469421387 0.009607359766960144
vt 0.5733652114868164 0.005411745049059391
vt 0.5490085482597351 0.0024076367262750864
vt 0.5245338082313538 0.0006022718735039234
vt 0.5 0
vt 0.47546616196632385 0.0006022718735039234
vt 0.4509914219379425 0.0024076367262750864
vt 0.4266347587108612 0.005411745049059391
vt 0.40245485305786133 0.009607359766960144
vt 0.37850990891456604 0.0149843730032444
vt 0.3548576533794403 0.02152983285486698
vt 0.3315550684928894 0.02922796830534935
vt 0.30865827202796936 0.03806023299694061
vt 0.2862224578857422 0.0480053536593914
vt 0.2643016278743744 0.059039369225502014
vt 0.24294862151145935 0.07113569229841232
vt 0.22221487760543823 0.08426519483327866
vt 0.2021503448486328 0.09839623421430588
vt 0.18280336260795593 0.11349477618932724
vt 0.16422052681446075 0.12952443957328796
vt 0.1464466154575348 0.1464466154575348
vt 0.12952443957328796 0.16422052681446075
vt 0.11349477618932724 0.18280336260795593
vt 0.09839623421430588 0.2021503448486328
vt 0.08426519483327866 0.22221487760543823
vt 0.07113569229841232 0.24294862151145935
vt 0.059039369225502014 0.2643016278743744
vt 0.0480053536593914 0.2862224578857422
vt 0.03806023299694061 0.30865827202796936
vt 0.02922796830534935 0.3315550684928894
vt 0.02152983285486698 0.3548576533794403
vt 0.0149843730032444 0.37850990891456604
vt 0.009607359766960144 0.40245485305786133
vt 0.005411745049059391 0.4266347587108612
vt 0.0024076367262750864 0.4509914219379425
vt 0.0006022718735039234 0.47546616196632385
vt 0 0.5
vn -1 0 2.220446049250313e-16
vn -0.9987954561043197 0 0.049067676380319336
vn -0.9951847265167456 0 0.09801714190788444
vn -0.9891765109873396 0 0.14673046756183186
vn -0.9807852789517081 0 0.19509032931342343
vn -0.9700312531471215 0 0.24298018009258526
vn -0.9569403410180506 0 0.29028465982937635
vn -0.9415440610817746 0 0.3368898648544356
vn -0.9238795305660376 0 0.3826834370613371
vn -0.9039893006851069 0 0.42755507744248755
vn -0.8819212672618789 0 0.47139673137517807
vn -0.857728601852688 0 0.5141027577866444
vn -0.8314696016585883 0 0.5555702489494092
vn -0.8032075234449986 0 0.5956993153272478
vn -0.7730104496547074 0 0.6343932886818926
vn -0.7409511127129602 0 0.6715589687953144
vn -0.7071067811865475 0 0.7071067811865477
vn -0.6715589687953142 0 0.7409511127129604
vn -0.6343932886818922 0 0.7730104496547077
vn -0.5956993153272474 0 0.8032075234449988
vn -0.5555702489494088 0 0.8314696016585885
vn -0.5141027577866439 0 0.8577286018526882
vn -0.4713967313751776 0 0.8819212672618791
vn -0.4275550774424871 0 0.9039893006851071
vn -0.3826834370613367 0 0.9238795305660378
vn -0.3368898648544351 0 0.9415440610817746
vn -0.2902846598293759 0 0.9569403410180508
vn -0.24298018009258482 0 0.9700312531471215
vn -0.19509032931342302 0 0.9807852789517083
vn -0.14673046756183142 0 0.9891765109873396
vn -0.09801714190788399 0 0.9951847265167456
vn -0.04906767638031889 0 0.9987954561043197
vn 1.6081226229577292e-16 0 1
vn 0.049067676380319336 0 0.9987954561043197
vn 0.09801714190788444 0 0.9951847265167456
vn 0.14673046756183186 0 0.9891765109873396
vn 0.19509032931342343 0 0.9807852789517081
vn 0.24298018009258526 0 0.9700312531471215
vn 0.29028465982937635 0 0.9569403410180506
vn 0.3368898648544356 0 0.9415440610817746
vn 0.3826834370613371 0 0.9238795305660376
vn 0.42755507744248755 0 0.9039893006851069
vn 0.47139673137517807 0 0.8819212672618789
vn 0.5141027577866444 0 0.857728601852688
vn 0.5555702489494092 0 0.8314696016585883
vn 0.5956993153272478 0 0.8032075234449986
vn 0.6343932886818926 0 0.7730104496547074
vn 0.6715589687953144 0 0.7409511127129602
vn 0.7071067811865477 0 0.7071067811865475
vn 0.7409511127129604 0 0.6715589687953142
vn 0.7730104496547077 0 0.6343932886818922
vn 0.8032075234449988 0 0.5956993153272474
vn 0.8314696016585885 0 0.5555702489494088
vn 0.8577286018526882 0 0.5141027577866439
vn 0.8819212672618791 0 0.4713967313751776
vn 0.9039893006851071 0 0.4275550774424871
vn 0.9238795305660378 0 0.3826834370613367
vn 0.9415440610817746 0 0.3368898648544351
vn 0.9569403410180508 0 0.2902846598293759
vn 0.9700312531471215 0 0.24298018009258482
vn 0.9807852789517083 0 0.19509032931342302
vn 0.9891765109873396 0 0.14673046756183142
vn 0.9951847265167456 0 0.09801714190788399
vn 0.9987954561043197 0 0.04906767638031889
vn 1 0 -9.957991966651452e-17
vn -1 0 2.220446049250313e-16
vn -0.9987954561043197 0 0.049067676380319336
vn -0.9951847265167456 0 0.09801714190788444
vn -0.9891765109873396 0 0.14673046756183186
vn -0.9807852789517081 0 0.19509032931342343
vn -0.9700312531471215 0 0.24298018009258526
vn -0.9569403410180506 0 0.29028465982937635
vn -0.9415440610817746 0 0.3368898648544356
vn -0.9238795305660376 0 0.3826834370613371
vn -0.9039893006851069 0 0.42755507744248755
vn -0.8819212672618789 0 0.47139673137517807
vn -0.857728601852688 0 0.5141027577866444
vn -0.8314696016585883 0 0.5555702489494092
vn -0.8032075234449986 0 0.5956993153272478
vn -0.7730104496547074 0 0.6343932886818926
vn -0.7409511127129602 0 0.6715589687953144
vn -0.7071067811865475 0 0.7071067811865477
vn -0.6715589687953142 0 0.7409511127129604
vn -0.6343932886818922 0 0.7730104496547077
vn -0.5956993153272474 0 0.8032075234449988
vn -0.5555702489494088 0 0.8314696016585885
vn -0.5141027577866439 0 0.8577286018526882
vn -0.4713967313751776 0 0.8819212672618791
vn -0.4275550774424871 0 0.9039893006851071
vn -0.3826834370613367 0 0.9238795305660378
vn -0.3368898648544351 0 0.9415440610817746
vn -0.2902846598293759 0 0.9569403410180508
vn -0.24298018009258482 0 0.9700312531471215
vn -0.19509032931342302 0 0.9807852789517083
vn -0.14673046756183142 0 0.9891765109873396
vn -0.09801714190788399 0 0.9951847265167456
vn -0.04906767638031889 0 0.9987954561043197
vn 1.6081226229577292e-16 0 1
vn 0.049067676380319336 0 0.9987954561043197
vn 0.09801714190788444 0 0.9951847265167456
vn 0.14673046756183186 0 0.9891765109873396
vn 0.19509032931342343 0 0.9807852789517081
vn 0.24298018009258526 0 0.9700312531471215
vn 0.29028465982937635 0 0.9569403410180506
vn 0.3368898648544356 0 0.9415440610817746
vn 0.3826834370613371 0 0.9238795305660376
vn 0.42755507744248755 0 0.9039893006851069
vn 0.47139673137517807 0 0.8819212672618789
vn 0.5141027577866444 0 0.857728601852688
vn 0.5555702489494092 0 0.8314696016585883
vn 0.5956993153272478 0 0.8032075234449986
vn 0.6343932886818926 0 0.7730104496547074
vn 0.6715589687953144 0 0.7409511127129602
vn 0.7071067811865477 0 0.7071067811865475
vn 0.7409511127129604 0 0.6715589687953142
vn 0.7730104496547077 0 0.6343932886818922
vn 0.8032075234449988 0 0.5956993153272474
vn 0.8314696016585885 0 0.5555702489494088
vn 0.8577286018526882 0 0.5141027577866439
vn 0.8819212672618791 0 0.4713967313751776
vn 0.9039893006851071 0 0.4275550774424871
vn 0.9238795305660378 0 0.3826834370613367
vn 0.9415440610817746 0 0.3368898648544351
vn 0.9569403410180508 0 0.2902846598293759
vn 0.9700312531471215 0 0.24298018009258482
vn 0.9807852789517083 0 0.19509032931342302
vn 0.9891765109873396 0 0.14673046756183142
vn 0.9951847265167456 0 0.09801714190788399
vn 0.9987954561043197 0 0.04906767638031889
vn 1 0 -9.957991966651452e-17
vn 0 1 0
vn 0 1 0
vn 0 1 0
vn 0 1 0
vn 0 1 0
vn 0 1 0
vn 0 1 0
vn 0 1 0
vn 0 1 0
vn 0 1 0
vn 0 1 0
vn 0 1 0
vn 0 1 0
vn 0 1 0
vn 0 1 0
vn 0 1 0
vn 0 1 0
vn 0 1 0
vn 0 1 0
vn 0 1 0
vn 0 1 0
vn 0 1 0
vn 0 1 0
vn 0 1 0
vn 0 1 0
vn 0 1 0
vn 0 1 0
vn 0 1 0
vn 0 1 0
vn 0 1 0
vn 0 1 0
vn 0 1 0
vn 0 1 0
vn 0 1 0
vn 0 1 0
vn 0 1 0
vn 0 1 0
vn 0 1 0
vn 0 1 0
vn 0 1 0
vn 0 1 0
vn 0 1 0
vn 0 1 0
vn 0 1 0
vn 0 1 0
vn 0 1 0
vn 0 1 0
vn 0 1 0
vn 0 1 0
vn 0 1 0
vn 0 1 0
vn 0 1 0
vn 0 1 0
vn 0 1 0
vn 0 1 0
vn 0 1 0
vn 0 1 0
vn 0 1 0
vn 0 1 0
vn 0 1 0
vn 0 1 0
vn 0 1 0
vn 0 1 0
vn 0 1 0
vn 0 1 0
vn 0 1 0
vn 0 1 0
vn 0 1 0
vn 0 1 0
vn 0 1 0
vn 0 1 0
vn 0 1 0
vn 0 1 0
vn 0 1 0
vn 0 1 0
vn 0 1 0
vn 0 1 0
vn 0 1 0
vn 0 1 0
vn 0 1 0
vn 0 1 0
vn 0 1 0
vn 0 1 0
vn 0 1 0
vn 0 1 0
vn 0 1 0
vn 0 1 0
vn 0 1 0
vn 0 1 0
vn 0 1 0
vn 0 1 0
vn 0 1 0
vn 0 1 0
vn 0 1 0
vn 0 1 0
vn 0 1 0
vn 0 1 0
vn 0 1 0
vn 0 1 0
vn 0 1 0
vn 0 1 0
vn 0 1 0
vn 0 1 0
vn 0 1 0
vn 0 1 0
vn 0 1 0
vn 0 1 0
vn 0 1 0
vn 0 1 0
vn 0 1 0
vn 0 1 0
vn 0 1 0
vn 0 1 0
vn 0 1 0
vn 0 1 0
vn 0 1 0
vn 0 1 0
vn 0 1 0
vn 0 1 0
vn 0 1 0
vn 0 1 0
vn 0 1 0
vn 0 1 0
vn 0 1 0
vn 0 1 0
vn 0 1 0
vn 0 1 0
vn 0 1 0
vn 0 1 0
vn 0 -1 0
vn 0 -1 0
vn 0 -1 0
vn 0 -1 0
vn 0 -1 0
vn 0 -1 0
vn 0 -1 0
vn 0 -1 0
vn 0 -1 0
vn 0 -1 0
vn 0 -1 0
vn 0 -1 0
vn 0 -1 0
vn 0 -1 0
vn 0 -1 0
vn 0 -1 0
vn 0 -1 0
vn 0 -1 0
vn 0 -1 0
vn 0 -1 0
vn 0 -1 0
vn 0 -1 0
vn 0 -1 0
vn 0 -1 0
vn 0 -1 0
vn 0 -1 0
vn 0 -1 0
vn 0 -1 0
vn 0 -1 0
vn 0 -1 0
vn 0 -1 0
vn 0 -1 0
vn 0 -1 0
vn 0 -1 0
vn 0 -1 0
vn 0 -1 0
vn 0 -1 0
vn 0 -1 0
vn 0 -1 0
vn 0 -1 0
vn 0 -1 0
vn 0 -1 0
vn 0 -1 0
vn 0 -1 0
vn 0 -1 0
vn 0 -1 0
vn 0 -1 0
vn 0 -1 0
vn 0 -1 0
vn 0 -1 0
vn 0 -1 0
vn 0 -1 0
vn 0 -1 0
vn 0 -1 0
vn 0 -1 0
vn 0 -1 0
vn 0 -1 0
vn 0 -1 0
vn 0 -1 0
vn 0 -1 0
vn 0 -1 0
vn 0 -1 0
vn 0 -1 0
vn 0 -1 0
vn 0 -1 0
vn 0 -1 0
vn 0 -1 0
vn 0 -1 0
vn 0 -1 0
vn 0 -1 0
vn 0 -1 0
vn 0 -1 0
vn 0 -1 0
vn 0 -1 0
vn 0 -1 0
vn 0 -1 0
vn 0 -1 0
vn 0 -1 0
vn 0 -1 0
vn 0 -1 0
vn 0 -1 0
vn 0 -1 0
vn 0 -1 0
vn 0 -1 0
vn 0 -1 0
vn 0 -1 0
vn 0 -1 0
vn 0 -1 0
vn 0 -1 0
vn 0 -1 0
vn 0 -1 0
vn 0 -1 0
vn 0 -1 0
vn 0 -1 0
vn 0 -1 0
vn 0 -1 0
vn 0 -1 0
vn 0 -1 0
vn 0 -1 0
vn 0 -1 0
vn 0 -1 0
vn 0 -1 0
vn 0 -1 0
vn 0 -1 0
vn 0 -1 0
vn 0 -1 0
vn 0 -1 0
vn 0 -1 0
vn 0 -1 0
vn 0 -1 0
vn 0 -1 0
vn 0 -1 0
vn 0 -1 0
vn 0 -1 0
vn 0 -1 0
vn 0 -1 0
vn 0 -1 0
vn 0 -1 0
vn 0 -1 0
vn 0 -1 0
vn 0 -1 0
vn 0 -1 0
vn 0 -1 0
vn 0 -1 0
vn 0 -1 0
vn 0 -1 0
vn 0 -1 0
vn 0 -1 0
vn 0 -1 0
f 25/25/25 90/90/90 26/26/26
f 90/90/90 91/91/91 26/26/26
f 26/26/26 91/91/91 27/27/27
f 91/91/91 92/92/92 27/27/27
f 27/27/27 92/92/92 28/28/28
f 92/92/92 93/93/93 28/28/28
f 28/28/28 93/93/93 29/29/29
f 93/93/93 94/94/94 29/29/29
f 29/29/29 94/94/94 30/30/30
f 94/94/94 95/95/95 30/30/30
f 30/30/30 95/95/95 31/31/31
f 95/95/95 96/96/96 31/31/31
f 31/31/31 96/96/96 32/32/32
f 96/96/96 97/97/97 32/32/32
f 32/32/32 97/97/97 33/33/33
f 97/97/97 98/98/98 33/33/33
f 33/33/33 98/98/98 34/34/34
f 98/98/98 99/99/99 34/34/34
f 34/34/34 99/99/99 35/35/35
f 99/99/99 100/100/100 35/35/35
f 35/35/35 100/100/100 36/36/36
f 100/100/100 101/101/101 36/36/36
f 36/36/36 101/101/101 37/37/37
f 101/101/101 102/102/102 37/37/37
f 37/37/37 102/102/102 38/38/38
f 102/102/102 103/103/103 38/38/38
f 38/38/38 103/103/103 39/39/39
f 103/103/103 104/104/104 39/39/39
f 39/39/39 104/104/104 40/40/40
f 104/104/104 105/105/105 40/40/40
f 40/40/40 105/105/105 41/41/41
f 105/105/105 106/106/106 41/41/41
f 41/41/41 106/106/106 42/42/42
f 106/106/106 107/107/107 42/42/42
f 42/42/42 107/107/107 43/43/43
f 107/107/107 108/108/108 43/43/43
f 43/43/43 108/108/108 44/44/44
f 108/108/108 109/109/109 44/44/44
f 44/44/44 109/109/109 45/45/45
f 109/109/109 110/110/110 45/45/45
f 45/45/45 110/110/110 46/46/46
f 110/110/110 111/111/111 46/46/46
f 46/46/46 111/111/111 47/47/47
f 111/111/111 112/112/112 47/47/47
f 47/47/47 112/112/112 48/48/48
f 112/112/112 113/113/113 48/48/48
f 48/48/48 113/113/113 49/49/49
f 113/113/113 114/114/114 49/49/49
f 49/49/49 114/114/114 50/50/50
f 114/114/114 115/115/115 50/50/50
f 50/50/50 115/115/115 51/51/51
f 115/115/115 116/116/116 51/51/51
f 51/51/51 116/116/116 52/52/52
f 116/116/116 117/117/117 52/52/52
f 52/52/52 117/117/117 53/53/53
f 117/117/117 118/118/118 53/53/53
f 53/53/53 118/118/118 54/54/54
f 118/118/118 119/119/119 54/54/54
f 54/54/54 119/119/119 55/55/55
f 119/119/119 120/120/120 55/55/55
f 55/55/55 120/120/120 56/56/56
f 120/120/120 121/121/121 56/56/56
f 56/56/56 121/121/121 57/57/57
f 121/121/121 122/122/122 57/57/57
f 57/57/57 122/122/122 58/58/58
f 122/122/122 123/123/123 58/58/58
f 58/58/58 123/123/123 59/59/59
f 123/123/123 124/124/124 59/59/59
f 59/59/59 124/124/124 60/60/60
f 124/124/124 125/125/125 60/60/60
f 60/60/60 125/125/125 61/61/61
f 125/125/125 126/126/126 61/61/61
f 61/61/61 126/126/126 62/62/62
f 126/126/126 127/127/127 62/62/62
f 62/62/62 127/127/127 63/63/63
f 127/127/127 128/128/128 63/63/63
f 63/63/63 128/128/128 64/64/64
f 128/128/128 129/129/129 64/64/64
f 64/64/64 129/129/129 65/65/65
f 129/129/129 130/130/130 65/65/65
f 65/65/65 130/130/130 66/66/66
f 130/130/130 131/131/131 66/66/66
f 66/66/66 131/131/131 67/67/67
f 131/131/131 132/132/132 67/67/67
f 67/67/67 132/132/132 68/68/68
f 132/132/132 133/133/133 68/68/68
f 68/68/68 133/133/133 69/69/69
f 133/133/133 134/134/134 69/69/69
f 69/69/69 134/134/134 70/70/70
f 134/134/134 135/135/135 70/70/70
f 70/70/70 135/135/135 71/71/71
f 135/135/135 136/136/136 71/71/71
f 71/71/71 136/136/136 72/72/72
f 136/136/136 137/137/137 72/72/72
f 72/72/72 137/137/137 73/73/73
f 137/137/137 138/138/138 73/73/73
f 73/73/73 138/138/138 74/74/74
f 138/138/138 139/139/139 74/74/74
f 74/74/74 139/139/139 75/75/75
f 139/139/139 140/140/140 75/75/75
f 75/75/75 140/140/140 76/76/76
f 140/140/140 141/141/141 76/76/76
f 76/76/76 141/141/141 77/77/77
f 141/141/141 142/142/142 77/77/77
f 77/77/77 142/142/142 78/78/78
f 142/142/142 143/143/143 78/78/78
f 78/78/78 143/143/143 79/79/79
f 143/143/143 144/144/144 79/79/79
f 79/79/79 144/144/144 80/80/80
f 144/144/144 145/145/145 80/80/80
f 80/80/80 145/145/145 81/81/81
f 145/145/145 146/146/146 81/81/81
f 81/81/81 146/146/146 82/82/82
f 146/146/146 147/147/147 82/82/82
f 82/82/82 147/147/147 83/83/83
f 147/147/147 148/148/148 83/83/83
f 83/83/83 148/148/148 84/84/84
f 148/148/148 149/149/149 84/84/84
f 84/84/84 149/149/149 85/85/85
f 149/149/149 150/150/150 85/85/85
f 85/85/85 150/150/150 86/86/86
f 150/150/150 151/151/151 86/86/86
f 86/86/86 151/151/151 87/87/87
f 151/151/151 152/152/152 87/87/87
f 87/87/87 152/152/152 88/88/88
f 152/152/152 153/153/153 88/88/88
f 88/88/88 153/153/153 89/89/89
f 153/153/153 154/154/154 89/89/89
f 219/219/219 220/220/220 155/155/155
f 220/220/220 221/221/221 156/156/156
f 221/221/221 222/222/222 157/157/157
f 222/222/222 223/223/223 158/158/158
f 223/223/223 224/224/224 159/159/159
f 224/224/224 225/225/225 160/160/160
f 225/225/225 226/226/226 161/161/161
f 226/226/226 227/227/227 162/162/162
f 227/227/227 228/228/228 163/163/163
f 228/228/228 229/229/229 164/164/164
f 229/229/229 230/230/230 165/165/165
f 230/230/230 231/231/231 166/166/166
f 231/231/231 232/232/232 167/167/167
f 232/232/232 233/233/233 168/168/168
f 233/233/233 234/234/234 169/169/169
f 234/234/234 235/235/235 170/170/170
f 235/235/235 236/236/236 171/171/171
f 236/236/236 237/237/237 172/172/172
f 237/237/237 238/238/238 173/173/173
f 238/238/238 239/239/239 174/174/174
f 239/239/239 240/240/240 175/175/175
f 240/240/240 241/241/241 176/176/176
f 241/241/241 242/242/242 177/177/177
f 242/242/242 243/243/243 178/178/178
f 243/243/243 244/244/244 179/179/179
f 244/244/244 245/245/245 180/180/180
f 245/245/245 246/246/246 181/181/181
f 246/246/246 247/247/247 182/182/182
f 247/247/247 248/248/248 183/183/183
f 248/248/248 249/249/249 184/184/184
f 249/249/249 250/250/250 185/185/185
f 250/250/250 251/251/251 186/186/186
f 251/251/251 252/252/252 187/187/187
f 252/252/252 253/253/253 188/188/188
f 253/253/253 254/254/254 189/189/189
f 254/254/254 255/255/255 190/190/190
f 255/255/255 256/256/256 191/191/191
f 256/256/256 257/257/257 192/192/192
f 257/257/257 258/258/258 193/193/193
f 258/258/258 259/259/259 194/194/194
f 259/259/259 260/260/260 195/195/195
f 260/260/260 261/261/261 196/196/196
f 261/261/261 262/262/262 197/197/197
f 262/262/262 263/263/263 198/198/198
f 263/263/263 264/264/264 199/199/199
f 264/264/264 265/265/265 200/200/200
f 265/265/265 266/266/266 201/201/201
f 266/266/266 267/267/267 202/202/202
f 267/267/267 268/268/268 203/203/203
f 268/268/268 269/269/269 204/204/204
f 269/269/269 270/270/270 205/205/205
f 270/270/270 271/271/271 206/206/206
f 271/271/271 272/272/272 207/207/207
f 272/272/272 273/273/273 208/208/208
f 273/273/273 274/274/274 209/209/209
f 274/274/274 275/275/275 210/210/210
f 275/275/275 276/276/276 211/211/211
f 276/276/276 277/277/277 212/212/212
f 277/277/277 278/278/278 213/213/213
f 278/278/278 279/279/279 214/214/214
f 279/279/279 280/280/280 215/215/215
f 280/280/280 281/281/281 216/216/216
f 281/281/281 282/282/282 217/217/217
f 282/282/282 283/283/283 218/218/218
f 349/349/349 348/348/348 284/284/284
f 350/350/350 349/349/349 285/285/285
f 351/351/351 350/350/350 286/286/286
f 352/352/352 351/351/351 287/287/287
f 353/353/353 352/352/352 288/288/288
f 354/354/354 353/353/353 289/289/289
f 355/355/355 354/354/354 290/290/290
f 356/356/356 355/355/355 291/291/291
f 357/357/357 356/356/356 292/292/292
f 358/358/358 357/357/357 293/293/293
f 359/359/359 358/358/358 294/294/294
f 360/360/360 359/359/359 295/295/295
f 361/361/361 360/360/360 296/296/296
f 362/362/362 361/361/361 297/297/297
f 363/363/363 362/362/362 298/298/298
f 364/364/364 363/363/363 299/299/299
f 365/365/365 364/364/364 300/300/300
f 366/366/366 365/365/365 301/301/301
f 367/367/367 366/366/366 302/302/302
f 368/368/368 367/367/367 303/303/303
f 369/369/369 368/368/368 304/304/304
f 370/370/370 369/369/369 305/305/305
f 371/371/371 370/370/370 306/306/306
f 372/372/372 371/371/371 307/307/307
f 373/373/373 372/372/372 308/308/308
f 374/374/374 373/373/373 309/309/309
f 375/375/375 374/374/374 310/310/310
f 376/376/376 375/375/375 311/311/311
f 377/377/377 376/376/376 312/312/312
f 378/378/378 377/377/377 313/313/313
f 379/379/379 378/378/378 314/314/314
f 380/380/380 379/379/379 315/315/315
f 381/381/381 380/380/380 316/316/316
f 382/382/382 381/381/381 317/317/317
f 383/383/383 382/382/382 318/318/318
f 384/384/384 383/383/383 319/319/319
f 385/385/385 384/384/384 320/320/320
f 386/386/386 385/385/385 321/321/321
f 387/387/387 386/386/386 322/322/322
f 388/388/388 387/387/387 323/323/323
f 389/389/389 388/388/388 324/324/324
f 390/390/390 389/389/389 325/325/325
f 391/391/391 390/390/390 326/326/326
f 392/392/392 391/391/391 327/327/327
f 393/393/393 392/392/392 328/328/328
f 394/394/394 393/393/393 329/329/329
f 395/395/395 394/394/394 330/330/330
f 396/396/396 395/395/395 331/331/331
f 397/397/397 396/396/396 332/332/332
f 398/398/398 397/397/397 333/333/333
f 399/399/399 398/398/398 334/334/334
f 400/400/400 399/399/399 335/335/335
f 401/401/401 400/400/400 336/336/336
f 402/402/402 401/401/401 337/337/337
f 403/403/403 402/402/402 338/338/338
f 404/404/404 403/403/403 339/339/339
f 405/405/405 404/404/404 340/340/340
f 406/406/406 405/405/405 341/341/341
f 407/407/407 406/406/406 342/342/342
f 408/408/408 407/407/407 343/343/343
f 409/409/409 408/408/408 344/344/344
f 410/410/410 409/409/409 345/345/345
f 411/411/411 410/410/410 346/346/346
f 412/412/412 411/411/411 347/347/347
o wall_north_1
usemtl wall_exterior
v 3 1.5900000166893005 -4.155000001341104
v 3 1.5900000166893005 -4.274999998658895
v 3 -1.6689300497141346e-8 -4.155000001341104
v 3 -1.6689300497141346e-8 -4.274999998658895
v -3 1.5900000166893005 -4.274999998658895
v -3 1.5900000166893005 -4.155000001341104
v -3 -1.6689300497141346e-8 -4.274999998658895
v -3 -1.6689300497141346e-8 -4.155000001341104
v -3 1.5900000166893005 -4.274999998658895
v 3 1.5900000166893005 -4.274999998658895
v -3 1.5900000166893005 -4.155000001341104
v 3 1.5900000166893005 -4.155000001341104
v -3 -1.6689300497141346e-8 -4.155000001341104
v 3 -1.6689300497141346e-8 -4.155000001341104
v -3 -1.6689300497141346e-8 -4.274999998658895
v 3 -1.6689300497141346e-8 -4.274999998658895
v -3 1.5900000166893005 -4.155000001341104
v 3 1.5900000166893005 -4.155000001341104
v -3 -1.6689300497141346e-8 -4.155000001341104
v 3 -1.6689300497141346e-8 -4.155000001341104
v 3 1.5900000166893005 -4.274999998658895
v -3 1.5900000166893005 -4.274999998658895
v 3 -1.6689300497141346e-8 -4.274999998658895
v -3 -1.6689300497141346e-8 -4.274999998658895
vt 0 1
vt 1 1
vt 0 0
vt 1 0
vt 0 1
vt 1 1
vt 0 0
vt 1 0
vt 0 1
vt 1 1
vt 0 0
vt 1 0
vt 0 1
vt 1 1
vt 0 0
vt 1 0
vt 0 1
vt 1 1
vt 0 0
vt 1 0
vt 0 1
vt 1 1
vt 0 0
vt 1 0
vn 1 0 0
vn 1 0 0
vn 1 0 0
vn 1 0 0
vn -1 0 0
vn -1 0 0
vn -1 0 0
vn -1 0 0
vn 0 1 0
vn 0 1 0
vn 0 1 0
vn 0 1 0
vn 0 -1 0
vn 0 -1 0
vn 0 -1 0
vn 0 -1 0
vn 0 0 1
vn 0 0 1
vn 0 0 1
vn 0 0 1
vn 0 0 -1
vn 0 0 -1
vn 0 0 -1
vn 0 0 -1
f 413/413/413 415/415/415 414/414/414
f 415/415/415 416/416/416 414/414/414
f 417/417/417 419/419/419 418/418/418
f 419/419/419 420/420/420 418/418/418
f 421/421/421 423/423/423 422/422/422
f 423/423/423 424/424/424 422/422/422
f 425/425/425 427/427/427 426/426/426
f 427/427/427 428/428/428 426/426/426
f 429/429/429 431/431/431 430/430/430
f 431/431/431 432/432/432 430/430/430
f 433/433/433 435/435/435 434/434/434
f 435/435/435 436/436/436 434/434/434
o wall_north_1_cap
usemtl wall_cap
v 3 1.6499999993294479 -4.155000001341104
v 3 1.6499999993294479 -4.274999998658895
v 3 1.5900000006705524 -4.155000001341104
v 3 1.5900000006705524 -4.274999998658895
v -3 1.6499999993294479 -4.274999998658895
v -3 1.6499999993294479 -4.155000001341104
v -3 1.5900000006705524 -4.274999998658895
v -3 1.5900000006705524 -4.155000001341104
v -3 1.6499999993294479 -4.274999998658895
v 3 1.6499999993294479 -4.274999998658895
v -3 1.6499999993294479 -4.155000001341104
v 3 1.6499999993294479 -4.155000001341104
v -3 1.5900000006705524 -4.155000001341104
v 3 1.5900000006705524 -4.155000001341104
v -3 1.5900000006705524 -4.274999998658895
v 3 1.5900000006705524 -4.274999998658895
v -3 1.6499999993294479 -4.155000001341104
v 3 1.6499999993294479 -4.155000001341104
v -3 1.5900000006705524 -4.155000001341104
v 3 1.5900000006705524 -4.155000001341104
v 3 1.6499999993294479 -4.274999998658895
v -3 1.6499999993294479 -4.274999998658895
v 3 1.5900000006705524 -4.274999998658895
v -3 1.5900000006705524 -4.274999998658895
vt 0 1
vt 1 1
vt 0 0
vt 1 0
vt 0 1
vt 1 1
vt 0 0
vt 1 0
vt 0 1
vt 1 1
vt 0 0
vt 1 0
vt 0 1
vt 1 1
vt 0 0
vt 1 0
vt 0 1
vt 1 1
vt 0 0
vt 1 0
vt 0 1
vt 1 1
vt 0 0
vt 1 0
vn 1 0 0
vn 1 0 0
vn 1 0 0
vn 1 0 0
vn -1 0 0
vn -1 0 0
vn -1 0 0
vn -1 0 0
vn 0 1 0
vn 0 1 0
vn 0 1 0
vn 0 1 0
vn 0 -1 0
vn 0 -1 0
vn 0 -1 0
vn 0 -1 0
vn 0 0 1
vn 0 0 1
vn 0 0 1
vn 0 0 1
vn 0 0 -1
vn 0 0 -1
vn 0 0 -1
vn 0 0 -1
f 437/437/437 439/439/439 438/438/438
f 439/439/439 440/440/440 438/438/438
f 441/441/441 443/443/443 442/442/442
f 443/443/443 444/444/444 442/442/442
f 445/445/445 447/447/447 446/446/446
f 447/447/447 448/448/448 446/446/446
f 449/449/449 451/451/451 450/450/450
f 451/451/451 452/452/452 450/450/450
f 453/453/453 455/455/455 454/454/454
f 455/455/455 456/456/456 454/454/454
f 457/457/457 459/459/459 458/458/458
f 459/459/459 460/460/460 458/458/458
o wall_south_1
usemtl wall_exterior
v 0.22000001430511484 1.5900000166893005 4.274999998658895
v 0.22000001430511484 1.5900000166893005 4.155000001341104
v 0.22000001430511484 -1.6689300497141346e-8 4.274999998658895
v 0.22000001430511484 -1.6689300497141346e-8 4.155000001341104
v -3.0000000143051144 1.5900000166893005 4.155000001341104
v -3.0000000143051144 1.5900000166893005 4.274999998658895
v -3.0000000143051144 -1.6689300497141346e-8 4.155000001341104
v -3.0000000143051144 -1.6689300497141346e-8 4.274999998658895
v -3.0000000143051144 1.5900000166893005 4.155000001341104
v 0.22000001430511484 1.5900000166893005 4.155000001341104
v -3.0000000143051144 1.5900000166893005 4.274999998658895
v 0.22000001430511484 1.5900000166893005 4.274999998658895
v -3.0000000143051144 -1.6689300497141346e-8 4.274999998658895
v 0.22000001430511484 -1.6689300497141346e-8 4.274999998658895
v -3.0000000143051144 -1.6689300497141346e-8 4.155000001341104
v 0.22000001430511484 -1.6689300497141346e-8 4.155000001341104
v -3.0000000143051144 1.5900000166893005 4.274999998658895
v 0.22000001430511484 1.5900000166893005 4.274999998658895
v -3.0000000143051144 -1.6689300497141346e-8 4.274999998658895
v 0.22000001430511484 -1.6689300497141346e-8 4.274999998658895
v 0.22000001430511484 1.5900000166893005 4.155000001341104
v -3.0000000143051144 1.5900000166893005 4.155000001341104
v 0.22000001430511484 -1.6689300497141346e-8 4.155000001341104
v -3.0000000143051144 -1.6689300497141346e-8 4.155000001341104
vt 0 1
vt 1 1
vt 0 0
vt 1 0
vt 0 1
vt 1 1
vt 0 0
vt 1 0
vt 0 1
vt 1 1
vt 0 0
vt 1 0
vt 0 1
vt 1 1
vt 0 0
vt 1 0
vt 0 1
vt 1 1
vt 0 0
vt 1 0
vt 0 1
vt 1 1
vt 0 0
vt 1 0
vn 1 0 0
vn 1 0 0
vn 1 0 0
vn 1 0 0
vn -1 0 0
vn -1 0 0
vn -1 0 0
vn -1 0 0
vn 0 1 0
vn 0 1 0
vn 0 1 0
vn 0 1 0
vn 0 -1 0
vn 0 -1 0
vn 0 -1 0
vn 0 -1 0
vn 0 0 1
vn 0 0 1
vn 0 0 1
vn 0 0 1
vn 0 0 -1
vn 0 0 -1
vn 0 0 -1
vn 0 0 -1
f 461/461/461 463/463/463 462/462/462
f 463/463/463 464/464/464 462/462/462
f 465/465/465 467/467/467 466/466/466
f 467/467/467 468/468/468 466/466/466
f 469/469/469 471/471/471 470/470/470
f 471/471/471 472/472/472 470/470/470
f 473/473/473 475/475/475 474/474/474
f 475/475/475 476/476/476 474/474/474
f 477/477/477 479/479/479 478/478/478
f 479/479/479 480/480/480 478/478/478
f 481/481/481 483/483/483 482/482/482
f 483/483/483 484/484/484 482/482/482
o wall_south_1_cap
usemtl wall_cap
v 0.22000001430511484 1.6499999993294479 4.274999998658895
v 0.22000001430511484 1.6499999993294479 4.155000001341104
v 0.22000001430511484 1.5900000006705524 4.274999998658895
v 0.22000001430511484 1.5900000006705524 4.155000001341104
v -3.0000000143051144 1.6499999993294479 4.155000001341104
v -3.0000000143051144 1.6499999993294479 4.274999998658895
v -3.0000000143051144 1.5900000006705524 4.155000001341104
v -3.0000000143051144 1.5900000006705524 4.274999998658895
v -3.0000000143051144 1.6499999993294479 4.155000001341104
v 0.22000001430511484 1.6499999993294479 4.155000001341104
v -3.0000000143051144 1.6499999993294479 4.274999998658895
v 0.22000001430511484 1.6499999993294479 4.274999998658895
v -3.0000000143051144 1.5900000006705524 4.274999998658895
v 0.22000001430511484 1.5900000006705524 4.274999998658895
v -3.0000000143051144 1.5900000006705524 4.155000001341104
v 0.22000001430511484 1.5900000006705524 4.155000001341104
v -3.0000000143051144 1.6499999993294479 4.274999998658895
v 0.22000001430511484 1.6499999993294479 4.274999998658895
v -3.0000000143051144 1.5900000006705524 4.274999998658895
v 0.22000001430511484 1.5900000006705524 4.274999998658895
v 0.22000001430511484 1.6499999993294479 4.155000001341104
v -3.0000000143051144 1.6499999993294479 4.155000001341104
v 0.22000001430511484 1.5900000006705524 4.155000001341104
v -3.0000000143051144 1.5900000006705524 4.155000001341104
vt 0 1
vt 1 1
vt 0 0
vt 1 0
vt 0 1
vt 1 1
vt 0 0
vt 1 0
vt 0 1
vt 1 1
vt 0 0
vt 1 0
vt 0 1
vt 1 1
vt 0 0
vt 1 0
vt 0 1
vt 1 1
vt 0 0
vt 1 0
vt 0 1
vt 1 1
vt 0 0
vt 1 0
vn 1 0 0
vn 1 0 0
vn 1 0 0
vn 1 0 0
vn -1 0 0
vn -1 0 0
vn -1 0 0
vn -1 0 0
vn 0 1 0
vn 0 1 0
vn 0 1 0
vn 0 1 0
vn 0 -1 0
vn 0 -1 0
vn 0 -1 0
vn 0 -1 0
vn 0 0 1
vn 0 0 1
vn 0 0 1
vn 0 0 1
vn 0 0 -1
vn 0 0 -1
vn 0 0 -1
vn 0 0 -1
f 485/485/485 487/487/487 486/486/486
f 487/487/487 488/488/488 486/486/486
f 489/489/489 491/491/491 490/490/490
f 491/491/491 492/492/492 490/490/490
f 493/493/493 495/495/495 494/494/494
f 495/495/495 496/496/496 494/494/494
f 497/497/497 499/499/499 498/498/498
f 499/499/499 500/500/500 498/498/498
f 501/501/501 503/503/503 502/502/502
f 503/503/503 504/504/504 502/502/502
f 505/505/505 507/507/507 506/506/506
f 507/507/507 508/508/508 506/506/506
o wall_south_2
usemtl wall_exterior
v 3.000000011920929 1.5900000166893005 4.274999998658895
v 3.000000011920929 1.5900000166893005 4.155000001341104
v 3.000000011920929 -1.6689300497141346e-8 4.274999998658895
v 3.000000011920929 -1.6689300497141346e-8 4.155000001341104
v 1.3999999880790712 1.5900000166893005 4.155000001341104
v 1.3999999880790712 1.5900000166893005 4.274999998658895
v 1.3999999880790712 -1.6689300497141346e-8 4.155000001341104
v 1.3999999880790712 -1.6689300497141346e-8 4.274999998658895
v 1.3999999880790712 1.5900000166893005 4.155000001341104
v 3.000000011920929 1.5900000166893005 4.155000001341104
v 1.3999999880790712 1.5900000166893005 4.274999998658895
v 3.000000011920929 1.5900000166893005 4.274999998658895
v 1.3999999880790712 -1.6689300497141346e-8 4.274999998658895
v 3.000000011920929 -1.6689300497141346e-8 4.274999998658895
v 1.3999999880790712 -1.6689300497141346e-8 4.155000001341104
v 3.000000011920929 -1.6689300497141346e-8 4.155000001341104
v 1.3999999880790712 1.5900000166893005 4.274999998658895
v 3.000000011920929 1.5900000166893005 4.274999998658895
v 1.3999999880790712 -1.6689300497141346e-8 4.274999998658895
v 3.000000011920929 -1.6689300497141346e-8 4.274999998658895
v 3.000000011920929 1.5900000166893005 4.155000001341104
v 1.3999999880790712 1.5900000166893005 4.155000001341104
v 3.000000011920929 -1.6689300497141346e-8 4.155000001341104
v 1.3999999880790712 -1.6689300497141346e-8 4.155000001341104
vt 0 1
vt 1 1
vt 0 0
vt 1 0
vt 0 1
vt 1 1
vt 0 0
vt 1 0
vt 0 1
vt 1 1
vt 0 0
vt 1 0
vt 0 1
vt 1 1
vt 0 0
vt 1 0
vt 0 1
vt 1 1
vt 0 0
vt 1 0
vt 0 1
vt 1 1
vt 0 0
vt 1 0
vn 1 0 0
vn 1 0 0
vn 1 0 0
vn 1 0 0
vn -1 0 0
vn -1 0 0
vn -1 0 0
vn -1 0 0
vn 0 1 0
vn 0 1 0
vn 0 1 0
vn 0 1 0
vn 0 -1 0
vn 0 -1 0
vn 0 -1 0
vn 0 -1 0
vn 0 0 1
vn 0 0 1
vn 0 0 1
vn 0 0 1
vn 0 0 -1
vn 0 0 -1
vn 0 0 -1
vn 0 0 -1
f 509/509/509 511/511/511 510/510/510
f 511/511/511 512/512/512 510/510/510
f 513/513/513 515/515/515 514/514/514
f 515/515/515 516/516/516 514/514/514
f 517/517/517 519/519/519 518/518/518
f 519/519/519 520/520/520 518/518/518
f 521/521/521 523/523/523 522/522/522
f 523/523/523 524/524/524 522/522/522
f 525/525/525 527/527/527 526/526/526
f 527/527/527 528/528/528 526/526/526
f 529/529/529 531/531/531 530/530/530
f 531/531/531 532/532/532 530/530/530
o wall_south_2_cap
usemtl wall_cap
v 3.000000011920929 1.6499999993294479 4.274999998658895
v 3.000000011920929 1.6499999993294479 4.155000001341104
v 3.000000011920929 1.5900000006705524 4.274999998658895
v 3.000000011920929 1.5900000006705524 4.155000001341104
v 1.3999999880790712 1.6499999993294479 4.155000001341104
v 1.3999999880790712 1.6499999993294479 4.274999998658895
v 1.3999999880790712 1.5900000006705524 4.155000001341104
v 1.3999999880790712 1.5900000006705524 4.274999998658895
v 1.3999999880790712 1.6499999993294479 4.155000001341104
v 3.000000011920929 1.6499999993294479 4.155000001341104
v 1.3999999880790712 1.6499999993294479 4.274999998658895
v 3.000000011920929 1.6499999993294479 4.274999998658895
v 1.3999999880790712 1.5900000006705524 4.274999998658895
v 3.000000011920929 1.5900000006705524 4.274999998658895
v 1.3999999880790712 1.5900000006705524 4.155000001341104
v 3.000000011920929 1.5900000006705524 4.155000001341104
v 1.3999999880790712 1.6499999993294479 4.274999998658895
v 3.000000011920929 1.6499999993294479 4.274999998658895
v 1.3999999880790712 1.5900000006705524 4.274999998658895
v 3.000000011920929 1.5900000006705524 4.274999998658895
v 3.000000011920929 1.6499999993294479 4.155000001341104
v 1.3999999880790712 1.6499999993294479 4.155000001341104
v 3.000000011920929 1.5900000006705524 4.155000001341104
v 1.3999999880790712 1.5900000006705524 4.155000001341104
vt 0 1
vt 1 1
vt 0 0
vt 1 0
vt 0 1
vt 1 1
vt 0 0
vt 1 0
vt 0 1
vt 1 1
vt 0 0
vt 1 0
vt 0 1
vt 1 1
vt 0 0
vt 1 0
vt 0 1
vt 1 1
vt 0 0
vt 1 0
vt 0 1
vt 1 1
vt 0 0
vt 1 0
vn 1 0 0
vn 1 0 0
vn 1 0 0
vn 1 0 0
vn -1 0 0
vn -1 0 0
vn -1 0 0
vn -1 0 0
vn 0 1 0
vn 0 1 0
vn 0 1 0
vn 0 1 0
vn 0 -1 0
vn 0 -1 0
vn 0 -1 0
vn 0 -1 0
vn 0 0 1
vn 0 0 1
vn 0 0 1
vn 0 0 1
vn 0 0 -1
vn 0 0 -1
vn 0 0 -1
vn 0 0 -1
f 533/533/533 535/535/535 534/534/534
f 535/535/535 536/536/536 534/534/534
f 537/537/537 539/539/539 538/538/538
f 539/539/539 540/540/540 538/538/538
f 541/541/541 543/543/543 542/542/542
f 543/543/543 544/544/544 542/542/542
f 545/545/545 547/547/547 546/546/546
f 547/547/547 548/548/548 546/546/546
f 549/549/549 551/551/551 550/550/550
f 551/551/551 552/552/552 550/550/550
f 553/553/553 555/555/555 554/554/554
f 555/555/555 556/556/556 554/554/554
o wall_south_door1
usemtl threshold
v 1.3999999737739564 0.029999999664723873 4.315000001490116
v 1.3999999737739564 0.029999999664723873 4.114999998509884
v 1.3999999737739564 3.3527612630646075e-10 4.315000001490116
v 1.3999999737739564 3.3527612630646075e-10 4.114999998509884
v 0.22000002622604375 0.029999999664723873 4.114999998509884
v 0.22000002622604375 0.029999999664723873 4.315000001490116
v 0.22000002622604375 3.3527612630646075e-10 4.114999998509884
v 0.22000002622604375 3.3527612630646075e-10 4.315000001490116
v 0.22000002622604375 0.029999999664723873 4.114999998509884
v 1.3999999737739564 0.029999999664723873 4.114999998509884
v 0.22000002622604375 0.029999999664723873 4.315000001490116
v 1.3999999737739564 0.029999999664723873 4.315000001490116
v 0.22000002622604375 3.3527612630646075e-10 4.315000001490116
v 1.3999999737739564 3.3527612630646075e-10 4.315000001490116
v 0.22000002622604375 3.3527612630646075e-10 4.114999998509884
v 1.3999999737739564 3.3527612630646075e-10 4.114999998509884
v 0.22000002622604375 0.029999999664723873 4.315000001490116
v 1.3999999737739564 0.029999999664723873 4.315000001490116
v 0.22000002622604375 3.3527612630646075e-10 4.315000001490116
v 1.3999999737739564 3.3527612630646075e-10 4.315000001490116
v 1.3999999737739564 0.029999999664723873 4.114999998509884
v 0.22000002622604375 0.029999999664723873 4.114999998509884
v 1.3999999737739564 3.3527612630646075e-10 4.114999998509884
v 0.22000002622604375 3.3527612630646075e-10 4.114999998509884
vt 0 1
vt 1 1
vt 0 0
vt 1 0
vt 0 1
vt 1 1
vt 0 0
vt 1 0
vt 0 1
vt 1 1
vt 0 0
vt 1 0
vt 0 1
vt 1 1
vt 0 0
vt 1 0
vt 0 1
vt 1 1
vt 0 0
vt 1 0
vt 0 1
vt 1 1
vt 0 0
vt 1 0
vn 1 0 0
vn 1 0 0
vn 1 0 0
vn 1 0 0
vn -1 0 0
vn -1 0 0
vn -1 0 0
vn -1 0 0
vn 0 1 0
vn 0 1 0
vn 0 1 0
vn 0 1 0
vn 0 -1 0
vn 0 -1 0
vn 0 -1 0
vn 0 -1 0
vn 0 0 1
vn 0 0 1
vn 0 0 1
vn 0 0 1
vn 0 0 -1
vn 0 0 -1
vn 0 0 -1
vn 0 0 -1
f 557/557/557 559/559/559 558/558/558
f 559/559/559 560/560/560 558/558/558
f 561/561/561 563/563/563 562/562/562
f 563/563/563 564/564/564 562/562/562
f 565/565/565 567/567/567 566/566/566
f 567/567/567 568/568/568 566/566/566
f 569/569/569 571/571/571 570/570/570
f 571/571/571 572/572/572 570/570/570
f 573/573/573 575/575/575 574/574/574
f 575/575/575 576/576/576 574/574/574
f 577/577/577 579/579/579 578/578/578
f 579/579/579 580/580/580 578/578/578
o wall_west_1
usemtl wall_exterior
v -2.8800000013411045 1.5900000166893005 2.725
v -2.8800000013411045 1.5900000166893005 -4.275
v -2.8800000013411045 -1.6689300497141346e-8 2.725
v -2.8800000013411045 -1.6689300497141346e-8 -4.275
v -2.9999999986588954 1.5900000166893005 -4.275
v -2.9999999986588954 1.5900000166893005 2.725
v -2.9999999986588954 -1.6689300497141346e-8 -4.275
v -2.9999999986588954 -1.6689300497141346e-8 2.725
v -2.9999999986588954 1.5900000166893005 -4.275
v -2.8800000013411045 1.5900000166893005 -4.275
v -2.9999999986588954 1.5900000166893005 2.725
v -2.8800000013411045 1.5900000166893005 2.725
v -2.9999999986588954 -1.6689300497141346e-8 2.725
v -2.8800000013411045 -1.6689300497141346e-8 2.725
v -2.9999999986588954 -1.6689300497141346e-8 -4.275
v -2.8800000013411045 -1.6689300497141346e-8 -4.275
v -2.9999999986588954 1.5900000166893005 2.725
v -2.8800000013411045 1.5900000166893005 2.725
v -2.9999999986588954 -1.6689300497141346e-8 2.725
v -2.8800000013411045 -1.6689300497141346e-8 2.725
v -2.8800000013411045 1.5900000166893005 -4.275
v -2.9999999986588954 1.5900000166893005 -4.275
v -2.8800000013411045 -1.6689300497141346e-8 -4.275
v -2.9999999986588954 -1.6689300497141346e-8 -4.275
vt 0 1
vt 1 1
vt 0 0
vt 1 0
vt 0 1
vt 1 1
vt 0 0
vt 1 0
vt 0 1
vt 1 1
vt 0 0
vt 1 0
vt 0 1
vt 1 1
vt 0 0
vt 1 0
vt 0 1
vt 1 1
vt 0 0
vt 1 0
vt 0 1
vt 1 1
vt 0 0
vt 1 0
vn 1 0 0
vn 1 0 0
vn 1 0 0
vn 1 0 0
vn -1 0 0
vn -1 0 0
vn -1 0 0
vn -1 0 0
vn 0 1 0
vn 0 1 0
vn 0 1 0
vn 0 1 0
vn 0 -1 0
vn 0 -1 0
vn 0 -1 0
vn 0 -1 0
vn 0 0 1
vn 0 0 1
vn 0 0 1
vn 0 0 1
vn 0 0 -1
vn 0 0 -1
vn 0 0 -1
vn 0 0 -1
f 581/581/581 583/583/583 582/582/582
f 583/583/583 584/584/584 582/582/582
f 585/585/585 587/587/587 586/586/586
f 587/587/587 588/588/588 586/586/586
f 589/589/589 591/591/591 590/590/590
f 591/591/591 592/592/592 590/590/590
f 593/593/593 595/595/595 594/594/594
f 595/595/595 596/596/596 594/594/594
f 597/597/597 599/599/599 598/598/598
f 599/599/599 600/600/600 598/598/598
f 601/601/601 603/603/603 602/602/602
f 603/603/603 604/604/604 602/602/602
o wall_west_1_cap
usemtl wall_cap
v -2.8800000013411045 1.6499999993294479 2.725
v -2.8800000013411045 1.6499999993294479 -4.275
v -2.8800000013411045 1.5900000006705524 2.725
v -2.8800000013411045 1.5900000006705524 -4.275
v -2.9999999986588954 1.6499999993294479 -4.275
v -2.9999999986588954 1.6499999993294479 2.725
v -2.9999999986588954 1.5900000006705524 -4.275
v -2.9999999986588954 1.5900000006705524 2.725
v -2.9999999986588954 1.6499999993294479 -4.275
v -2.8800000013411045 1.6499999993294479 -4.275
v -2.9999999986588954 1.6499999993294479 2.725
v -2.8800000013411045 1.6499999993294479 2.725
v -2.9999999986588954 1.5900000006705524 2.725
v -2.8800000013411045 1.5900000006705524 2.725
v -2.9999999986588954 1.5900000006705524 -4.275
v -2.8800000013411045 1.5900000006705524 -4.275
v -2.9999999986588954 1.6499999993294479 2.725
v -2.8800000013411045 1.6499999993294479 2.725
v -2.9999999986588954 1.5900000006705524 2.725
v -2.8800000013411045 1.5900000006705524 2.725
v -2.8800000013411045 1.6499999993294479 -4.275
v -2.9999999986588954 1.6499999993294479 -4.275
v -2.8800000013411045 1.5900000006705524 -4.275
v -2.9999999986588954 1.5900000006705524 -4.275
vt 0 1
vt 1 1
vt 0 0
vt 1 0
vt 0 1
vt 1 1
vt 0 0
vt 1 0
vt 0 1
vt 1 1
vt 0 0
vt 1 0
vt 0 1
vt 1 1
vt 0 0
vt 1 0
vt 0 1
vt 1 1
vt 0 0
vt 1 0
vt 0 1
vt 1 1
vt 0 0
vt 1 0
vn 1 0 0
vn 1 0 0
vn 1 0 0
vn 1 0 0
vn -1 0 0
vn -1 0 0
vn -1 0 0
vn -1 0 0
vn 0 1 0
vn 0 1 0
vn 0 1 0
vn 0 1 0
vn 0 -1 0
vn 0 -1 0
vn 0 -1 0
vn 0 -1 0
vn 0 0 1
vn 0 0 1
vn 0 0 1
vn 0 0 1
vn 0 0 -1
vn 0 0 -1
vn 0 0 -1
vn 0 0 -1
f 605/605/605 607/607/607 606/606/606
f 607/607/607 608/608/608 606/606/606
f 609/609/609 611/611/611 610/610/610
f 611/611/611 612/612/612 610/610/610
f 613/613/613 615/615/615 614/614/614
f 615/615/615 616/616/616 614/614/614
f 617/617/617 619/619/619 618/618/618
f 619/619/619 620/620/620 618/618/618
f 621/621/621 623/623/623 622/622/622
f 623/623/623 624/624/624 622/622/622
f 625/625/625 627/627/627 626/626/626
f 627/627/627 628/628/628 626/626/626
o wall_west_2
usemtl wall_exterior
v -2.8800000013411045 1.5900000166893005 4.274999988079071
v -2.8800000013411045 1.5900000166893005 3.625000011920929
v -2.8800000013411045 -1.6689300497141346e-8 4.274999988079071
v -2.8800000013411045 -1.6689300497141346e-8 3.625000011920929
v -2.9999999986588954 1.5900000166893005 3.625000011920929
v -2.9999999986588954 1.5900000166893005 4.274999988079071
v -2.9999999986588954 -1.6689300497141346e-8 3.625000011920929
v -2.9999999986588954 -1.6689300497141346e-8 4.274999988079071
v -2.9999999986588954 1.5900000166893005 3.625000011920929
v -2.8800000013411045 1.5900000166893005 3.625000011920929
v -2.9999999986588954 1.5900000166893005 4.274999988079071
v -2.8800000013411045 1.5900000166893005 4.274999988079071
v -2.9999999986588954 -1.6689300497141346e-8 4.274999988079071
v -2.8800000013411045 -1.6689300497141346e-8 4.274999988079071
v -2.9999999986588954 -1.6689300497141346e-8 3.625000011920929
v -2.8800000013411045 -1.6689300497141346e-8 3.625000011920929
v -2.9999999986588954 1.5900000166893005 4.274999988079071
v -2.8800000013411045 1.5900000166893005 4.274999988079071
v -2.9999999986588954 -1.6689300497141346e-8 4.274999988079071
v -2.8800000013411045 -1.6689300497141346e-8 4.274999988079071
v -2.8800000013411045 1.5900000166893005 3.625000011920929
v -2.9999999986588954 1.5900000166893005 3.625000011920929
v -2.8800000013411045 -1.6689300497141346e-8 3.625000011920929
v -2.9999999986588954 -1.6689300497141346e-8 3.625000011920929
vt 0 1
vt 1 1
vt 0 0
vt 1 0
vt 0 1
vt 1 1
vt 0 0
vt 1 0
vt 0 1
vt 1 1
vt 0 0
vt 1 0
vt 0 1
vt 1 1
vt 0 0
vt 1 0
vt 0 1
vt 1 1
vt 0 0
vt 1 0
vt 0 1
vt 1 1
vt 0 0
vt 1 0
vn 1 0 0
vn 1 0 0
vn 1 0 0
vn 1 0 0
vn -1 0 0
vn -1 0 0
vn -1 0 0
vn -1 0 0
vn 0 1 0
vn 0 1 0
vn 0 1 0
vn 0 1 0
vn 0 -1 0
vn 0 -1 0
vn 0 -1 0
vn 0 -1 0
vn 0 0 1
vn 0 0 1
vn 0 0 1
vn 0 0 1
vn 0 0 -1
vn 0 0 -1
vn 0 0 -1
vn 0 0 -1
f 629/629/629 631/631/631 630/630/630
f 631/631/631 632/632/632 630/630/630
f 633/633/633 635/635/635 634/634/634
f 635/635/635 636/636/636 634/634/634
f 637/637/637 639/639/639 638/638/638
f 639/639/639 640/640/640 638/638/638
f 641/641/641 643/643/643 642/642/642
f 643/643/643 644/644/644 642/642/642
f 645/645/645 647/647/647 646/646/646
f 647/647/647 648/648/648 646/646/646
f 649/649/649 651/651/651 650/650/650
f 651/651/651 652/652/652 650/650/650
o wall_west_2_cap
usemtl wall_cap
v -2.8800000013411045 1.6499999993294479 4.274999988079071
v -2.8800000013411045 1.6499999993294479 3.625000011920929
v -2.8800000013411045 1.5900000006705524 4.274999988079071
v -2.8800000013411045 1.5900000006705524 3.625000011920929
v -2.9999999986588954 1.6499999993294479 3.625000011920929
v -2.9999999986588954 1.6499999993294479 4.274999988079071
v -2.9999999986588954 1.5900000006705524 3.625000011920929
v -2.9999999986588954 1.5900000006705524 4.274999988079071
v -2.9999999986588954 1.6499999993294479 3.625000011920929
v -2.8800000013411045 1.6499999993294479 3.625000011920929
v -2.9999999986588954 1.6499999993294479 4.274999988079071
v -2.8800000013411045 1.6499999993294479 4.274999988079071
v -2.9999999986588954 1.5900000006705524 4.274999988079071
v -2.8800000013411045 1.5900000006705524 4.274999988079071
v -2.9999999986588954 1.5900000006705524 3.625000011920929
v -2.8800000013411045 1.5900000006705524 3.625000011920929
v -2.9999999986588954 1.6499999993294479 4.274999988079071
v -2.8800000013411045 1.6499999993294479 4.274999988079071
v -2.9999999986588954 1.5900000006705524 4.274999988079071
v -2.8800000013411045 1.5900000006705524 4.274999988079071
v -2.8800000013411045 1.6499999993294479 3.625000011920929
v -2.9999999986588954 1.6499999993294479 3.625000011920929
v -2.8800000013411045 1.5900000006705524 3.625000011920929
v -2.9999999986588954 1.5900000006705524 3.625000011920929
vt 0 1
vt 1 1
vt 0 0
vt 1 0
vt 0 1
vt 1 1
vt 0 0
vt 1 0
vt 0 1
vt 1 1
vt 0 0
vt 1 0
vt 0 1
vt 1 1
vt 0 0
vt 1 0
vt 0 1
vt 1 1
vt 0 0
vt 1 0
vt 0 1
vt 1 1
vt 0 0
vt 1 0
vn 1 0 0
vn 1 0 0
vn 1 0 0
vn 1 0 0
vn -1 0 0
vn -1 0 0
vn -1 0 0
vn -1 0 0
vn 0 1 0
vn 0 1 0
vn 0 1 0
vn 0 1 0
vn 0 -1 0
vn 0 -1 0
vn 0 -1 0
vn 0 -1 0
vn 0 0 1
vn 0 0 1
vn 0 0 1
vn 0 0 1
vn 0 0 -1
vn 0 0 -1
vn 0 0 -1
vn 0 0 -1
f 653/653/653 655/655/655 654/654/654
f 655/655/655 656/656/656 654/654/654
f 657/657/657 659/659/659 658/658/658
f 659/659/659 660/660/660 658/658/658
f 661/661/661 663/663/663 662/662/662
f 663/663/663 664/664/664 662/662/662
f 665/665/665 667/667/667 666/666/666
f 667/667/667 668/668/668 666/666/666
f 669/669/669 671/671/671 670/670/670
f 671/671/671 672/672/672 670/670/670
f 673/673/673 675/675/675 674/674/674
f 675/675/675 676/676/676 674/674/674
o wall_west_door1
usemtl threshold
v -2.839999998509884 0.029999999664723873 3.624999988079071
v -2.839999998509884 0.029999999664723873 2.7250000119209288
v -2.839999998509884 3.3527612630646075e-10 3.624999988079071
v -2.839999998509884 3.3527612630646075e-10 2.7250000119209288
v -3.040000001490116 0.029999999664723873 2.7250000119209288
v -3.040000001490116 0.029999999664723873 3.624999988079071
v -3.040000001490116 3.3527612630646075e-10 2.7250000119209288
v -3.040000001490116 3.3527612630646075e-10 3.624999988079071
v -3.040000001490116 0.029999999664723873 2.7250000119209288
v -2.839999998509884 0.029999999664723873 2.7250000119209288
v -3.040000001490116 0.029999999664723873 3.624999988079071
v -2.839999998509884 0.029999999664723873 3.624999988079071
v -3.040000001490116 3.3527612630646075e-10 3.624999988079071
v -2.839999998509884 3.3527612630646075e-10 3.624999988079071
v -3.040000001490116 3.3527612630646075e-10 2.7250000119209288
v -2.839999998509884 3.3527612630646075e-10 2.7250000119209288
v -3.040000001490116 0.029999999664723873 3.624999988079071
v -2.839999998509884 0.029999999664723873 3.624999988079071
v -3.040000001490116 3.3527612630646075e-10 3.624999988079071
v -2.839999998509884 3.3527612630646075e-10 3.624999988079071
v -2.839999998509884 0.029999999664723873 2.7250000119209288
v -3.040000001490116 0.029999999664723873 2.7250000119209288
v -2.839999998509884 3.3527612630646075e-10 2.7250000119209288
v -3.040000001490116 3.3527612630646075e-10 2.7250000119209288
vt 0 1
vt 1 1
vt 0 0
vt 1 0
vt 0 1
vt 1 1
vt 0 0
vt 1 0
vt 0 1
vt 1 1
vt 0 0
vt 1 0
vt 0 1
vt 1 1
vt 0 0
vt 1 0
vt 0 1
vt 1 1
vt 0 0
vt 1 0
vt 0 1
vt 1 1
vt 0 0
vt 1 0
vn 1 0 0
vn 1 0 0
vn 1 0 0
vn 1 0 0
vn -1 0 0
vn -1 0 0
vn -1 0 0
vn -1 0 0
vn 0 1 0
vn 0 1 0
vn 0 1 0
vn 0 1 0
vn 0 -1 0
vn 0 -1 0
vn 0 -1 0
vn 0 -1 0
vn 0 0 1
vn 0 0 1
vn 0 0 1
vn 0 0 1
vn 0 0 -1
vn 0 0 -1
vn 0 0 -1
vn 0 0 -1
f 677/677/677 679/679/679 678/678/678
f 679/679/679 680/680/680 678/678/678
f 681/681/681 683/683/683 682/682/682
f 683/683/683 684/684/684 682/682/682
f 685/685/685 687/687/687 686/686/686
f 687/687/687 688/688/688 686/686/686
f 689/689/689 691/691/691 690/690/690
f 691/691/691 692/692/692 690/690/690
f 693/693/693 695/695/695 694/694/694
f 695/695/695 696/696/696 694/694/694
f 697/697/697 699/699/699 698/698/698
f 699/699/699 700/700/700 698/698/698
o wall_east_1
usemtl wall_exterior
v 2.9999999986588954 1.5900000166893005 4.275000095367432
v 2.9999999986588954 1.5900000166893005 -4.275000095367432
v 2.9999999986588954 -1.6689300497141346e-8 4.275000095367432
v 2.9999999986588954 -1.6689300497141346e-8 -4.275000095367432
v 2.8800000013411045 1.5900000166893005 -4.275000095367432
v 2.8800000013411045 1.5900000166893005 4.275000095367432
v 2.8800000013411045 -1.6689300497141346e-8 -4.275000095367432
v 2.8800000013411045 -1.6689300497141346e-8 4.275000095367432
v 2.8800000013411045 1.5900000166893005 -4.275000095367432
v 2.9999999986588954 1.5900000166893005 -4.275000095367432
v 2.8800000013411045 1.5900000166893005 4.275000095367432
v 2.9999999986588954 1.5900000166893005 4.275000095367432
v 2.8800000013411045 -1.6689300497141346e-8 4.275000095367432
v 2.9999999986588954 -1.6689300497141346e-8 4.275000095367432
v 2.8800000013411045 -1.6689300497141346e-8 -4.275000095367432
v 2.9999999986588954 -1.6689300497141346e-8 -4.275000095367432
v 2.8800000013411045 1.5900000166893005 4.275000095367432
v 2.9999999986588954 1.5900000166893005 4.275000095367432
v 2.8800000013411045 -1.6689300497141346e-8 4.275000095367432
v 2.9999999986588954 -1.6689300497141346e-8 4.275000095367432
v 2.9999999986588954 1.5900000166893005 -4.275000095367432
v 2.8800000013411045 1.5900000166893005 -4.275000095367432
v 2.9999999986588954 -1.6689300497141346e-8 -4.275000095367432
v 2.8800000013411045 -1.6689300497141346e-8 -4.275000095367432
vt 0 1
vt 1 1
vt 0 0
vt 1 0
vt 0 1
vt 1 1
vt 0 0
vt 1 0
vt 0 1
vt 1 1
vt 0 0
vt 1 0
vt 0 1
vt 1 1
vt 0 0
vt 1 0
vt 0 1
vt 1 1
vt 0 0
vt 1 0
vt 0 1
vt 1 1
vt 0 0
vt 1 0
vn 1 0 0
vn 1 0 0
vn 1 0 0
vn 1 0 0
vn -1 0 0
vn -1 0 0
vn -1 0 0
vn -1 0 0
vn 0 1 0
vn 0 1 0
vn 0 1 0
vn 0 1 0
vn 0 -1 0
vn 0 -1 0
vn 0 -1 0
vn 0 -1 0
vn 0 0 1
vn 0 0 1
vn 0 0 1
vn 0 0 1
vn 0 0 -1
vn 0 0 -1
vn 0 0 -1
vn 0 0 -1
f 701/701/701 703/703/703 702/702/702
f 703/703/703 704/704/704 702/702/702
f 705/705/705 707/707/707 706/706/706
f 707/707/707 708/708/708 706/706/706
f 709/709/709 711/711/711 710/710/710
f 711/711/711 712/712/712 710/710/710
f 713/713/713 715/715/715 714/714/714
f 715/715/715 716/716/716 714/714/714
f 717/717/717 719/719/719 718/718/718
f 719/719/719 720/720/720 718/718/718
f 721/721/721 723/723/723 722/722/722
f 723/723/723 724/724/724 722/722/722
o wall_east_1_cap
usemtl wall_cap
v 2.9999999986588954 1.6499999993294479 4.275000095367432
v 2.9999999986588954 1.6499999993294479 -4.275000095367432
v 2.9999999986588954 1.5900000006705524 4.275000095367432
v 2.9999999986588954 1.5900000006705524 -4.275000095367432
v 2.8800000013411045 1.6499999993294479 -4.275000095367432
v 2.8800000013411045 1.6499999993294479 4.275000095367432
v 2.8800000013411045 1.5900000006705524 -4.275000095367432
v 2.8800000013411045 1.5900000006705524 4.275000095367432
v 2.8800000013411045 1.6499999993294479 -4.275000095367432
v 2.9999999986588954 1.6499999993294479 -4.275000095367432
v 2.8800000013411045 1.6499999993294479 4.275000095367432
v 2.9999999986588954 1.6499999993294479 4.275000095367432
v 2.8800000013411045 1.5900000006705524 4.275000095367432
v 2.9999999986588954 1.5900000006705524 4.275000095367432
v 2.8800000013411045 1.5900000006705524 -4.275000095367432
v 2.9999999986588954 1.5900000006705524 -4.275000095367432
v 2.8800000013411045 1.6499999993294479 4.275000095367432
v 2.9999999986588954 1.6499999993294479 4.275000095367432
v 2.8800000013411045 1.5900000006705524 4.275000095367432
v 2.9999999986588954 1.5900000006705524 4.275000095367432
v 2.9999999986588954 1.6499999993294479 -4.275000095367432
v 2.8800000013411045 1.6499999993294479 -4.275000095367432
v 2.9999999986588954 1.5900000006705524 -4.275000095367432
v 2.8800000013411045 1.5900000006705524 -4.275000095367432
vt 0 1
vt 1 1
vt 0 0
vt 1 0
vt 0 1
vt 1 1
vt 0 0
vt 1 0
vt 0 1
vt 1 1
vt 0 0
vt 1 0
vt 0 1
vt 1 1
vt 0 0
vt 1 0
vt 0 1
vt 1 1
vt 0 0
vt 1 0
vt 0 1
vt 1 1
vt 0 0
vt 1 0
vn 1 0 0
vn 1 0 0
vn 1 0 0
vn 1 0 0
vn -1 0 0
vn -1 0 0
vn -1 0 0
vn -1 0 0
vn 0 1 0
vn 0 1 0
vn 0 1 0
vn 0 1 0
vn 0 -1 0
vn 0 -1 0
vn 0 -1 0
vn 0 -1 0
vn 0 0 1
vn 0 0 1
vn 0 0 1
vn 0 0 1
vn 0 0 -1
vn 0 0 -1
vn 0 0 -1
vn 0 0 -1
f 725/725/725 727/727/727 726/726/726
f 727/727/727 728/728/728 726/726/726
f 729/729/729 731/731/731 730/730/730
f 731/731/731 732/732/732 730/730/730
f 733/733/733 735/735/735 734/734/734
f 735/735/735 736/736/736 734/734/734
f 737/737/737 739/739/739 738/738/738
f 739/739/739 740/740/740 738/738/738
f 741/741/741 743/743/743 742/742/742
f 743/743/743 744/744/744 742/742/742
f 745/745/745 747/747/747 746/746/746
f 747/747/747 748/748/748 746/746/746
o entry_glass_l
usemtl glass
v 0.7999999916553497 1.5 4.274999999329448
v 0.7999999916553497 1.5 4.215000000670552
v 0.7999999916553497 0 4.274999999329448
v 0.7999999916553497 0 4.215000000670552
v 0.22000000834465028 1.5 4.215000000670552
v 0.22000000834465028 1.5 4.274999999329448
v 0.22000000834465028 0 4.215000000670552
v 0.22000000834465028 0 4.274999999329448
v 0.22000000834465028 1.5 4.215000000670552
v 0.7999999916553497 1.5 4.215000000670552
v 0.22000000834465028 1.5 4.274999999329448
v 0.7999999916553497 1.5 4.274999999329448
v 0.22000000834465028 0 4.274999999329448
v 0.7999999916553497 0 4.274999999329448
v 0.22000000834465028 0 4.215000000670552
v 0.7999999916553497 0 4.215000000670552
v 0.22000000834465028 1.5 4.274999999329448
v 0.7999999916553497 1.5 4.274999999329448
v 0.22000000834465028 0 4.274999999329448
v 0.7999999916553497 0 4.274999999329448
v 0.7999999916553497 1.5 4.215000000670552
v 0.22000000834465028 1.5 4.215000000670552
v 0.7999999916553497 0 4.215000000670552
v 0.22000000834465028 0 4.215000000670552
vt 0 1
vt 1 1
vt 0 0
vt 1 0
vt 0 1
vt 1 1
vt 0 0
vt 1 0
vt 0 1
vt 1 1
vt 0 0
vt 1 0
vt 0 1
vt 1 1
vt 0 0
vt 1 0
vt 0 1
vt 1 1
vt 0 0
vt 1 0
vt 0 1
vt 1 1
vt 0 0
vt 1 0
vn 1 0 0
vn 1 0 0
vn 1 0 0
vn 1 0 0
vn -1 0 0
vn -1 0 0
vn -1 0 0
vn -1 0 0
vn 0 1 0
vn 0 1 0
vn 0 1 0
vn 0 1 0
vn 0 -1 0
vn 0 -1 0
vn 0 -1 0
vn 0 -1 0
vn 0 0 1
vn 0 0 1
vn 0 0 1
vn 0 0 1
vn 0 0 -1
vn 0 0 -1
vn 0 0 -1
vn 0 0 -1
f 749/749/749 751/751/751 750/750/750
f 751/751/751 752/752/752 750/750/750
f 753/753/753 755/755/755 754/754/754
f 755/755/755 756/756/756 754/754/754
f 757/757/757 759/759/759 758/758/758
f 759/759/759 760/760/760 758/758/758
f 761/761/761 763/763/763 762/762/762
f 763/763/763 764/764/764 762/762/762
f 765/765/765 767/767/767 766/766/766
f 767/767/767 768/768/768 766/766/766
f 769/769/769 771/771/771 770/770/770
f 771/771/771 772/772/772 770/770/770
o entry_glass_r
usemtl glass
v 1.3999999916553498 1.5 4.274999999329448
v 1.3999999916553498 1.5 4.215000000670552
v 1.3999999916553498 0 4.274999999329448
v 1.3999999916553498 0 4.215000000670552
v 0.8200000083446504 1.5 4.215000000670552
v 0.8200000083446504 1.5 4.274999999329448
v 0.8200000083446504 0 4.215000000670552
v 0.8200000083446504 0 4.274999999329448
v 0.8200000083446504 1.5 4.215000000670552
v 1.3999999916553498 1.5 4.215000000670552
v 0.8200000083446504 1.5 4.274999999329448
v 1.3999999916553498 1.5 4.274999999329448
v 0.8200000083446504 0 4.274999999329448
v 1.3999999916553498 0 4.274999999329448
v 0.8200000083446504 0 4.215000000670552
v 1.3999999916553498 0 4.215000000670552
v 0.8200000083446504 1.5 4.274999999329448
v 1.3999999916553498 1.5 4.274999999329448
v 0.8200000083446504 0 4.274999999329448
v 1.3999999916553498 0 4.274999999329448
v 1.3999999916553498 1.5 4.215000000670552
v 0.8200000083446504 1.5 4.215000000670552
v 1.3999999916553498 0 4.215000000670552
v 0.8200000083446504 0 4.215000000670552
vt 0 1
vt 1 1
vt 0 0
vt 1 0
vt 0 1
vt 1 1
vt 0 0
vt 1 0
vt 0 1
vt 1 1
vt 0 0
vt 1 0
vt 0 1
vt 1 1
vt 0 0
vt 1 0
vt 0 1
vt 1 1
vt 0 0
vt 1 0
vt 0 1
vt 1 1
vt 0 0
vt 1 0
vn 1 0 0
vn 1 0 0
vn 1 0 0
vn 1 0 0
vn -1 0 0
vn -1 0 0
vn -1 0 0
vn -1 0 0
vn 0 1 0
vn 0 1 0
vn 0 1 0
vn 0 1 0
vn 0 -1 0
vn 0 -1 0
vn 0 -1 0
vn 0 -1 0
vn 0 0 1
vn 0 0 1
vn 0 0 1
vn 0 0 1
vn 0 0 -1
vn 0 0 -1
vn 0 0 -1
vn 0 0 -1
f 773/773/773 775/775/775 774/774/774
f 775/775/775 776/776/776 774/774/774
f 777/777/777 779/779/779 778/778/778
f 779/779/779 780/780/780 778/778/778
f 781/781/781 783/783/783 782/782/782
f 783/783/783 784/784/784 782/782/782
f 785/785/785 787/787/787 786/786/786
f 787/787/787 788/788/788 786/786/786
f 789/789/789 791/791/791 790/790/790
f 791/791/791 792/792/792 790/790/790
f 793/793/793 795/795/795 794/794/794
f 795/795/795 796/796/796 794/794/794
o entry_canopy
usemtl wall_cap
v 1.519999978542328 1.5799999993294478 4.724999995231628
v 1.519999978542328 1.5799999993294478 4.215000004768371
v 1.519999978542328 1.5200000006705523 4.724999995231628
v 1.519999978542328 1.5200000006705523 4.215000004768371
v 0.10000002145767217 1.5799999993294478 4.215000004768371
v 0.10000002145767217 1.5799999993294478 4.724999995231628
v 0.10000002145767217 1.5200000006705523 4.215000004768371
v 0.10000002145767217 1.5200000006705523 4.724999995231628
v 0.10000002145767217 1.5799999993294478 4.215000004768371
v 1.519999978542328 1.5799999993294478 4.215000004768371
v 0.10000002145767217 1.5799999993294478 4.724999995231628
v 1.519999978542328 1.5799999993294478 4.724999995231628
v 0.10000002145767217 1.5200000006705523 4.724999995231628
v 1.519999978542328 1.5200000006705523 4.724999995231628
v 0.10000002145767217 1.5200000006705523 4.215000004768371
v 1.519999978542328 1.5200000006705523 4.215000004768371
v 0.10000002145767217 1.5799999993294478 4.724999995231628
v 1.519999978542328 1.5799999993294478 4.724999995231628
v 0.10000002145767217 1.5200000006705523 4.724999995231628
v 1.519999978542328 1.5200000006705523 4.724999995231628
v 1.519999978542328 1.5799999993294478 4.215000004768371
v 0.10000002145767217 1.5799999993294478 4.215000004768371
v 1.519999978542328 1.5200000006705523 4.215000004768371
v 0.10000002145767217 1.5200000006705523 4.215000004768371
vt 0 1
vt 1 1
vt 0 0
vt 1 0
vt 0 1
vt 1 1
vt 0 0
vt 1 0
vt 0 1
vt 1 1
vt 0 0
vt 1 0
vt 0 1
vt 1 1
vt 0 0
vt 1 0
vt 0 1
vt 1 1
vt 0 0
vt 1 0
vt 0 1
vt 1 1
vt 0 0
vt 1 0
vn 1 0 0
vn 1 0 0
vn 1 0 0
vn 1 0 0
vn -1 0 0
vn -1 0 0
vn -1 0 0
vn -1 0 0
vn 0 1 0
vn 0 1 0
vn 0 1 0
vn 0 1 0
vn 0 -1 0
vn 0 -1 0
vn 0 -1 0
vn 0 -1 0
vn 0 0 1
vn 0 0 1
vn 0 0 1
vn 0 0 1
vn 0 0 -1
vn 0 0 -1
vn 0 0 -1
vn 0 0 -1
f 797/797/797 799/799/799 798/798/798
f 799/799/799 800/800/800 798/798/798
f 801/801/801 803/803/803 802/802/802
f 803/803/803 804/804/804 802/802/802
f 805/805/805 807/807/807 806/806/806
f 807/807/807 808/808/808 806/806/806
f 809/809/809 811/811/811 810/810/810
f 811/811/811 812/812/812 810/810/810
f 813/813/813 815/815/815 814/814/814
f 815/815/815 816/816/816 814/814/814
f 817/817/817 819/819/819 818/818/818
f 819/819/819 820/820/820 818/818/818
o part_lab_east_1
usemtl wall_partition
v 0.28999999910593033 1.5900000166893005 -2.375000011920929
v 0.28999999910593033 1.5900000166893005 -4.274999988079071
v 0.28999999910593033 -1.6689300497141346e-8 -2.375000011920929
v 0.28999999910593033 -1.6689300497141346e-8 -4.274999988079071
v 0.21000000089406967 1.5900000166893005 -4.274999988079071
v 0.21000000089406967 1.5900000166893005 -2.375000011920929
v 0.21000000089406967 -1.6689300497141346e-8 -4.274999988079071
v 0.21000000089406967 -1.6689300497141346e-8 -2.375000011920929
v 0.21000000089406967 1.5900000166893005 -4.274999988079071
v 0.28999999910593033 1.5900000166893005 -4.274999988079071
v 0.21000000089406967 1.5900000166893005 -2.375000011920929
v 0.28999999910593033 1.5900000166893005 -2.375000011920929
v 0.21000000089406967 -1.6689300497141346e-8 -2.375000011920929
v 0.28999999910593033 -1.6689300497141346e-8 -2.375000011920929
v 0.21000000089406967 -1.6689300497141346e-8 -4.274999988079071
v 0.28999999910593033 -1.6689300497141346e-8 -4.274999988079071
v 0.21000000089406967 1.5900000166893005 -2.375000011920929
v 0.28999999910593033 1.5900000166893005 -2.375000011920929
v 0.21000000089406967 -1.6689300497141346e-8 -2.375000011920929
v 0.28999999910593033 -1.6689300497141346e-8 -2.375000011920929
v 0.28999999910593033 1.5900000166893005 -4.274999988079071
v 0.21000000089406967 1.5900000166893005 -4.274999988079071
v 0.28999999910593033 -1.6689300497141346e-8 -4.274999988079071
v 0.21000000089406967 -1.6689300497141346e-8 -4.274999988079071
vt 0 1
vt 1 1
vt 0 0
vt 1 0
vt 0 1
vt 1 1
vt 0 0
vt 1 0
vt 0 1
vt 1 1
vt 0 0
vt 1 0
vt 0 1
vt 1 1
vt 0 0
vt 1 0
vt 0 1
vt 1 1
vt 0 0
vt 1 0
vt 0 1
vt 1 1
vt 0 0
vt 1 0
vn 1 0 0
vn 1 0 0
vn 1 0 0
vn 1 0 0
vn -1 0 0
vn -1 0 0
vn -1 0 0
vn -1 0 0
vn 0 1 0
vn 0 1 0
vn 0 1 0
vn 0 1 0
vn 0 -1 0
vn 0 -1 0
vn 0 -1 0
vn 0 -1 0
vn 0 0 1
vn 0 0 1
vn 0 0 1
vn 0 0 1
vn 0 0 -1
vn 0 0 -1
vn 0 0 -1
vn 0 0 -1
f 821/821/821 823/823/823 822/822/822
f 823/823/823 824/824/824 822/822/822
f 825/825/825 827/827/827 826/826/826
f 827/827/827 828/828/828 826/826/826
f 829/829/829 831/831/831 830/830/830
f 831/831/831 832/832/832 830/830/830
f 833/833/833 835/835/835 834/834/834
f 835/835/835 836/836/836 834/834/834
f 837/837/837 839/839/839 838/838/838
f 839/839/839 840/840/840 838/838/838
f 841/841/841 843/843/843 842/842/842
f 843/843/843 844/844/844 842/842/842
o part_lab_east_1_cap
usemtl wall_cap
v 0.28999999910593033 1.6499999993294479 -2.375000011920929
v 0.28999999910593033 1.6499999993294479 -4.274999988079071
v 0.28999999910593033 1.5900000006705524 -2.375000011920929
v 0.28999999910593033 1.5900000006705524 -4.274999988079071
v 0.21000000089406967 1.6499999993294479 -4.274999988079071
v 0.21000000089406967 1.6499999993294479 -2.375000011920929
v 0.21000000089406967 1.5900000006705524 -4.274999988079071
v 0.21000000089406967 1.5900000006705524 -2.375000011920929
v 0.21000000089406967 1.6499999993294479 -4.274999988079071
v 0.28999999910593033 1.6499999993294479 -4.274999988079071
v 0.21000000089406967 1.6499999993294479 -2.375000011920929
v 0.28999999910593033 1.6499999993294479 -2.375000011920929
v 0.21000000089406967 1.5900000006705524 -2.375000011920929
v 0.28999999910593033 1.5900000006705524 -2.375000011920929
v 0.21000000089406967 1.5900000006705524 -4.274999988079071
v 0.28999999910593033 1.5900000006705524 -4.274999988079071
v 0.21000000089406967 1.6499999993294479 -2.375000011920929
v 0.28999999910593033 1.6499999993294479 -2.375000011920929
v 0.21000000089406967 1.5900000006705524 -2.375000011920929
v 0.28999999910593033 1.5900000006705524 -2.375000011920929
v 0.28999999910593033 1.6499999993294479 -4.274999988079071
v 0.21000000089406967 1.6499999993294479 -4.274999988079071
v 0.28999999910593033 1.5900000006705524 -4.274999988079071
v 0.21000000089406967 1.5900000006705524 -4.274999988079071
vt 0 1
vt 1 1
vt 0 0
vt 1 0
vt 0 1
vt 1 1
vt 0 0
vt 1 0
vt 0 1
vt 1 1
vt 0 0
vt 1 0
vt 0 1
vt 1 1
vt 0 0
vt 1 0
vt 0 1
vt 1 1
vt 0 0
vt 1 0
vt 0 1
vt 1 1
vt 0 0
vt 1 0
vn 1 0 0
vn 1 0 0
vn 1 0 0
vn 1 0 0
vn -1 0 0
vn -1 0 0
vn -1 0 0
vn -1 0 0
vn 0 1 0
vn 0 1 0
vn 0 1 0
vn 0 1 0
vn 0 -1 0
vn 0 -1 0
vn 0 -1 0
vn 0 -1 0
vn 0 0 1
vn 0 0 1
vn 0 0 1
vn 0 0 1
vn 0 0 -1
vn 0 0 -1
vn 0 0 -1
vn 0 0 -1
f 845/845/845 847/847/847 846/846/846
f 847/847/847 848/848/848 846/846/846
f 849/849/849 851/851/851 850/850/850
f 851/851/851 852/852/852 850/850/850
f 853/853/853 855/855/855 854/854/854
f 855/855/855 856/856/856 854/854/854
f 857/857/857 859/859/859 858/858/858
f 859/859/859 860/860/860 858/858/858
f 861/861/861 863/863/863 862/862/862
f 863/863/863 864/864/864 862/862/862
f 865/865/865 867/867/867 866/866/866
f 867/867/867 868/868/868 866/866/866
o part_lab_east_2
usemtl wall_partition
v 0.28999999910593033 1.5900000166893005 0.525000023841858
v 0.28999999910593033 1.5900000166893005 -1.1750000238418579
v 0.28999999910593033 -1.6689300497141346e-8 0.525000023841858
v 0.28999999910593033 -1.6689300497141346e-8 -1.1750000238418579
v 0.21000000089406967 1.5900000166893005 -1.1750000238418579
v 0.21000000089406967 1.5900000166893005 0.525000023841858
v 0.21000000089406967 -1.6689300497141346e-8 -1.1750000238418579
v 0.21000000089406967 -1.6689300497141346e-8 0.525000023841858
v 0.21000000089406967 1.5900000166893005 -1.1750000238418579
v 0.28999999910593033 1.5900000166893005 -1.1750000238418579
v 0.21000000089406967 1.5900000166893005 0.525000023841858
v 0.28999999910593033 1.5900000166893005 0.525000023841858
v 0.21000000089406967 -1.6689300497141346e-8 0.525000023841858
v 0.28999999910593033 -1.6689300497141346e-8 0.525000023841858
v 0.21000000089406967 -1.6689300497141346e-8 -1.1750000238418579
v 0.28999999910593033 -1.6689300497141346e-8 -1.1750000238418579
v 0.21000000089406967 1.5900000166893005 0.525000023841858
v 0.28999999910593033 1.5900000166893005 0.525000023841858
v 0.21000000089406967 -1.6689300497141346e-8 0.525000023841858
v 0.28999999910593033 -1.6689300497141346e-8 0.525000023841858
v 0.28999999910593033 1.5900000166893005 -1.1750000238418579
v 0.21000000089406967 1.5900000166893005 -1.1750000238418579
v 0.28999999910593033 -1.6689300497141346e-8 -1.1750000238418579
v 0.21000000089406967 -1.6689300497141346e-8 -1.1750000238418579
vt 0 1
vt 1 1
vt 0 0
vt 1 0
vt 0 1
vt 1 1
vt 0 0
vt 1 0
vt 0 1
vt 1 1
vt 0 0
vt 1 0
vt 0 1
vt 1 1
vt 0 0
vt 1 0
vt 0 1
vt 1 1
vt 0 0
vt 1 0
vt 0 1
vt 1 1
vt 0 0
vt 1 0
vn 1 0 0
vn 1 0 0
vn 1 0 0
vn 1 0 0
vn -1 0 0
vn -1 0 0
vn -1 0 0
vn -1 0 0
vn 0 1 0
vn 0 1 0
vn 0 1 0
vn 0 1 0
vn 0 -1 0
vn 0 -1 0
vn 0 -1 0
vn 0 -1 0
vn 0 0 1
vn 0 0 1
vn 0 0 1
vn 0 0 1
vn 0 0 -1
vn 0 0 -1
vn 0 0 -1
vn 0 0 -1
f 869/869/869 871/871/871 870/870/870
f 871/871/871 872/872/872 870/870/870
f 873/873/873 875/875/875 874/874/874
f 875/875/875 876/876/876 874/874/874
f 877/877/877 879/879/879 878/878/878
f 879/879/879 880/880/880 878/878/878
f 881/881/881 883/883/883 882/882/882
f 883/883/883 884/884/884 882/882/882
f 885/885/885 887/887/887 886/886/886
f 887/887/887 888/888/888 886/886/886
f 889/889/889 891/891/891 890/890/890
f 891/891/891 892/892/892 890/890/890
o part_lab_east_2_cap
usemtl wall_cap
v 0.28999999910593033 1.6499999993294479 0.525000023841858
v 0.28999999910593033 1.6499999993294479 -1.1750000238418579
v 0.28999999910593033 1.5900000006705524 0.525000023841858
v 0.28999999910593033 1.5900000006705524 -1.1750000238418579
v 0.21000000089406967 1.6499999993294479 -1.1750000238418579
v 0.21000000089406967 1.6499999993294479 0.525000023841858
v 0.21000000089406967 1.5900000006705524 -1.1750000238418579
v 0.21000000089406967 1.5900000006705524 0.525000023841858
v 0.21000000089406967 1.6499999993294479 -1.1750000238418579
v 0.28999999910593033 1.6499999993294479 -1.1750000238418579
v 0.21000000089406967 1.6499999993294479 0.525000023841858
v 0.28999999910593033 1.6499999993294479 0.525000023841858
v 0.21000000089406967 1.5900000006705524 0.525000023841858
v 0.28999999910593033 1.5900000006705524 0.525000023841858
v 0.21000000089406967 1.5900000006705524 -1.1750000238418579
v 0.28999999910593033 1.5900000006705524 -1.1750000238418579
v 0.21000000089406967 1.6499999993294479 0.525000023841858
v 0.28999999910593033 1.6499999993294479 0.525000023841858
v 0.21000000089406967 1.5900000006705524 0.525000023841858
v 0.28999999910593033 1.5900000006705524 0.525000023841858
v 0.28999999910593033 1.6499999993294479 -1.1750000238418579
v 0.21000000089406967 1.6499999993294479 -1.1750000238418579
v 0.28999999910593033 1.5900000006705524 -1.1750000238418579
v 0.21000000089406967 1.5900000006705524 -1.1750000238418579
vt 0 1
vt 1 1
vt 0 0
vt 1 0
vt 0 1
vt 1 1
vt 0 0
vt 1 0
vt 0 1
vt 1 1
vt 0 0
vt 1 0
vt 0 1
vt 1 1
vt 0 0
vt 1 0
vt 0 1
vt 1 1
vt 0 0
vt 1 0
vt 0 1
vt 1 1
vt 0 0
vt 1 0
vn 1 0 0
vn 1 0 0
vn 1 0 0
vn 1 0 0
vn -1 0 0
vn -1 0 0
vn -1 0 0
vn -1 0 0
vn 0 1 0
vn 0 1 0
vn 0 1 0
vn 0 1 0
vn 0 -1 0
vn 0 -1 0
vn 0 -1 0
vn 0 -1 0
vn 0 0 1
vn 0 0 1
vn 0 0 1
vn 0 0 1
vn 0 0 -1
vn 0 0 -1
vn 0 0 -1
vn 0 0 -1
f 893/893/893 895/895/895 894/894/894
f 895/895/895 896/896/896 894/894/894
f 897/897/897 899/899/899 898/898/898
f 899/899/899 900/900/900 898/898/898
f 901/901/901 903/903/903 902/902/902
f 903/903/903 904/904/904 902/902/902
f 905/905/905 907/907/907 906/906/906
f 907/907/907 908/908/908 906/906/906
f 909/909/909 911/911/911 910/910/910
f 911/911/911 912/912/912 910/910/910
f 913/913/913 915/915/915 914/914/914
f 915/915/915 916/916/916 914/914/914
o part_lab_east_door1
usemtl threshold
v 0.32999999821186066 0.029999999664723873 -1.174999976158142
v 0.32999999821186066 0.029999999664723873 -2.375000023841858
v 0.32999999821186066 3.3527612630646075e-10 -1.174999976158142
v 0.32999999821186066 3.3527612630646075e-10 -2.375000023841858
v 0.17000000178813934 0.029999999664723873 -2.375000023841858
v 0.17000000178813934 0.029999999664723873 -1.174999976158142
v 0.17000000178813934 3.3527612630646075e-10 -2.375000023841858
v 0.17000000178813934 3.3527612630646075e-10 -1.174999976158142
v 0.17000000178813934 0.029999999664723873 -2.375000023841858
v 0.32999999821186066 0.029999999664723873 -2.375000023841858
v 0.17000000178813934 0.029999999664723873 -1.174999976158142
v 0.32999999821186066 0.029999999664723873 -1.174999976158142
v 0.17000000178813934 3.3527612630646075e-10 -1.174999976158142
v 0.32999999821186066 3.3527612630646075e-10 -1.174999976158142
v 0.17000000178813934 3.3527612630646075e-10 -2.375000023841858
v 0.32999999821186066 3.3527612630646075e-10 -2.375000023841858
v 0.17000000178813934 0.029999999664723873 -1.174999976158142
v 0.32999999821186066 0.029999999664723873 -1.174999976158142
v 0.17000000178813934 3.3527612630646075e-10 -1.174999976158142
v 0.32999999821186066 3.3527612630646075e-10 -1.174999976158142
v 0.32999999821186066 0.029999999664723873 -2.375000023841858
v 0.17000000178813934 0.029999999664723873 -2.375000023841858
v 0.32999999821186066 3.3527612630646075e-10 -2.375000023841858
v 0.17000000178813934 3.3527612630646075e-10 -2.375000023841858
vt 0 1
vt 1 1
vt 0 0
vt 1 0
vt 0 1
vt 1 1
vt 0 0
vt 1 0
vt 0 1
vt 1 1
vt 0 0
vt 1 0
vt 0 1
vt 1 1
vt 0 0
vt 1 0
vt 0 1
vt 1 1
vt 0 0
vt 1 0
vt 0 1
vt 1 1
vt 0 0
vt 1 0
vn 1 0 0
vn 1 0 0
vn 1 0 0
vn 1 0 0
vn -1 0 0
vn -1 0 0
vn -1 0 0
vn -1 0 0
vn 0 1 0
vn 0 1 0
vn 0 1 0
vn 0 1 0
vn 0 -1 0
vn 0 -1 0
vn 0 -1 0
vn 0 -1 0
vn 0 0 1
vn 0 0 1
vn 0 0 1
vn 0 0 1
vn 0 0 -1
vn 0 0 -1
vn 0 0 -1
vn 0 0 -1
f 917/917/917 919/919/919 918/918/918
f 919/919/919 920/920/920 918/918/918
f 921/921/921 923/923/923 922/922/922
f 923/923/923 924/924/924 922/922/922
f 925/925/925 927/927/927 926/926/926
f 927/927/927 928/928/928 926/926/926
f 929/929/929 931/931/931 930/930/930
f 931/931/931 932/932/932 930/930/930
f 933/933/933 935/935/935 934/934/934
f 935/935/935 936/936/936 934/934/934
f 937/937/937 939/939/939 938/938/938
f 939/939/939 940/940/940 938/938/938
o part_lab_south_1
usemtl wall_partition
v -2.5500000059604644 1.5900000166893005 0.5649999991059304
v -2.5500000059604644 1.5900000166893005 0.4850000008940697
v -2.5500000059604644 -1.6689300497141346e-8 0.5649999991059304
v -2.5500000059604644 -1.6689300497141346e-8 0.4850000008940697
v -2.9999999940395354 1.5900000166893005 0.4850000008940697
v -2.9999999940395354 1.5900000166893005 0.5649999991059304
v -2.9999999940395354 -1.6689300497141346e-8 0.4850000008940697
v -2.9999999940395354 -1.6689300497141346e-8 0.5649999991059304
v -2.9999999940395354 1.5900000166893005 0.4850000008940697
v -2.5500000059604644 1.5900000166893005 0.4850000008940697
v -2.9999999940395354 1.5900000166893005 0.5649999991059304
v -2.5500000059604644 1.5900000166893005 0.5649999991059304
v -2.9999999940395354 -1.6689300497141346e-8 0.5649999991059304
v -2.5500000059604644 -1.6689300497141346e-8 0.5649999991059304
v -2.9999999940395354 -1.6689300497141346e-8 0.4850000008940697
v -2.5500000059604644 -1.6689300497141346e-8 0.4850000008940697
v -2.9999999940395354 1.5900000166893005 0.5649999991059304
v -2.5500000059604644 1.5900000166893005 0.5649999991059304
v -2.9999999940395354 -1.6689300497141346e-8 0.5649999991059304
v -2.5500000059604644 -1.6689300497141346e-8 0.5649999991059304
v -2.5500000059604644 1.5900000166893005 0.4850000008940697
v -2.9999999940395354 1.5900000166893005 0.4850000008940697
v -2.5500000059604644 -1.6689300497141346e-8 0.4850000008940697
v -2.9999999940395354 -1.6689300497141346e-8 0.4850000008940697
vt 0 1
vt 1 1
vt 0 0
vt 1 0
vt 0 1
vt 1 1
vt 0 0
vt 1 0
vt 0 1
vt 1 1
vt 0 0
vt 1 0
vt 0 1
vt 1 1
vt 0 0
vt 1 0
vt 0 1
vt 1 1
vt 0 0
vt 1 0
vt 0 1
vt 1 1
vt 0 0
vt 1 0
vn 1 0 0
vn 1 0 0
vn 1 0 0
vn 1 0 0
vn -1 0 0
vn -1 0 0
vn -1 0 0
vn -1 0 0
vn 0 1 0
vn 0 1 0
vn 0 1 0
vn 0 1 0
vn 0 -1 0
vn 0 -1 0
vn 0 -1 0
vn 0 -1 0
vn 0 0 1
vn 0 0 1
vn 0 0 1
vn 0 0 1
vn 0 0 -1
vn 0 0 -1
vn 0 0 -1
vn 0 0 -1
f 941/941/941 943/943/943 942/942/942
f 943/943/943 944/944/944 942/942/942
f 945/945/945 947/947/947 946/946/946
f 947/947/947 948/948/948 946/946/946
f 949/949/949 951/951/951 950/950/950
f 951/951/951 952/952/952 950/950/950
f 953/953/953 955/955/955 954/954/954
f 955/955/955 956/956/956 954/954/954
f 957/957/957 959/959/959 958/958/958
f 959/959/959 960/960/960 958/958/958
f 961/961/961 963/963/963 962/962/962
f 963/963/963 964/964/964 962/962/962
o part_lab_south_1_cap
usemtl wall_cap
v -2.5500000059604644 1.6499999993294479 0.5649999991059304
v -2.5500000059604644 1.6499999993294479 0.4850000008940697
v -2.5500000059604644 1.5900000006705524 0.5649999991059304
v -2.5500000059604644 1.5900000006705524 0.4850000008940697
v -2.9999999940395354 1.6499999993294479 0.4850000008940697
v -2.9999999940395354 1.6499999993294479 0.5649999991059304
v -2.9999999940395354 1.5900000006705524 0.4850000008940697
v -2.9999999940395354 1.5900000006705524 0.5649999991059304
v -2.9999999940395354 1.6499999993294479 0.4850000008940697
v -2.5500000059604644 1.6499999993294479 0.4850000008940697
v -2.9999999940395354 1.6499999993294479 0.5649999991059304
v -2.5500000059604644 1.6499999993294479 0.5649999991059304
v -2.9999999940395354 1.5900000006705524 0.5649999991059304
v -2.5500000059604644 1.5900000006705524 0.5649999991059304
v -2.9999999940395354 1.5900000006705524 0.4850000008940697
v -2.5500000059604644 1.5900000006705524 0.4850000008940697
v -2.9999999940395354 1.6499999993294479 0.5649999991059304
v -2.5500000059604644 1.6499999993294479 0.5649999991059304
v -2.9999999940395354 1.5900000006705524 0.5649999991059304
v -2.5500000059604644 1.5900000006705524 0.5649999991059304
v -2.5500000059604644 1.6499999993294479 0.4850000008940697
v -2.9999999940395354 1.6499999993294479 0.4850000008940697
v -2.5500000059604644 1.5900000006705524 0.4850000008940697
v -2.9999999940395354 1.5900000006705524 0.4850000008940697
vt 0 1
vt 1 1
vt 0 0
vt 1 0
vt 0 1
vt 1 1
vt 0 0
vt 1 0
vt 0 1
vt 1 1
vt 0 0
vt 1 0
vt 0 1
vt 1 1
vt 0 0
vt 1 0
vt 0 1
vt 1 1
vt 0 0
vt 1 0
vt 0 1
vt 1 1
vt 0 0
vt 1 0
vn 1 0 0
vn 1 0 0
vn 1 0 0
vn 1 0 0
vn -1 0 0
vn -1 0 0
vn -1 0 0
vn -1 0 0
vn 0 1 0
vn 0 1 0
vn 0 1 0
vn 0 1 0
vn 0 -1 0
vn 0 -1 0
vn 0 -1 0
vn 0 -1 0
vn 0 0 1
vn 0 0 1
vn 0 0 1
vn 0 0 1
vn 0 0 -1
vn 0 0 -1
vn 0 0 -1
vn 0 0 -1
f 965/965/965 967/967/967 966/966/966
f 967/967/967 968/968/968 966/966/966
f 969/969/969 971/971/971 970/970/970
f 971/971/971 972/972/972 970/970/970
f 973/973/973 975/975/975 974/974/974
f 975/975/975 976/976/976 974/974/974
f 977/977/977 979/979/979 978/978/978
f 979/979/979 980/980/980 978/978/978
f 981/981/981 983/983/983 982/982/982
f 983/983/983 984/984/984 982/982/982
f 985/985/985 987/987/987 986/986/986
f 987/987/987 988/988/988 986/986/986
o part_lab_south_2
usemtl wall_partition
v 0.2499999880790711 1.5900000166893005 0.5649999991059304
v 0.2499999880790711 1.5900000166893005 0.4850000008940697
v 0.2499999880790711 -1.6689300497141346e-8 0.5649999991059304
v 0.2499999880790711 -1.6689300497141346e-8 0.4850000008940697
v -1.649999988079071 1.5900000166893005 0.4850000008940697
v -1.649999988079071 1.5900000166893005 0.5649999991059304
v -1.649999988079071 -1.6689300497141346e-8 0.4850000008940697
v -1.649999988079071 -1.6689300497141346e-8 0.5649999991059304
v -1.649999988079071 1.5900000166893005 0.4850000008940697
v 0.2499999880790711 1.5900000166893005 0.4850000008940697
v -1.649999988079071 1.5900000166893005 0.5649999991059304
v 0.2499999880790711 1.5900000166893005 0.5649999991059304
v -1.649999988079071 -1.6689300497141346e-8 0.5649999991059304
v 0.2499999880790711 -1.6689300497141346e-8 0.5649999991059304
v -1.649999988079071 -1.6689300497141346e-8 0.4850000008940697
v 0.2499999880790711 -1.6689300497141346e-8 0.4850000008940697
v -1.649999988079071 1.5900000166893005 0.5649999991059304
v 0.2499999880790711 1.5900000166893005 0.5649999991059304
v -1.649999988079071 -1.6689300497141346e-8 0.5649999991059304
v 0.2499999880790711 -1.6689300497141346e-8 0.5649999991059304
v 0.2499999880790711 1.5900000166893005 0.4850000008940697
v -1.649999988079071 1.5900000166893005 0.4850000008940697
v 0.2499999880790711 -1.6689300497141346e-8 0.4850000008940697
v -1.649999988079071 -1.6689300497141346e-8 0.4850000008940697
vt 0 1
vt 1 1
vt 0 0
vt 1 0
vt 0 1
vt 1 1
vt 0 0
vt 1 0
vt 0 1
vt 1 1
vt 0 0
vt 1 0
vt 0 1
vt 1 1
vt 0 0
vt 1 0
vt 0 1
vt 1 1
vt 0 0
vt 1 0
vt 0 1
vt 1 1
vt 0 0
vt 1 0
vn 1 0 0
vn 1 0 0
vn 1 0 0
vn 1 0 0
vn -1 0 0
vn -1 0 0
vn -1 0 0
vn -1 0 0
vn 0 1 0
vn 0 1 0
vn 0 1 0
vn 0 1 0
vn 0 -1 0
vn 0 -1 0
vn 0 -1 0
vn 0 -1 0
vn 0 0 1
vn 0 0 1
vn 0 0 1
vn 0 0 1
vn 0 0 -1
vn 0 0 -1
vn 0 0 -1
vn 0 0 -1
f 989/989/989 991/991/991 990/990/990
f 991/991/991 992/992/992 990/990/990
f 993/993/993 995/995/995 994/994/994
f 995/995/995 996/996/996 994/994/994
f 997/997/997 999/999/999 998/998/998
f 999/999/999 1000/1000/1000 998/998/998
f 1001/1001/1001 1003/1003/1003 1002/1002/1002
f 1003/1003/1003 1004/1004/1004 1002/1002/1002
f 1005/1005/1005 1007/1007/1007 1006/1006/1006
f 1007/1007/1007 1008/1008/1008 1006/1006/1006
f 1009/1009/1009 1011/1011/1011 1010/1010/1010
f 1011/1011/1011 1012/1012/1012 1010/1010/1010
o part_lab_south_2_cap
usemtl wall_cap
v 0.2499999880790711 1.6499999993294479 0.5649999991059304
v 0.2499999880790711 1.6499999993294479 0.4850000008940697
v 0.2499999880790711 1.5900000006705524 0.5649999991059304
v 0.2499999880790711 1.5900000006705524 0.4850000008940697
v -1.649999988079071 1.6499999993294479 0.4850000008940697
v -1.649999988079071 1.6499999993294479 0.5649999991059304
v -1.649999988079071 1.5900000006705524 0.4850000008940697
v -1.649999988079071 1.5900000006705524 0.5649999991059304
v -1.649999988079071 1.6499999993294479 0.4850000008940697
v 0.2499999880790711 1.6499999993294479 0.4850000008940697
v -1.649999988079071 1.6499999993294479 0.5649999991059304
v 0.2499999880790711 1.6499999993294479 0.5649999991059304
v -1.649999988079071 1.5900000006705524 0.5649999991059304
v 0.2499999880790711 1.5900000006705524 0.5649999991059304
v -1.649999988079071 1.5900000006705524 0.4850000008940697
v 0.2499999880790711 1.5900000006705524 0.4850000008940697
v -1.649999988079071 1.6499999993294479 0.5649999991059304
v 0.2499999880790711 1.6499999993294479 0.5649999991059304
v -1.649999988079071 1.5900000006705524 0.5649999991059304
v 0.2499999880790711 1.5900000006705524 0.5649999991059304
v 0.2499999880790711 1.6499999993294479 0.4850000008940697
v -1.649999988079071 1.6499999993294479 0.4850000008940697
v 0.2499999880790711 1.5900000006705524 0.4850000008940697
v -1.649999988079071 1.5900000006705524 0.4850000008940697
vt 0 1
vt 1 1
vt 0 0
vt 1 0
vt 0 1
vt 1 1
vt 0 0
vt 1 0
vt 0 1
vt 1 1
vt 0 0
vt 1 0
vt 0 1
vt 1 1
vt 0 0
vt 1 0
vt 0 1
vt 1 1
vt 0 0
vt 1 0
vt 0 1
vt 1 1
vt 0 0
vt 1 0
vn 1 0 0
vn 1 0 0
vn 1 0 0
vn 1 0 0
vn -1 0 0
vn -1 0 0
vn -1 0 0
vn -1 0 0
vn 0 1 0
vn 0 1 0
vn 0 1 0
vn 0 1 0
vn 0 -1 0
vn 0 -1 0
vn 0 -1 0
vn 0 -1 0
vn 0 0 1
vn 0 0 1
vn 0 0 1
vn 0 0 1
vn 0 0 -1
vn 0 0 -1
vn 0 0 -1
vn 0 0 -1
f 1013/1013/1013 1015/1015/1015 1014/1014/1014
f 1015/1015/1015 1016/1016/1016 1014/1014/1014
f 1017/1017/1017 1019/1019/1019 1018/1018/1018
f 1019/1019/1019 1020/1020/1020 1018/1018/1018
f 1021/1021/1021 1023/1023/1023 1022/1022/1022
f 1023/1023/1023 1024/1024/1024 1022/1022/1022
f 1025/1025/1025 1027/1027/1027 1026/1026/1026
f 1027/1027/1027 1028/1028/1028 1026/1026/1026
f 1029/1029/1029 1031/1031/1031 1030/1030/1030
f 1031/1031/1031 1032/1032/1032 1030/1030/1030
f 1033/1033/1033 1035/1035/1035 1034/1034/1034
f 1035/1035/1035 1036/1036/1036 1034/1034/1034
o part_lab_south_door1
usemtl threshold
v -1.650000011920929 0.029999999664723873 0.6049999982118607
v -1.650000011920929 0.029999999664723873 0.44500000178813937
v -1.650000011920929 3.3527612630646075e-10 0.6049999982118607
v -1.650000011920929 3.3527612630646075e-10 0.44500000178813937
v -2.549999988079071 0.029999999664723873 0.44500000178813937
v -2.549999988079071 0.029999999664723873 0.6049999982118607
v -2.549999988079071 3.3527612630646075e-10 0.44500000178813937
v -2.549999988079071 3.3527612630646075e-10 0.6049999982118607
v -2.549999988079071 0.029999999664723873 0.44500000178813937
v -1.650000011920929 0.029999999664723873 0.44500000178813937
v -2.549999988079071 0.029999999664723873 0.6049999982118607
v -1.650000011920929 0.029999999664723873 0.6049999982118607
v -2.549999988079071 3.3527612630646075e-10 0.6049999982118607
v -1.650000011920929 3.3527612630646075e-10 0.6049999982118607
v -2.549999988079071 3.3527612630646075e-10 0.44500000178813937
v -1.650000011920929 3.3527612630646075e-10 0.44500000178813937
v -2.549999988079071 0.029999999664723873 0.6049999982118607
v -1.650000011920929 0.029999999664723873 0.6049999982118607
v -2.549999988079071 3.3527612630646075e-10 0.6049999982118607
v -1.650000011920929 3.3527612630646075e-10 0.6049999982118607
v -1.650000011920929 0.029999999664723873 0.44500000178813937
v -2.549999988079071 0.029999999664723873 0.44500000178813937
v -1.650000011920929 3.3527612630646075e-10 0.44500000178813937
v -2.549999988079071 3.3527612630646075e-10 0.44500000178813937
vt 0 1
vt 1 1
vt 0 0
vt 1 0
vt 0 1
vt 1 1
vt 0 0
vt 1 0
vt 0 1
vt 1 1
vt 0 0
vt 1 0
vt 0 1
vt 1 1
vt 0 0
vt 1 0
vt 0 1
vt 1 1
vt 0 0
vt 1 0
vt 0 1
vt 1 1
vt 0 0
vt 1 0
vn 1 0 0
vn 1 0 0
vn 1 0 0
vn 1 0 0
vn -1 0 0
vn -1 0 0
vn -1 0 0
vn -1 0 0
vn 0 1 0
vn 0 1 0
vn 0 1 0
vn 0 1 0
vn 0 -1 0
vn 0 -1 0
vn 0 -1 0
vn 0 -1 0
vn 0 0 1
vn 0 0 1
vn 0 0 1
vn 0 0 1
vn 0 0 -1
vn 0 0 -1
vn 0 0 -1
vn 0 0 -1
f 1037/1037/1037 1039/1039/1039 1038/1038/1038
f 1039/1039/1039 1040/1040/1040 1038/1038/1038
f 1041/1041/1041 1043/1043/1043 1042/1042/1042
f 1043/1043/1043 1044/1044/1044 1042/1042/1042
f 1045/1045/1045 1047/1047/1047 1046/1046/1046
f 1047/1047/1047 1048/1048/1048 1046/1046/1046
f 1049/1049/1049 1051/1051/1051 1050/1050/1050
f 1051/1051/1051 1052/1052/1052 1050/1050/1050
f 1053/1053/1053 1055/1055/1055 1054/1054/1054
f 1055/1055/1055 1056/1056/1056 1054/1054/1054
f 1057/1057/1057 1059/1059/1059 1058/1058/1058
f 1059/1059/1059 1060/1060/1060 1058/1058/1058
o part_storage_east_1
usemtl wall_partition
v -1.3600000008940696 1.5900000166893005 1.1749999880790711
v -1.3600000008940696 1.5900000166893005 0.5250000119209289
v -1.3600000008940696 -1.6689300497141346e-8 1.1749999880790711
v -1.3600000008940696 -1.6689300497141346e-8 0.5250000119209289
v -1.4399999991059302 1.5900000166893005 0.5250000119209289
v -1.4399999991059302 1.5900000166893005 1.1749999880790711
v -1.4399999991059302 -1.6689300497141346e-8 0.5250000119209289
v -1.4399999991059302 -1.6689300497141346e-8 1.1749999880790711
v -1.4399999991059302 1.5900000166893005 0.5250000119209289
v -1.3600000008940696 1.5900000166893005 0.5250000119209289
v -1.4399999991059302 1.5900000166893005 1.1749999880790711
v -1.3600000008940696 1.5900000166893005 1.1749999880790711
v -1.4399999991059302 -1.6689300497141346e-8 1.1749999880790711
v -1.3600000008940696 -1.6689300497141346e-8 1.1749999880790711
v -1.4399999991059302 -1.6689300497141346e-8 0.5250000119209289
v -1.3600000008940696 -1.6689300497141346e-8 0.5250000119209289
v -1.4399999991059302 1.5900000166893005 1.1749999880790711
v -1.3600000008940696 1.5900000166893005 1.1749999880790711
v -1.4399999991059302 -1.6689300497141346e-8 1.1749999880790711
v -1.3600000008940696 -1.6689300497141346e-8 1.1749999880790711
v -1.3600000008940696 1.5900000166893005 0.5250000119209289
v -1.4399999991059302 1.5900000166893005 0.5250000119209289
v -1.3600000008940696 -1.6689300497141346e-8 0.5250000119209289
v -1.4399999991059302 -1.6689300497141346e-8 0.5250000119209289
vt 0 1
vt 1 1
vt 0 0
vt 1 0
vt 0 1
vt 1 1
vt 0 0
vt 1 0
vt 0 1
vt 1 1
vt 0 0
vt 1 0
vt 0 1
vt 1 1
vt 0 0
vt 1 0
vt 0 1
vt 1 1
vt 0 0
vt 1 0
vt 0 1
vt 1 1
vt 0 0
vt 1 0
vn 1 0 0
vn 1 0 0
vn 1 0 0
vn 1 0 0
vn -1 0 0
vn -1 0 0
vn -1 0 0
vn -1 0 0
vn 0 1 0
vn 0 1 0
vn 0 1 0
vn 0 1 0
vn 0 -1 0
vn 0 -1 0
vn 0 -1 0
vn 0 -1 0
vn 0 0 1
vn 0 0 1
vn 0 0 1
vn 0 0 1
vn 0 0 -1
vn 0 0 -1
vn 0 0 -1
vn 0 0 -1
f 1061/1061/1061 1063/1063/1063 1062/1062/1062
f 1063/1063/1063 1064/1064/1064 1062/1062/1062
f 1065/1065/1065 1067/1067/1067 1066/1066/1066
f 1067/1067/1067 1068/1068/1068 1066/1066/1066
f 1069/1069/1069 1071/1071/1071 1070/1070/1070
f 1071/1071/1071 1072/1072/1072 1070/1070/1070
f 1073/1073/1073 1075/1075/1075 1074/1074/1074
f 1075/1075/1075 1076/1076/1076 1074/1074/1074
f 1077/1077/1077 1079/1079/1079 1078/1078/1078
f 1079/1079/1079 1080/1080/1080 1078/1078/1078
f 1081/1081/1081 1083/1083/1083 1082/1082/1082
f 1083/1083/1083 1084/1084/1084 1082/1082/1082
o part_storage_east_1_cap
usemtl wall_cap
v -1.3600000008940696 1.6499999993294479 1.1749999880790711
v -1.3600000008940696 1.6499999993294479 0.5250000119209289
v -1.3600000008940696 1.5900000006705524 1.1749999880790711
v -1.3600000008940696 1.5900000006705524 0.5250000119209289
v -1.4399999991059302 1.6499999993294479 0.5250000119209289
v -1.4399999991059302 1.6499999993294479 1.1749999880790711
v -1.4399999991059302 1.5900000006705524 0.5250000119209289
v -1.4399999991059302 1.5900000006705524 1.1749999880790711
v -1.4399999991059302 1.6499999993294479 0.5250000119209289
v -1.3600000008940696 1.6499999993294479 0.5250000119209289
v -1.4399999991059302 1.6499999993294479 1.1749999880790711
v -1.3600000008940696 1.6499999993294479 1.1749999880790711
v -1.4399999991059302 1.5900000006705524 1.1749999880790711
v -1.3600000008940696 1.5900000006705524 1.1749999880790711
v -1.4399999991059302 1.5900000006705524 0.5250000119209289
v -1.3600000008940696 1.5900000006705524 0.5250000119209289
v -1.4399999991059302 1.6499999993294479 1.1749999880790711
v -1.3600000008940696 1.6499999993294479 1.1749999880790711
v -1.4399999991059302 1.5900000006705524 1.1749999880790711
v -1.3600000008940696 1.5900000006705524 1.1749999880790711
v -1.3600000008940696 1.6499999993294479 0.5250000119209289
v -1.4399999991059302 1.6499999993294479 0.5250000119209289
v -1.3600000008940696 1.5900000006705524 0.5250000119209289
v -1.4399999991059302 1.5900000006705524 0.5250000119209289
vt 0 1
vt 1 1
vt 0 0
vt 1 0
vt 0 1
vt 1 1
vt 0 0
vt 1 0
vt 0 1
vt 1 1
vt 0 0
vt 1 0
vt 0 1
vt 1 1
vt 0 0
vt 1 0
vt 0 1
vt 1 1
vt 0 0
vt 1 0
vt 0 1
vt 1 1
vt 0 0
vt 1 0
vn 1 0 0
vn 1 0 0
vn 1 0 0
vn 1 0 0
vn -1 0 0
vn -1 0 0
vn -1 0 0
vn -1 0 0
vn 0 1 0
vn 0 1 0
vn 0 1 0
vn 0 1 0
vn 0 -1 0
vn 0 -1 0
vn 0 -1 0
vn 0 -1 0
vn 0 0 1
vn 0 0 1
vn 0 0 1
vn 0 0 1
vn 0 0 -1
vn 0 0 -1
vn 0 0 -1
vn 0 0 -1
f 1085/1085/1085 1087/1087/1087 1086/1086/1086
f 1087/1087/1087 1088/1088/1088 1086/1086/1086
f 1089/1089/1089 1091/1091/1091 1090/1090/1090
f 1091/1091/1091 1092/1092/1092 1090/1090/1090
f 1093/1093/1093 1095/1095/1095 1094/1094/1094
f 1095/1095/1095 1096/1096/1096 1094/1094/1094
f 1097/1097/1097 1099/1099/1099 1098/1098/1098
f 1099/1099/1099 1100/1100/1100 1098/1098/1098
f 1101/1101/1101 1103/1103/1103 1102/1102/1102
f 1103/1103/1103 1104/1104/1104 1102/1102/1102
f 1105/1105/1105 1107/1107/1107 1106/1106/1106
f 1107/1107/1107 1108/1108/1108 1106/1106/1106
o part_storage_east_2
usemtl wall_partition
v -1.3600000008940696 1.5900000166893005 2.2049999976158143
v -1.3600000008940696 1.5900000166893005 2.075000002384186
v -1.3600000008940696 -1.6689300497141346e-8 2.2049999976158143
v -1.3600000008940696 -1.6689300497141346e-8 2.075000002384186
v -1.4399999991059302 1.5900000166893005 2.075000002384186
v -1.4399999991059302 1.5900000166893005 2.2049999976158143
v -1.4399999991059302 -1.6689300497141346e-8 2.075000002384186
v -1.4399999991059302 -1.6689300497141346e-8 2.2049999976158143
v -1.4399999991059302 1.5900000166893005 2.075000002384186
v -1.3600000008940696 1.5900000166893005 2.075000002384186
v -1.4399999991059302 1.5900000166893005 2.2049999976158143
v -1.3600000008940696 1.5900000166893005 2.2049999976158143
v -1.4399999991059302 -1.6689300497141346e-8 2.2049999976158143
v -1.3600000008940696 -1.6689300497141346e-8 2.2049999976158143
v -1.4399999991059302 -1.6689300497141346e-8 2.075000002384186
v -1.3600000008940696 -1.6689300497141346e-8 2.075000002384186
v -1.4399999991059302 1.5900000166893005 2.2049999976158143
v -1.3600000008940696 1.5900000166893005 2.2049999976158143
v -1.4399999991059302 -1.6689300497141346e-8 2.2049999976158143
v -1.3600000008940696 -1.6689300497141346e-8 2.2049999976158143
v -1.3600000008940696 1.5900000166893005 2.075000002384186
v -1.4399999991059302 1.5900000166893005 2.075000002384186
v -1.3600000008940696 -1.6689300497141346e-8 2.075000002384186
v -1.4399999991059302 -1.6689300497141346e-8 2.075000002384186
vt 0 1
vt 1 1
vt 0 0
vt 1 0
vt 0 1
vt 1 1
vt 0 0
vt 1 0
vt 0 1
vt 1 1
vt 0 0
vt 1 0
vt 0 1
vt 1 1
vt 0 0
vt 1 0
vt 0 1
vt 1 1
vt 0 0
vt 1 0
vt 0 1
vt 1 1
vt 0 0
vt 1 0
vn 1 0 0
vn 1 0 0
vn 1 0 0
vn 1 0 0
vn -1 0 0
vn -1 0 0
vn -1 0 0
vn -1 0 0
vn 0 1 0
vn 0 1 0
vn 0 1 0
vn 0 1 0
vn 0 -1 0
vn 0 -1 0
vn 0 -1 0
vn 0 -1 0
vn 0 0 1
vn 0 0 1
vn 0 0 1
vn 0 0 1
vn 0 0 -1
vn 0 0 -1
vn 0 0 -1
vn 0 0 -1
f 1109/1109/1109 1111/1111/1111 1110/1110/1110
f 1111/1111/1111 1112/1112/1112 1110/1110/1110
f 1113/1113/1113 1115/1115/1115 1114/1114/1114
f 1115/1115/1115 1116/1116/1116 1114/1114/1114
f 1117/1117/1117 1119/1119/1119 1118/1118/1118
f 1119/1119/1119 1120/1120/1120 1118/1118/1118
f 1121/1121/1121 1123/1123/1123 1122/1122/1122
f 1123/1123/1123 1124/1124/1124 1122/1122/1122
f 1125/1125/1125 1127/1127/1127 1126/1126/1126
f 1127/1127/1127 1128/1128/1128 1126/1126/1126
f 1129/1129/1129 1131/1131/1131 1130/1130/1130
f 1131/1131/1131 1132/1132/1132 1130/1130/1130
o part_storage_east_2_cap
usemtl wall_cap
v -1.3600000008940696 1.6499999993294479 2.2049999976158143
v -1.3600000008940696 1.6499999993294479 2.075000002384186
v -1.3600000008940696 1.5900000006705524 2.2049999976158143
v -1.3600000008940696 1.5900000006705524 2.075000002384186
v -1.4399999991059302 1.6499999993294479 2.075000002384186
v -1.4399999991059302 1.6499999993294479 2.2049999976158143
v -1.4399999991059302 1.5900000006705524 2.075000002384186
v -1.4399999991059302 1.5900000006705524 2.2049999976158143
v -1.4399999991059302 1.6499999993294479 2.075000002384186
v -1.3600000008940696 1.6499999993294479 2.075000002384186
v -1.4399999991059302 1.6499999993294479 2.2049999976158143
v -1.3600000008940696 1.6499999993294479 2.2049999976158143
v -1.4399999991059302 1.5900000006705524 2.2049999976158143
v -1.3600000008940696 1.5900000006705524 2.2049999976158143
v -1.4399999991059302 1.5900000006705524 2.075000002384186
v -1.3600000008940696 1.5900000006705524 2.075000002384186
v -1.4399999991059302 1.6499999993294479 2.2049999976158143
v -1.3600000008940696 1.6499999993294479 2.2049999976158143
v -1.4399999991059302 1.5900000006705524 2.2049999976158143
v -1.3600000008940696 1.5900000006705524 2.2049999976158143
v -1.3600000008940696 1.6499999993294479 2.075000002384186
v -1.4399999991059302 1.6499999993294479 2.075000002384186
v -1.3600000008940696 1.5900000006705524 2.075000002384186
v -1.4399999991059302 1.5900000006705524 2.075000002384186
vt 0 1
vt 1 1
vt 0 0
vt 1 0
vt 0 1
vt 1 1
vt 0 0
vt 1 0
vt 0 1
vt 1 1
vt 0 0
vt 1 0
vt 0 1
vt 1 1
vt 0 0
vt 1 0
vt 0 1
vt 1 1
vt 0 0
vt 1 0
vt 0 1
vt 1 1
vt 0 0
vt 1 0
vn 1 0 0
vn 1 0 0
vn 1 0 0
vn 1 0 0
vn -1 0 0
vn -1 0 0
vn -1 0 0
vn -1 0 0
vn 0 1 0
vn 0 1 0
vn 0 1 0
vn 0 1 0
vn 0 -1 0
vn 0 -1 0
vn 0 -1 0
vn 0 -1 0
vn 0 0 1
vn 0 0 1
vn 0 0 1
vn 0 0 1
vn 0 0 -1
vn 0 0 -1
vn 0 0 -1
vn 0 0 -1
f 1133/1133/1133 1135/1135/1135 1134/1134/1134
f 1135/1135/1135 1136/1136/1136 1134/1134/1134
f 1137/1137/1137 1139/1139/1139 1138/1138/1138
f 1139/1139/1139 1140/1140/1140 1138/1138/1138
f 1141/1141/1141 1143/1143/1143 1142/1142/1142
f 1143/1143/1143 1144/1144/1144 1142/1142/1142
f 1145/1145/1145 1147/1147/1147 1146/1146/1146
f 1147/1147/1147 1148/1148/1148 1146/1146/1146
f 1149/1149/1149 1151/1151/1151 1150/1150/1150
f 1151/1151/1151 1152/1152/1152 1150/1150/1150
f 1153/1153/1153 1155/1155/1155 1154/1154/1154
f 1155/1155/1155 1156/1156/1156 1154/1154/1154
o part_storage_east_door1
usemtl threshold
v -1.3200000017881393 0.029999999664723873 2.074999988079071
v -1.3200000017881393 0.029999999664723873 1.175000011920929
v -1.3200000017881393 3.3527612630646075e-10 2.074999988079071
v -1.3200000017881393 3.3527612630646075e-10 1.175000011920929
v -1.4799999982118606 0.029999999664723873 1.175000011920929
v -1.4799999982118606 0.029999999664723873 2.074999988079071
v -1.4799999982118606 3.3527612630646075e-10 1.175000011920929
v -1.4799999982118606 3.3527612630646075e-10 2.074999988079071
v -1.4799999982118606 0.029999999664723873 1.175000011920929
v -1.3200000017881393 0.029999999664723873 1.175000011920929
v -1.4799999982118606 0.029999999664723873 2.074999988079071
v -1.3200000017881393 0.029999999664723873 2.074999988079071
v -1.4799999982118606 3.3527612630646075e-10 2.074999988079071
v -1.3200000017881393 3.3527612630646075e-10 2.074999988079071
v -1.4799999982118606 3.3527612630646075e-10 1.175000011920929
v -1.3200000017881393 3.3527612630646075e-10 1.175000011920929
v -1.4799999982118606 0.029999999664723873 2.074999988079071
v -1.3200000017881393 0.029999999664723873 2.074999988079071
v -1.4799999982118606 3.3527612630646075e-10 2.074999988079071
v -1.3200000017881393 3.3527612630646075e-10 2.074999988079071
v -1.3200000017881393 0.029999999664723873 1.175000011920929
v -1.4799999982118606 0.029999999664723873 1.175000011920929
v -1.3200000017881393 3.3527612630646075e-10 1.175000011920929
v -1.4799999982118606 3.3527612630646075e-10 1.175000011920929
vt 0 1
vt 1 1
vt 0 0
vt 1 0
vt 0 1
vt 1 1
vt 0 0
vt 1 0
vt 0 1
vt 1 1
vt 0 0
vt 1 0
vt 0 1
vt 1 1
vt 0 0
vt 1 0
vt 0 1
vt 1 1
vt 0 0
vt 1 0
vt 0 1
vt 1 1
vt 0 0
vt 1 0
vn 1 0 0
vn 1 0 0
vn 1 0 0
vn 1 0 0
vn -1 0 0
vn -1 0 0
vn -1 0 0
vn -1 0 0
vn 0 1 0
vn 0 1 0
vn 0 1 0
vn 0 1 0
vn 0 -1 0
vn 0 -1 0
vn 0 -1 0
vn 0 -1 0
vn 0 0 1
vn 0 0 1
vn 0 0 1
vn 0 0 1
vn 0 0 -1
vn 0 0 -1
vn 0 0 -1
vn 0 0 -1
f 1157/1157/1157 1159/1159/1159 1158/1158/1158
f 1159/1159/1159 1160/1160/1160 1158/1158/1158
f 1161/1161/1161 1163/1163/1163 1162/1162/1162
f 1163/1163/1163 1164/1164/1164 1162/1162/1162
f 1165/1165/1165 1167/1167/1167 1166/1166/1166
f 1167/1167/1167 1168/1168/1168 1166/1166/1166
f 1169/1169/1169 1171/1171/1171 1170/1170/1170
f 1171/1171/1171 1172/1172/1172 1170/1170/1170
f 1173/1173/1173 1175/1175/1175 1174/1174/1174
f 1175/1175/1175 1176/1176/1176 1174/1174/1174
f 1177/1177/1177 1179/1179/1179 1178/1178/1178
f 1179/1179/1179 1180/1180/1180 1178/1178/1178
o part_service_south_1
usemtl wall_partition
v -0.75 1.5900000166893005 2.2449999991059304
v -0.75 1.5900000166893005 2.1650000008940697
v -0.75 -1.6689300497141346e-8 2.2449999991059304
v -0.75 -1.6689300497141346e-8 2.1650000008940697
v -3 1.5900000166893005 2.1650000008940697
v -3 1.5900000166893005 2.2449999991059304
v -3 -1.6689300497141346e-8 2.1650000008940697
v -3 -1.6689300497141346e-8 2.2449999991059304
v -3 1.5900000166893005 2.1650000008940697
v -0.75 1.5900000166893005 2.1650000008940697
v -3 1.5900000166893005 2.2449999991059304
v -0.75 1.5900000166893005 2.2449999991059304
v -3 -1.6689300497141346e-8 2.2449999991059304
v -0.75 -1.6689300497141346e-8 2.2449999991059304
v -3 -1.6689300497141346e-8 2.1650000008940697
v -0.75 -1.6689300497141346e-8 2.1650000008940697
v -3 1.5900000166893005 2.2449999991059304
v -0.75 1.5900000166893005 2.2449999991059304
v -3 -1.6689300497141346e-8 2.2449999991059304
v -0.75 -1.6689300497141346e-8 2.2449999991059304
v -0.75 1.5900000166893005 2.1650000008940697
v -3 1.5900000166893005 2.1650000008940697
v -0.75 -1.6689300497141346e-8 2.1650000008940697
v -3 -1.6689300497141346e-8 2.1650000008940697
vt 0 1
vt 1 1
vt 0 0
vt 1 0
vt 0 1
vt 1 1
vt 0 0
vt 1 0
vt 0 1
vt 1 1
vt 0 0
vt 1 0
vt 0 1
vt 1 1
vt 0 0
vt 1 0
vt 0 1
vt 1 1
vt 0 0
vt 1 0
vt 0 1
vt 1 1
vt 0 0
vt 1 0
vn 1 0 0
vn 1 0 0
vn 1 0 0
vn 1 0 0
vn -1 0 0
vn -1 0 0
vn -1 0 0
vn -1 0 0
vn 0 1 0
vn 0 1 0
vn 0 1 0
vn 0 1 0
vn 0 -1 0
vn 0 -1 0
vn 0 -1 0
vn 0 -1 0
vn 0 0 1
vn 0 0 1
vn 0 0 1
vn 0 0 1
vn 0 0 -1
vn 0 0 -1
vn 0 0 -1
vn 0 0 -1
f 1181/1181/1181 1183/1183/1183 1182/1182/1182
f 1183/1183/1183 1184/1184/1184 1182/1182/1182
f 1185/1185/1185 1187/1187/1187 1186/1186/1186
f 1187/1187/1187 1188/1188/1188 1186/1186/1186
f 1189/1189/1189 1191/1191/1191 1190/1190/1190
f 1191/1191/1191 1192/1192/1192 1190/1190/1190
f 1193/1193/1193 1195/1195/1195 1194/1194/1194
f 1195/1195/1195 1196/1196/1196 1194/1194/1194
f 1197/1197/1197 1199/1199/1199 1198/1198/1198
f 1199/1199/1199 1200/1200/1200 1198/1198/1198
f 1201/1201/1201 1203/1203/1203 1202/1202/1202
f 1203/1203/1203 1204/1204/1204 1202/1202/1202
o part_service_south_1_cap
usemtl wall_cap
v -0.75 1.6499999993294479 2.2449999991059304
v -0.75 1.6499999993294479 2.1650000008940697
v -0.75 1.5900000006705524 2.2449999991059304
v -0.75 1.5900000006705524 2.1650000008940697
v -3 1.6499999993294479 2.1650000008940697
v -3 1.6499999993294479 2.2449999991059304
v -3 1.5900000006705524 2.1650000008940697
v -3 1.5900000006705524 2.2449999991059304
v -3 1.6499999993294479 2.1650000008940697
v -0.75 1.6499999993294479 2.1650000008940697
v -3 1.6499999993294479 2.2449999991059304
v -0.75 1.6499999993294479 2.2449999991059304
v -3 1.5900000006705524 2.2449999991059304
v -0.75 1.5900000006705524 2.2449999991059304
v -3 1.5900000006705524 2.1650000008940697
v -0.75 1.5900000006705524 2.1650000008940697
v -3 1.6499999993294479 2.2449999991059304
v -0.75 1.6499999993294479 2.2449999991059304
v -3 1.5900000006705524 2.2449999991059304
v -0.75 1.5900000006705524 2.2449999991059304
v -0.75 1.6499999993294479 2.1650000008940697
v -3 1.6499999993294479 2.1650000008940697
v -0.75 1.5900000006705524 2.1650000008940697
v -3 1.5900000006705524 2.1650000008940697
vt 0 1
vt 1 1
vt 0 0
vt 1 0
vt 0 1
vt 1 1
vt 0 0
vt 1 0
vt 0 1
vt 1 1
vt 0 0
vt 1 0
vt 0 1
vt 1 1
vt 0 0
vt 1 0
vt 0 1
vt 1 1
vt 0 0
vt 1 0
vt 0 1
vt 1 1
vt 0 0
vt 1 0
vn 1 0 0
vn 1 0 0
vn 1 0 0
vn 1 0 0
vn -1 0 0
vn -1 0 0
vn -1 0 0
vn -1 0 0
vn 0 1 0
vn 0 1 0
vn 0 1 0
vn 0 1 0
vn 0 -1 0
vn 0 -1 0
vn 0 -1 0
vn 0 -1 0
vn 0 0 1
vn 0 0 1
vn 0 0 1
vn 0 0 1
vn 0 0 -1
vn 0 0 -1
vn 0 0 -1
vn 0 0 -1
f 1205/1205/1205 1207/1207/1207 1206/1206/1206
f 1207/1207/1207 1208/1208/1208 1206/1206/1206
f 1209/1209/1209 1211/1211/1211 1210/1210/1210
f 1211/1211/1211 1212/1212/1212 1210/1210/1210
f 1213/1213/1213 1215/1215/1215 1214/1214/1214
f 1215/1215/1215 1216/1216/1216 1214/1214/1214
f 1217/1217/1217 1219/1219/1219 1218/1218/1218
f 1219/1219/1219 1220/1220/1220 1218/1218/1218
f 1221/1221/1221 1223/1223/1223 1222/1222/1222
f 1223/1223/1223 1224/1224/1224 1222/1222/1222
f 1225/1225/1225 1227/1227/1227 1226/1226/1226
f 1227/1227/1227 1228/1228/1228 1226/1226/1226
o part_service_south_2
usemtl wall_partition
v 0.25000000149011614 1.5900000166893005 2.2449999991059304
v 0.25000000149011614 1.5900000166893005 2.1650000008940697
v 0.25000000149011614 -1.6689300497141346e-8 2.2449999991059304
v 0.25000000149011614 -1.6689300497141346e-8 2.1650000008940697
v 0.049999998509883875 1.5900000166893005 2.1650000008940697
v 0.049999998509883875 1.5900000166893005 2.2449999991059304
v 0.049999998509883875 -1.6689300497141346e-8 2.1650000008940697
v 0.049999998509883875 -1.6689300497141346e-8 2.2449999991059304
v 0.049999998509883875 1.5900000166893005 2.1650000008940697
v 0.25000000149011614 1.5900000166893005 2.1650000008940697
v 0.049999998509883875 1.5900000166893005 2.2449999991059304
v 0.25000000149011614 1.5900000166893005 2.2449999991059304
v 0.049999998509883875 -1.6689300497141346e-8 2.2449999991059304
v 0.25000000149011614 -1.6689300497141346e-8 2.2449999991059304
v 0.049999998509883875 -1.6689300497141346e-8 2.1650000008940697
v 0.25000000149011614 -1.6689300497141346e-8 2.1650000008940697
v 0.049999998509883875 1.5900000166893005 2.2449999991059304
v 0.25000000149011614 1.5900000166893005 2.2449999991059304
v 0.049999998509883875 -1.6689300497141346e-8 2.2449999991059304
v 0.25000000149011614 -1.6689300497141346e-8 2.2449999991059304
v 0.25000000149011614 1.5900000166893005 2.1650000008940697
v 0.049999998509883875 1.5900000166893005 2.1650000008940697
v 0.25000000149011614 -1.6689300497141346e-8 2.1650000008940697
v 0.049999998509883875 -1.6689300497141346e-8 2.1650000008940697
vt 0 1
vt 1 1
vt 0 0
vt 1 0
vt 0 1
vt 1 1
vt 0 0
vt 1 0
vt 0 1
vt 1 1
vt 0 0
vt 1 0
vt 0 1
vt 1 1
vt 0 0
vt 1 0
vt 0 1
vt 1 1
vt 0 0
vt 1 0
vt 0 1
vt 1 1
vt 0 0
vt 1 0
vn 1 0 0
vn 1 0 0
vn 1 0 0
vn 1 0 0
vn -1 0 0
vn -1 0 0
vn -1 0 0
vn -1 0 0
vn 0 1 0
vn 0 1 0
vn 0 1 0
vn 0 1 0
vn 0 -1 0
vn 0 -1 0
vn 0 -1 0
vn 0 -1 0
vn 0 0 1
vn 0 0 1
vn 0 0 1
vn 0 0 1
vn 0 0 -1
vn 0 0 -1
vn 0 0 -1
vn 0 0 -1
f 1229/1229/1229 1231/1231/1231 1230/1230/1230
f 1231/1231/1231 1232/1232/1232 1230/1230/1230
f 1233/1233/1233 1235/1235/1235 1234/1234/1234
f 1235/1235/1235 1236/1236/1236 1234/1234/1234
f 1237/1237/1237 1239/1239/1239 1238/1238/1238
f 1239/1239/1239 1240/1240/1240 1238/1238/1238
f 1241/1241/1241 1243/1243/1243 1242/1242/1242
f 1243/1243/1243 1244/1244/1244 1242/1242/1242
f 1245/1245/1245 1247/1247/1247 1246/1246/1246
f 1247/1247/1247 1248/1248/1248 1246/1246/1246
f 1249/1249/1249 1251/1251/1251 1250/1250/1250
f 1251/1251/1251 1252/1252/1252 1250/1250/1250
o part_service_south_2_cap
usemtl wall_cap
v 0.25000000149011614 1.6499999993294479 2.2449999991059304
v 0.25000000149011614 1.6499999993294479 2.1650000008940697
v 0.25000000149011614 1.5900000006705524 2.2449999991059304
v 0.25000000149011614 1.5900000006705524 2.1650000008940697
v 0.049999998509883875 1.6499999993294479 2.1650000008940697
v 0.049999998509883875 1.6499999993294479 2.2449999991059304
v 0.049999998509883875 1.5900000006705524 2.1650000008940697
v 0.049999998509883875 1.5900000006705524 2.2449999991059304
v 0.049999998509883875 1.6499999993294479 2.1650000008940697
v 0.25000000149011614 1.6499999993294479 2.1650000008940697
v 0.049999998509883875 1.6499999993294479 2.2449999991059304
v 0.25000000149011614 1.6499999993294479 2.2449999991059304
v 0.049999998509883875 1.5900000006705524 2.2449999991059304
v 0.25000000149011614 1.5900000006705524 2.2449999991059304
v 0.049999998509883875 1.5900000006705524 2.1650000008940697
v 0.25000000149011614 1.5900000006705524 2.1650000008940697
v 0.049999998509883875 1.6499999993294479 2.2449999991059304
v 0.25000000149011614 1.6499999993294479 2.2449999991059304
v 0.049999998509883875 1.5900000006705524 2.2449999991059304
v 0.25000000149011614 1.5900000006705524 2.2449999991059304
v 0.25000000149011614 1.6499999993294479 2.1650000008940697
v 0.049999998509883875 1.6499999993294479 2.1650000008940697
v 0.25000000149011614 1.5900000006705524 2.1650000008940697
v 0.049999998509883875 1.5900000006705524 2.1650000008940697
vt 0 1
vt 1 1
vt 0 0
vt 1 0
vt 0 1
vt 1 1
vt 0 0
vt 1 0
vt 0 1
vt 1 1
vt 0 0
vt 1 0
vt 0 1
vt 1 1
vt 0 0
vt 1 0
vt 0 1
vt 1 1
vt 0 0
vt 1 0
vt 0 1
vt 1 1
vt 0 0
vt 1 0
vn 1 0 0
vn 1 0 0
vn 1 0 0
vn 1 0 0
vn -1 0 0
vn -1 0 0
vn -1 0 0
vn -1 0 0
vn 0 1 0
vn 0 1 0
vn 0 1 0
vn 0 1 0
vn 0 -1 0
vn 0 -1 0
vn 0 -1 0
vn 0 -1 0
vn 0 0 1
vn 0 0 1
vn 0 0 1
vn 0 0 1
vn 0 0 -1
vn 0 0 -1
vn 0 0 -1
vn 0 0 -1
f 1253/1253/1253 1255/1255/1255 1254/1254/1254
f 1255/1255/1255 1256/1256/1256 1254/1254/1254
f 1257/1257/1257 1259/1259/1259 1258/1258/1258
f 1259/1259/1259 1260/1260/1260 1258/1258/1258
f 1261/1261/1261 1263/1263/1263 1262/1262/1262
f 1263/1263/1263 1264/1264/1264 1262/1262/1262
f 1265/1265/1265 1267/1267/1267 1266/1266/1266
f 1267/1267/1267 1268/1268/1268 1266/1266/1266
f 1269/1269/1269 1271/1271/1271 1270/1270/1270
f 1271/1271/1271 1272/1272/1272 1270/1270/1270
f 1273/1273/1273 1275/1275/1275 1274/1274/1274
f 1275/1275/1275 1276/1276/1276 1274/1274/1274
o part_service_south_door1
usemtl threshold
v 0.0500000059604645 0.029999999664723873 2.2849999982118607
v 0.0500000059604645 0.029999999664723873 2.1250000017881394
v 0.0500000059604645 3.3527612630646075e-10 2.2849999982118607
v 0.0500000059604645 3.3527612630646075e-10 2.1250000017881394
v -0.7500000059604645 0.029999999664723873 2.1250000017881394
v -0.7500000059604645 0.029999999664723873 2.2849999982118607
v -0.7500000059604645 3.3527612630646075e-10 2.1250000017881394
v -0.7500000059604645 3.3527612630646075e-10 2.2849999982118607
v -0.7500000059604645 0.029999999664723873 2.1250000017881394
v 0.0500000059604645 0.029999999664723873 2.1250000017881394
v -0.7500000059604645 0.029999999664723873 2.2849999982118607
v 0.0500000059604645 0.029999999664723873 2.2849999982118607
v -0.7500000059604645 3.3527612630646075e-10 2.2849999982118607
v 0.0500000059604645 3.3527612630646075e-10 2.2849999982118607
v -0.7500000059604645 3.3527612630646075e-10 2.1250000017881394
v 0.0500000059604645 3.3527612630646075e-10 2.1250000017881394
v -0.7500000059604645 0.029999999664723873 2.2849999982118607
v 0.0500000059604645 0.029999999664723873 2.2849999982118607
v -0.7500000059604645 3.3527612630646075e-10 2.2849999982118607
v 0.0500000059604645 3.3527612630646075e-10 2.2849999982118607
v 0.0500000059604645 0.029999999664723873 2.1250000017881394
v -0.7500000059604645 0.029999999664723873 2.1250000017881394
v 0.0500000059604645 3.3527612630646075e-10 2.1250000017881394
v -0.7500000059604645 3.3527612630646075e-10 2.1250000017881394
vt 0 1
vt 1 1
vt 0 0
vt 1 0
vt 0 1
vt 1 1
vt 0 0
vt 1 0
vt 0 1
vt 1 1
vt 0 0
vt 1 0
vt 0 1
vt 1 1
vt 0 0
vt 1 0
vt 0 1
vt 1 1
vt 0 0
vt 1 0
vt 0 1
vt 1 1
vt 0 0
vt 1 0
vn 1 0 0
vn 1 0 0
vn 1 0 0
vn 1 0 0
vn -1 0 0
vn -1 0 0
vn -1 0 0
vn -1 0 0
vn 0 1 0
vn 0 1 0
vn 0 1 0
vn 0 1 0
vn 0 -1 0
vn 0 -1 0
vn 0 -1 0
vn 0 -1 0
vn 0 0 1
vn 0 0 1
vn 0 0 1
vn 0 0 1
vn 0 0 -1
vn 0 0 -1
vn 0 0 -1
vn 0 0 -1
f 1277/1277/1277 1279/1279/1279 1278/1278/1278
f 1279/1279/1279 1280/1280/1280 1278/1278/1278
f 1281/1281/1281 1283/1283/1283 1282/1282/1282
f 1283/1283/1283 1284/1284/1284 1282/1282/1282
f 1285/1285/1285 1287/1287/1287 1286/1286/1286
f 1287/1287/1287 1288/1288/1288 1286/1286/1286
f 1289/1289/1289 1291/1291/1291 1290/1290/1290
f 1291/1291/1291 1292/1292/1292 1290/1290/1290
f 1293/1293/1293 1295/1295/1295 1294/1294/1294
f 1295/1295/1295 1296/1296/1296 1294/1294/1294
f 1297/1297/1297 1299/1299/1299 1298/1298/1298
f 1299/1299/1299 1300/1300/1300 1298/1298/1298
o part_spine_west_1
usemtl wall_partition
v 0.28999999910593033 1.5900000166893005 0.9250000029802322
v 0.28999999910593033 1.5900000166893005 0.5249999970197677
v 0.28999999910593033 -1.6689300497141346e-8 0.9250000029802322
v 0.28999999910593033 -1.6689300497141346e-8 0.5249999970197677
v 0.21000000089406967 1.5900000166893005 0.5249999970197677
v 0.21000000089406967 1.5900000166893005 0.9250000029802322
v 0.21000000089406967 -1.6689300497141346e-8 0.5249999970197677
v 0.21000000089406967 -1.6689300497141346e-8 0.9250000029802322
v 0.21000000089406967 1.5900000166893005 0.5249999970197677
v 0.28999999910593033 1.5900000166893005 0.5249999970197677
v 0.21000000089406967 1.5900000166893005 0.9250000029802322
v 0.28999999910593033 1.5900000166893005 0.9250000029802322
v 0.21000000089406967 -1.6689300497141346e-8 0.9250000029802322
v 0.28999999910593033 -1.6689300497141346e-8 0.9250000029802322
v 0.21000000089406967 -1.6689300497141346e-8 0.5249999970197677
v 0.28999999910593033 -1.6689300497141346e-8 0.5249999970197677
v 0.21000000089406967 1.5900000166893005 0.9250000029802322
v 0.28999999910593033 1.5900000166893005 0.9250000029802322
v 0.21000000089406967 -1.6689300497141346e-8 0.9250000029802322
v 0.28999999910593033 -1.6689300497141346e-8 0.9250000029802322
v 0.28999999910593033 1.5900000166893005 0.5249999970197677
v 0.21000000089406967 1.5900000166893005 0.5249999970197677
v 0.28999999910593033 -1.6689300497141346e-8 0.5249999970197677
v 0.21000000089406967 -1.6689300497141346e-8 0.5249999970197677
vt 0 1
vt 1 1
vt 0 0
vt 1 0
vt 0 1
vt 1 1
vt 0 0
vt 1 0
vt 0 1
vt 1 1
vt 0 0
vt 1 0
vt 0 1
vt 1 1
vt 0 0
vt 1 0
vt 0 1
vt 1 1
vt 0 0
vt 1 0
vt 0 1
vt 1 1
vt 0 0
vt 1 0
vn 1 0 0
vn 1 0 0
vn 1 0 0
vn 1 0 0
vn -1 0 0
vn -1 0 0
vn -1 0 0
vn -1 0 0
vn 0 1 0
vn 0 1 0
vn 0 1 0
vn 0 1 0
vn 0 -1 0
vn 0 -1 0
vn 0 -1 0
vn 0 -1 0
vn 0 0 1
vn 0 0 1
vn 0 0 1
vn 0 0 1
vn 0 0 -1
vn 0 0 -1
vn 0 0 -1
vn 0 0 -1
f 1301/1301/1301 1303/1303/1303 1302/1302/1302
f 1303/1303/1303 1304/1304/1304 1302/1302/1302
f 1305/1305/1305 1307/1307/1307 1306/1306/1306
f 1307/1307/1307 1308/1308/1308 1306/1306/1306
f 1309/1309/1309 1311/1311/1311 1310/1310/1310
f 1311/1311/1311 1312/1312/1312 1310/1310/1310
f 1313/1313/1313 1315/1315/1315 1314/1314/1314
f 1315/1315/1315 1316/1316/1316 1314/1314/1314
f 1317/1317/1317 1319/1319/1319 1318/1318/1318
f 1319/1319/1319 1320/1320/1320 1318/1318/1318
f 1321/1321/1321 1323/1323/1323 1322/1322/1322
f 1323/1323/1323 1324/1324/1324 1322/1322/1322
o part_spine_west_1_cap
usemtl wall_cap
v 0.28999999910593033 1.6499999993294479 0.9250000029802322
v 0.28999999910593033 1.6499999993294479 0.5249999970197677
v 0.28999999910593033 1.5900000006705524 0.9250000029802322
v 0.28999999910593033 1.5900000006705524 0.5249999970197677
v 0.21000000089406967 1.6499999993294479 0.5249999970197677
v 0.21000000089406967 1.6499999993294479 0.9250000029802322
v 0.21000000089406967 1.5900000006705524 0.5249999970197677
v 0.21000000089406967 1.5900000006705524 0.9250000029802322
v 0.21000000089406967 1.6499999993294479 0.5249999970197677
v 0.28999999910593033 1.6499999993294479 0.5249999970197677
v 0.21000000089406967 1.6499999993294479 0.9250000029802322
v 0.28999999910593033 1.6499999993294479 0.9250000029802322
v 0.21000000089406967 1.5900000006705524 0.9250000029802322
v 0.28999999910593033 1.5900000006705524 0.9250000029802322
v 0.21000000089406967 1.5900000006705524 0.5249999970197677
v 0.28999999910593033 1.5900000006705524 0.5249999970197677
v 0.21000000089406967 1.6499999993294479 0.9250000029802322
v 0.28999999910593033 1.6499999993294479 0.9250000029802322
v 0.21000000089406967 1.5900000006705524 0.9250000029802322
v 0.28999999910593033 1.5900000006705524 0.9250000029802322
v 0.28999999910593033 1.6499999993294479 0.5249999970197677
v 0.21000000089406967 1.6499999993294479 0.5249999970197677
v 0.28999999910593033 1.5900000006705524 0.5249999970197677
v 0.21000000089406967 1.5900000006705524 0.5249999970197677
vt 0 1
vt 1 1
vt 0 0
vt 1 0
vt 0 1
vt 1 1
vt 0 0
vt 1 0
vt 0 1
vt 1 1
vt 0 0
vt 1 0
vt 0 1
vt 1 1
vt 0 0
vt 1 0
vt 0 1
vt 1 1
vt 0 0
vt 1 0
vt 0 1
vt 1 1
vt 0 0
vt 1 0
vn 1 0 0
vn 1 0 0
vn 1 0 0
vn 1 0 0
vn -1 0 0
vn -1 0 0
vn -1 0 0
vn -1 0 0
vn 0 1 0
vn 0 1 0
vn 0 1 0
vn 0 1 0
vn 0 -1 0
vn 0 -1 0
vn 0 -1 0
vn 0 -1 0
vn 0 0 1
vn 0 0 1
vn 0 0 1
vn 0 0 1
vn 0 0 -1
vn 0 0 -1
vn 0 0 -1
vn 0 0 -1
f 1325/1325/1325 1327/1327/1327 1326/1326/1326
f 1327/1327/1327 1328/1328/1328 1326/1326/1326
f 1329/1329/1329 1331/1331/1331 1330/1330/1330
f 1331/1331/1331 1332/1332/1332 1330/1330/1330
f 1333/1333/1333 1335/1335/1335 1334/1334/1334
f 1335/1335/1335 1336/1336/1336 1334/1334/1334
f 1337/1337/1337 1339/1339/1339 1338/1338/1338
f 1339/1339/1339 1340/1340/1340 1338/1338/1338
f 1341/1341/1341 1343/1343/1343 1342/1342/1342
f 1343/1343/1343 1344/1344/1344 1342/1342/1342
f 1345/1345/1345 1347/1347/1347 1346/1346/1346
f 1347/1347/1347 1348/1348/1348 1346/1346/1346
o part_spine_west_2
usemtl wall_partition
v 0.28999999910593033 1.5900000166893005 2.6250000059604646
v 0.28999999910593033 1.5900000166893005 1.8249999940395356
v 0.28999999910593033 -1.6689300497141346e-8 2.6250000059604646
v 0.28999999910593033 -1.6689300497141346e-8 1.8249999940395356
v 0.21000000089406967 1.5900000166893005 1.8249999940395356
v 0.21000000089406967 1.5900000166893005 2.6250000059604646
v 0.21000000089406967 -1.6689300497141346e-8 1.8249999940395356
v 0.21000000089406967 -1.6689300497141346e-8 2.6250000059604646
v 0.21000000089406967 1.5900000166893005 1.8249999940395356
v 0.28999999910593033 1.5900000166893005 1.8249999940395356
v 0.21000000089406967 1.5900000166893005 2.6250000059604646
v 0.28999999910593033 1.5900000166893005 2.6250000059604646
v 0.21000000089406967 -1.6689300497141346e-8 2.6250000059604646
v 0.28999999910593033 -1.6689300497141346e-8 2.6250000059604646
v 0.21000000089406967 -1.6689300497141346e-8 1.8249999940395356
v 0.28999999910593033 -1.6689300497141346e-8 1.8249999940395356
v 0.21000000089406967 1.5900000166893005 2.6250000059604646
v 0.28999999910593033 1.5900000166893005 2.6250000059604646
v 0.21000000089406967 -1.6689300497141346e-8 2.6250000059604646
v 0.28999999910593033 -1.6689300497141346e-8 2.6250000059604646
v 0.28999999910593033 1.5900000166893005 1.8249999940395356
v 0.21000000089406967 1.5900000166893005 1.8249999940395356
v 0.28999999910593033 -1.6689300497141346e-8 1.8249999940395356
v 0.21000000089406967 -1.6689300497141346e-8 1.8249999940395356
vt 0 1
vt 1 1
vt 0 0
vt 1 0
vt 0 1
vt 1 1
vt 0 0
vt 1 0
vt 0 1
vt 1 1
vt 0 0
vt 1 0
vt 0 1
vt 1 1
vt 0 0
vt 1 0
vt 0 1
vt 1 1
vt 0 0
vt 1 0
vt 0 1
vt 1 1
vt 0 0
vt 1 0
vn 1 0 0
vn 1 0 0
vn 1 0 0
vn 1 0 0
vn -1 0 0
vn -1 0 0
vn -1 0 0
vn -1 0 0
vn 0 1 0
vn 0 1 0
vn 0 1 0
vn 0 1 0
vn 0 -1 0
vn 0 -1 0
vn 0 -1 0
vn 0 -1 0
vn 0 0 1
vn 0 0 1
vn 0 0 1
vn 0 0 1
vn 0 0 -1
vn 0 0 -1
vn 0 0 -1
vn 0 0 -1
f 1349/1349/1349 1351/1351/1351 1350/1350/1350
f 1351/1351/1351 1352/1352/1352 1350/1350/1350
f 1353/1353/1353 1355/1355/1355 1354/1354/1354
f 1355/1355/1355 1356/1356/1356 1354/1354/1354
f 1357/1357/1357 1359/1359/1359 1358/1358/1358
f 1359/1359/1359 1360/1360/1360 1358/1358/1358
f 1361/1361/1361 1363/1363/1363 1362/1362/1362
f 1363/1363/1363 1364/1364/1364 1362/1362/1362
f 1365/1365/1365 1367/1367/1367 1366/1366/1366
f 1367/1367/1367 1368/1368/1368 1366/1366/1366
f 1369/1369/1369 1371/1371/1371 1370/1370/1370
f 1371/1371/1371 1372/1372/1372 1370/1370/1370
o part_spine_west_2_cap
usemtl wall_cap
v 0.28999999910593033 1.6499999993294479 2.6250000059604646
v 0.28999999910593033 1.6499999993294479 1.8249999940395356
v 0.28999999910593033 1.5900000006705524 2.6250000059604646
v 0.28999999910593033 1.5900000006705524 1.8249999940395356
v 0.21000000089406967 1.6499999993294479 1.8249999940395356
v 0.21000000089406967 1.6499999993294479 2.6250000059604646
v 0.21000000089406967 1.5900000006705524 1.8249999940395356
v 0.21000000089406967 1.5900000006705524 2.6250000059604646
v 0.21000000089406967 1.6499999993294479 1.8249999940395356
v 0.28999999910593033 1.6499999993294479 1.8249999940395356
v 0.21000000089406967 1.6499999993294479 2.6250000059604646
v 0.28999999910593033 1.6499999993294479 2.6250000059604646
v 0.21000000089406967 1.5900000006705524 2.6250000059604646
v 0.28999999910593033 1.5900000006705524 2.6250000059604646
v 0.21000000089406967 1.5900000006705524 1.8249999940395356
v 0.28999999910593033 1.5900000006705524 1.8249999940395356
v 0.21000000089406967 1.6499999993294479 2.6250000059604646
v 0.28999999910593033 1.6499999993294479 2.6250000059604646
v 0.21000000089406967 1.5900000006705524 2.6250000059604646
v 0.28999999910593033 1.5900000006705524 2.6250000059604646
v 0.28999999910593033 1.6499999993294479 1.8249999940395356
v 0.21000000089406967 1.6499999993294479 1.8249999940395356
v 0.28999999910593033 1.5900000006705524 1.8249999940395356
v 0.21000000089406967 1.5900000006705524 1.8249999940395356
vt 0 1
vt 1 1
vt 0 0
vt 1 0
vt 0 1
vt 1 1
vt 0 0
vt 1 0
vt 0 1
vt 1 1
vt 0 0
vt 1 0
vt 0 1
vt 1 1
vt 0 0
vt 1 0
vt 0 1
vt 1 1
vt 0 0
vt 1 0
vt 0 1
vt 1 1
vt 0 0
vt 1 0
vn 1 0 0
vn 1 0 0
vn 1 0 0
vn 1 0 0
vn -1 0 0
vn -1 0 0
vn -1 0 0
vn -1 0 0
vn 0 1 0
vn 0 1 0
vn 0 1 0
vn 0 1 0
vn 0 -1 0
vn 0 -1 0
vn 0 -1 0
vn 0 -1 0
vn 0 0 1
vn 0 0 1
vn 0 0 1
vn 0 0 1
vn 0 0 -1
vn 0 0 -1
vn 0 0 -1
vn 0 0 -1
f 1373/1373/1373 1375/1375/1375 1374/1374/1374
f 1375/1375/1375 1376/1376/1376 1374/1374/1374
f 1377/1377/1377 1379/1379/1379 1378/1378/1378
f 1379/1379/1379 1380/1380/1380 1378/1378/1378
f 1381/1381/1381 1383/1383/1383 1382/1382/1382
f 1383/1383/1383 1384/1384/1384 1382/1382/1382
f 1385/1385/1385 1387/1387/1387 1386/1386/1386
f 1387/1387/1387 1388/1388/1388 1386/1386/1386
f 1389/1389/1389 1391/1391/1391 1390/1390/1390
f 1391/1391/1391 1392/1392/1392 1390/1390/1390
f 1393/1393/1393 1395/1395/1395 1394/1394/1394
f 1395/1395/1395 1396/1396/1396 1394/1394/1394
o part_spine_west_3
usemtl wall_partition
v 0.28999999910593033 1.5900000166893005 4.275
v 0.28999999910593033 1.5900000166893005 3.525
v 0.28999999910593033 -1.6689300497141346e-8 4.275
v 0.28999999910593033 -1.6689300497141346e-8 3.525
v 0.21000000089406967 1.5900000166893005 3.525
v 0.21000000089406967 1.5900000166893005 4.275
v 0.21000000089406967 -1.6689300497141346e-8 3.525
v 0.21000000089406967 -1.6689300497141346e-8 4.275
v 0.21000000089406967 1.5900000166893005 3.525
v 0.28999999910593033 1.5900000166893005 3.525
v 0.21000000089406967 1.5900000166893005 4.275
v 0.28999999910593033 1.5900000166893005 4.275
v 0.21000000089406967 -1.6689300497141346e-8 4.275
v 0.28999999910593033 -1.6689300497141346e-8 4.275
v 0.21000000089406967 -1.6689300497141346e-8 3.525
v 0.28999999910593033 -1.6689300497141346e-8 3.525
v 0.21000000089406967 1.5900000166893005 4.275
v 0.28999999910593033 1.5900000166893005 4.275
v 0.21000000089406967 -1.6689300497141346e-8 4.275
v 0.28999999910593033 -1.6689300497141346e-8 4.275
v 0.28999999910593033 1.5900000166893005 3.525
v 0.21000000089406967 1.5900000166893005 3.525
v 0.28999999910593033 -1.6689300497141346e-8 3.525
v 0.21000000089406967 -1.6689300497141346e-8 3.525
vt 0 1
vt 1 1
vt 0 0
vt 1 0
vt 0 1
vt 1 1
vt 0 0
vt 1 0
vt 0 1
vt 1 1
vt 0 0
vt 1 0
vt 0 1
vt 1 1
vt 0 0
vt 1 0
vt 0 1
vt 1 1
vt 0 0
vt 1 0
vt 0 1
vt 1 1
vt 0 0
vt 1 0
vn 1 0 0
vn 1 0 0
vn 1 0 0
vn 1 0 0
vn -1 0 0
vn -1 0 0
vn -1 0 0
vn -1 0 0
vn 0 1 0
vn 0 1 0
vn 0 1 0
vn 0 1 0
vn 0 -1 0
vn 0 -1 0
vn 0 -1 0
vn 0 -1 0
vn 0 0 1
vn 0 0 1
vn 0 0 1
vn 0 0 1
vn 0 0 -1
vn 0 0 -1
vn 0 0 -1
vn 0 0 -1
f 1397/1397/1397 1399/1399/1399 1398/1398/1398
f 1399/1399/1399 1400/1400/1400 1398/1398/1398
f 1401/1401/1401 1403/1403/1403 1402/1402/1402
f 1403/1403/1403 1404/1404/1404 1402/1402/1402
f 1405/1405/1405 1407/1407/1407 1406/1406/1406
f 1407/1407/1407 1408/1408/1408 1406/1406/1406
f 1409/1409/1409 1411/1411/1411 1410/1410/1410
f 1411/1411/1411 1412/1412/1412 1410/1410/1410
f 1413/1413/1413 1415/1415/1415 1414/1414/1414
f 1415/1415/1415 1416/1416/1416 1414/1414/1414
f 1417/1417/1417 1419/1419/1419 1418/1418/1418
f 1419/1419/1419 1420/1420/1420 1418/1418/1418
o part_spine_west_3_cap
usemtl wall_cap
v 0.28999999910593033 1.6499999993294479 4.275
v 0.28999999910593033 1.6499999993294479 3.525
v 0.28999999910593033 1.5900000006705524 4.275
v 0.28999999910593033 1.5900000006705524 3.525
v 0.21000000089406967 1.6499999993294479 3.525
v 0.21000000089406967 1.6499999993294479 4.275
v 0.21000000089406967 1.5900000006705524 3.525
v 0.21000000089406967 1.5900000006705524 4.275
v 0.21000000089406967 1.6499999993294479 3.525
v 0.28999999910593033 1.6499999993294479 3.525
v 0.21000000089406967 1.6499999993294479 4.275
v 0.28999999910593033 1.6499999993294479 4.275
v 0.21000000089406967 1.5900000006705524 4.275
v 0.28999999910593033 1.5900000006705524 4.275
v 0.21000000089406967 1.5900000006705524 3.525
v 0.28999999910593033 1.5900000006705524 3.525
v 0.21000000089406967 1.6499999993294479 4.275
v 0.28999999910593033 1.6499999993294479 4.275
v 0.21000000089406967 1.5900000006705524 4.275
v 0.28999999910593033 1.5900000006705524 4.275
v 0.28999999910593033 1.6499999993294479 3.525
v 0.21000000089406967 1.6499999993294479 3.525
v 0.28999999910593033 1.5900000006705524 3.525
v 0.21000000089406967 1.5900000006705524 3.525
vt 0 1
vt 1 1
vt 0 0
vt 1 0
vt 0 1
vt 1 1
vt 0 0
vt 1 0
vt 0 1
vt 1 1
vt 0 0
vt 1 0
vt 0 1
vt 1 1
vt 0 0
vt 1 0
vt 0 1
vt 1 1
vt 0 0
vt 1 0
vt 0 1
vt 1 1
vt 0 0
vt 1 0
vn 1 0 0
vn 1 0 0
vn 1 0 0
vn 1 0 0
vn -1 0 0
vn -1 0 0
vn -1 0 0
vn -1 0 0
vn 0 1 0
vn 0 1 0
vn 0 1 0
vn 0 1 0
vn 0 -1 0
vn 0 -1 0
vn 0 -1 0
vn 0 -1 0
vn 0 0 1
vn 0 0 1
vn 0 0 1
vn 0 0 1
vn 0 0 -1
vn 0 0 -1
vn 0 0 -1
vn 0 0 -1
f 1421/1421/1421 1423/1423/1423 1422/1422/1422
f 1423/1423/1423 1424/1424/1424 1422/1422/1422
f 1425/1425/1425 1427/1427/1427 1426/1426/1426
f 1427/1427/1427 1428/1428/1428 1426/1426/1426
f 1429/1429/1429 1431/1431/1431 1430/1430/1430
f 1431/1431/1431 1432/1432/1432 1430/1430/1430
f 1433/1433/1433 1435/1435/1435 1434/1434/1434
f 1435/1435/1435 1436/1436/1436 1434/1434/1434
f 1437/1437/1437 1439/1439/1439 1438/1438/1438
f 1439/1439/1439 1440/1440/1440 1438/1438/1438
f 1441/1441/1441 1443/1443/1443 1442/1442/1442
f 1443/1443/1443 1444/1444/1444 1442/1442/1442
o part_spine_west_door1
usemtl threshold
v 0.32999999821186066 0.029999999664723873 1.824999988079071
v 0.32999999821186066 0.029999999664723873 0.925000011920929
v 0.32999999821186066 3.3527612630646075e-10 1.824999988079071
v 0.32999999821186066 3.3527612630646075e-10 0.925000011920929
v 0.17000000178813934 0.029999999664723873 0.925000011920929
v 0.17000000178813934 0.029999999664723873 1.824999988079071
v 0.17000000178813934 3.3527612630646075e-10 0.925000011920929
v 0.17000000178813934 3.3527612630646075e-10 1.824999988079071
v 0.17000000178813934 0.029999999664723873 0.925000011920929
v 0.32999999821186066 0.029999999664723873 0.925000011920929
v 0.17000000178813934 0.029999999664723873 1.824999988079071
v 0.32999999821186066 0.029999999664723873 1.824999988079071
v 0.17000000178813934 3.3527612630646075e-10 1.824999988079071
v 0.32999999821186066 3.3527612630646075e-10 1.824999988079071
v 0.17000000178813934 3.3527612630646075e-10 0.925000011920929
v 0.32999999821186066 3.3527612630646075e-10 0.925000011920929
v 0.17000000178813934 0.029999999664723873 1.824999988079071
v 0.32999999821186066 0.029999999664723873 1.824999988079071
v 0.17000000178813934 3.3527612630646075e-10 1.824999988079071
v 0.32999999821186066 3.3527612630646075e-10 1.824999988079071
v 0.32999999821186066 0.029999999664723873 0.925000011920929
v 0.17000000178813934 0.029999999664723873 0.925000011920929
v 0.32999999821186066 3.3527612630646075e-10 0.925000011920929
v 0.17000000178813934 3.3527612630646075e-10 0.925000011920929
vt 0 1
vt 1 1
vt 0 0
vt 1 0
vt 0 1
vt 1 1
vt 0 0
vt 1 0
vt 0 1
vt 1 1
vt 0 0
vt 1 0
vt 0 1
vt 1 1
vt 0 0
vt 1 0
vt 0 1
vt 1 1
vt 0 0
vt 1 0
vt 0 1
vt 1 1
vt 0 0
vt 1 0
vn 1 0 0
vn 1 0 0
vn 1 0 0
vn 1 0 0
vn -1 0 0
vn -1 0 0
vn -1 0 0
vn -1 0 0
vn 0 1 0
vn 0 1 0
vn 0 1 0
vn 0 1 0
vn 0 -1 0
vn 0 -1 0
vn 0 -1 0
vn 0 -1 0
vn 0 0 1
vn 0 0 1
vn 0 0 1
vn 0 0 1
vn 0 0 -1
vn 0 0 -1
vn 0 0 -1
vn 0 0 -1
f 1445/1445/1445 1447/1447/1447 1446/1446/1446
f 1447/1447/1447 1448/1448/1448 1446/1446/1446
f 1449/1449/1449 1451/1451/1451 1450/1450/1450
f 1451/1451/1451 1452/1452/1452 1450/1450/1450
f 1453/1453/1453 1455/1455/1455 1454/1454/1454
f 1455/1455/1455 1456/1456/1456 1454/1454/1454
f 1457/1457/1457 1459/1459/1459 1458/1458/1458
f 1459/1459/1459 1460/1460/1460 1458/1458/1458
f 1461/1461/1461 1463/1463/1463 1462/1462/1462
f 1463/1463/1463 1464/1464/1464 1462/1462/1462
f 1465/1465/1465 1467/1467/1467 1466/1466/1466
f 1467/1467/1467 1468/1468/1468 1466/1466/1466
o part_spine_west_door2
usemtl threshold
v 0.32999999821186066 0.029999999664723873 3.5249999880790712
v 0.32999999821186066 0.029999999664723873 2.625000011920929
v 0.32999999821186066 3.3527612630646075e-10 3.5249999880790712
v 0.32999999821186066 3.3527612630646075e-10 2.625000011920929
v 0.17000000178813934 0.029999999664723873 2.625000011920929
v 0.17000000178813934 0.029999999664723873 3.5249999880790712
v 0.17000000178813934 3.3527612630646075e-10 2.625000011920929
v 0.17000000178813934 3.3527612630646075e-10 3.5249999880790712
v 0.17000000178813934 0.029999999664723873 2.625000011920929
v 0.32999999821186066 0.029999999664723873 2.625000011920929
v 0.17000000178813934 0.029999999664723873 3.5249999880790712
v 0.32999999821186066 0.029999999664723873 3.5249999880790712
v 0.17000000178813934 3.3527612630646075e-10 3.5249999880790712
v 0.32999999821186066 3.3527612630646075e-10 3.5249999880790712
v 0.17000000178813934 3.3527612630646075e-10 2.625000011920929
v 0.32999999821186066 3.3527612630646075e-10 2.625000011920929
v 0.17000000178813934 0.029999999664723873 3.5249999880790712
v 0.32999999821186066 0.029999999664723873 3.5249999880790712
v 0.17000000178813934 3.3527612630646075e-10 3.5249999880790712
v 0.32999999821186066 3.3527612630646075e-10 3.5249999880790712
v 0.32999999821186066 0.029999999664723873 2.625000011920929
v 0.17000000178813934 0.029999999664723873 2.625000011920929
v 0.32999999821186066 3.3527612630646075e-10 2.625000011920929
v 0.17000000178813934 3.3527612630646075e-10 2.625000011920929
vt 0 1
vt 1 1
vt 0 0
vt 1 0
vt 0 1
vt 1 1
vt 0 0
vt 1 0
vt 0 1
vt 1 1
vt 0 0
vt 1 0
vt 0 1
vt 1 1
vt 0 0
vt 1 0
vt 0 1
vt 1 1
vt 0 0
vt 1 0
vt 0 1
vt 1 1
vt 0 0
vt 1 0
vn 1 0 0
vn 1 0 0
vn 1 0 0
vn 1 0 0
vn -1 0 0
vn -1 0 0
vn -1 0 0
vn -1 0 0
vn 0 1 0
vn 0 1 0
vn 0 1 0
vn 0 1 0
vn 0 -1 0
vn 0 -1 0
vn 0 -1 0
vn 0 -1 0
vn 0 0 1
vn 0 0 1
vn 0 0 1
vn 0 0 1
vn 0 0 -1
vn 0 0 -1
vn 0 0 -1
vn 0 0 -1
f 1469/1469/1469 1471/1471/1471 1470/1470/1470
f 1471/1471/1471 1472/1472/1472 1470/1470/1470
f 1473/1473/1473 1475/1475/1475 1474/1474/1474
f 1475/1475/1475 1476/1476/1476 1474/1474/1474
f 1477/1477/1477 1479/1479/1479 1478/1478/1478
f 1479/1479/1479 1480/1480/1480 1478/1478/1478
f 1481/1481/1481 1483/1483/1483 1482/1482/1482
f 1483/1483/1483 1484/1484/1484 1482/1482/1482
f 1485/1485/1485 1487/1487/1487 1486/1486/1486
f 1487/1487/1487 1488/1488/1488 1486/1486/1486
f 1489/1489/1489 1491/1491/1491 1490/1490/1490
f 1491/1491/1491 1492/1492/1492 1490/1490/1490
o part_reception_east_1
usemtl wall_partition
v -1.3100000008940698 1.5900000166893005 2.7249999904632567
v -1.3100000008940698 1.5900000166893005 2.205000009536743
v -1.3100000008940698 -1.6689300497141346e-8 2.7249999904632567
v -1.3100000008940698 -1.6689300497141346e-8 2.205000009536743
v -1.3899999991059304 1.5900000166893005 2.205000009536743
v -1.3899999991059304 1.5900000166893005 2.7249999904632567
v -1.3899999991059304 -1.6689300497141346e-8 2.205000009536743
v -1.3899999991059304 -1.6689300497141346e-8 2.7249999904632567
v -1.3899999991059304 1.5900000166893005 2.205000009536743
v -1.3100000008940698 1.5900000166893005 2.205000009536743
v -1.3899999991059304 1.5900000166893005 2.7249999904632567
v -1.3100000008940698 1.5900000166893005 2.7249999904632567
v -1.3899999991059304 -1.6689300497141346e-8 2.7249999904632567
v -1.3100000008940698 -1.6689300497141346e-8 2.7249999904632567
v -1.3899999991059304 -1.6689300497141346e-8 2.205000009536743
v -1.3100000008940698 -1.6689300497141346e-8 2.205000009536743
v -1.3899999991059304 1.5900000166893005 2.7249999904632567
v -1.3100000008940698 1.5900000166893005 2.7249999904632567
v -1.3899999991059304 -1.6689300497141346e-8 2.7249999904632567
v -1.3100000008940698 -1.6689300497141346e-8 2.7249999904632567
v -1.3100000008940698 1.5900000166893005 2.205000009536743
v -1.3899999991059304 1.5900000166893005 2.205000009536743
v -1.3100000008940698 -1.6689300497141346e-8 2.205000009536743
v -1.3899999991059304 -1.6689300497141346e-8 2.205000009536743
vt 0 1
vt 1 1
vt 0 0
vt 1 0
vt 0 1
vt 1 1
vt 0 0
vt 1 0
vt 0 1
vt 1 1
vt 0 0
vt 1 0
vt 0 1
vt 1 1
vt 0 0
vt 1 0
vt 0 1
vt 1 1
vt 0 0
vt 1 0
vt 0 1
vt 1 1
vt 0 0
vt 1 0
vn 1 0 0
vn 1 0 0
vn 1 0 0
vn 1 0 0
vn -1 0 0
vn -1 0 0
vn -1 0 0
vn -1 0 0
vn 0 1 0
vn 0 1 0
vn 0 1 0
vn 0 1 0
vn 0 -1 0
vn 0 -1 0
vn 0 -1 0
vn 0 -1 0
vn 0 0 1
vn 0 0 1
vn 0 0 1
vn 0 0 1
vn 0 0 -1
vn 0 0 -1
vn 0 0 -1
vn 0 0 -1
f 1493/1493/1493 1495/1495/1495 1494/1494/1494
f 1495/1495/1495 1496/1496/1496 1494/1494/1494
f 1497/1497/1497 1499/1499/1499 1498/1498/1498
f 1499/1499/1499 1500/1500/1500 1498/1498/1498
f 1501/1501/1501 1503/1503/1503 1502/1502/1502
f 1503/1503/1503 1504/1504/1504 1502/1502/1502
f 1505/1505/1505 1507/1507/1507 1506/1506/1506
f 1507/1507/1507 1508/1508/1508 1506/1506/1506
f 1509/1509/1509 1511/1511/1511 1510/1510/1510
f 1511/1511/1511 1512/1512/1512 1510/1510/1510
f 1513/1513/1513 1515/1515/1515 1514/1514/1514
f 1515/1515/1515 1516/1516/1516 1514/1514/1514
o part_reception_east_1_cap
usemtl wall_cap
v -1.3100000008940698 1.6499999993294479 2.7249999904632567
v -1.3100000008940698 1.6499999993294479 2.205000009536743
v -1.3100000008940698 1.5900000006705524 2.7249999904632567
v -1.3100000008940698 1.5900000006705524 2.205000009536743
v -1.3899999991059304 1.6499999993294479 2.205000009536743
v -1.3899999991059304 1.6499999993294479 2.7249999904632567
v -1.3899999991059304 1.5900000006705524 2.205000009536743
v -1.3899999991059304 1.5900000006705524 2.7249999904632567
v -1.3899999991059304 1.6499999993294479 2.205000009536743
v -1.3100000008940698 1.6499999993294479 2.205000009536743
v -1.3899999991059304 1.6499999993294479 2.7249999904632567
v -1.3100000008940698 1.6499999993294479 2.7249999904632567
v -1.3899999991059304 1.5900000006705524 2.7249999904632567
v -1.3100000008940698 1.5900000006705524 2.7249999904632567
v -1.3899999991059304 1.5900000006705524 2.205000009536743
v -1.3100000008940698 1.5900000006705524 2.205000009536743
v -1.3899999991059304 1.6499999993294479 2.7249999904632567
v -1.3100000008940698 1.6499999993294479 2.7249999904632567
v -1.3899999991059304 1.5900000006705524 2.7249999904632567
v -1.3100000008940698 1.5900000006705524 2.7249999904632567
v -1.3100000008940698 1.6499999993294479 2.205000009536743
v -1.3899999991059304 1.6499999993294479 2.205000009536743
v -1.3100000008940698 1.5900000006705524 2.205000009536743
v -1.3899999991059304 1.5900000006705524 2.205000009536743
vt 0 1
vt 1 1
vt 0 0
vt 1 0
vt 0 1
vt 1 1
vt 0 0
vt 1 0
vt 0 1
vt 1 1
vt 0 0
vt 1 0
vt 0 1
vt 1 1
vt 0 0
vt 1 0
vt 0 1
vt 1 1
vt 0 0
vt 1 0
vt 0 1
vt 1 1
vt 0 0
vt 1 0
vn 1 0 0
vn 1 0 0
vn 1 0 0
vn 1 0 0
vn -1 0 0
vn -1 0 0
vn -1 0 0
vn -1 0 0
vn 0 1 0
vn 0 1 0
vn 0 1 0
vn 0 1 0
vn 0 -1 0
vn 0 -1 0
vn 0 -1 0
vn 0 -1 0
vn 0 0 1
vn 0 0 1
vn 0 0 1
vn 0 0 1
vn 0 0 -1
vn 0 0 -1
vn 0 0 -1
vn 0 0 -1
f 1517/1517/1517 1519/1519/1519 1518/1518/1518
f 1519/1519/1519 1520/1520/1520 1518/1518/1518
f 1521/1521/1521 1523/1523/1523 1522/1522/1522
f 1523/1523/1523 1524/1524/1524 1522/1522/1522
f 1525/1525/1525 1527/1527/1527 1526/1526/1526
f 1527/1527/1527 1528/1528/1528 1526/1526/1526
f 1529/1529/1529 1531/1531/1531 1530/1530/1530
f 1531/1531/1531 1532/1532/1532 1530/1530/1530
f 1533/1533/1533 1535/1535/1535 1534/1534/1534
f 1535/1535/1535 1536/1536/1536 1534/1534/1534
f 1537/1537/1537 1539/1539/1539 1538/1538/1538
f 1539/1539/1539 1540/1540/1540 1538/1538/1538
o part_reception_east_2
usemtl wall_partition
v -1.3100000008940698 1.5900000166893005 4.274999988079071
v -1.3100000008940698 1.5900000166893005 3.625000011920929
v -1.3100000008940698 -1.6689300497141346e-8 4.274999988079071
v -1.3100000008940698 -1.6689300497141346e-8 3.625000011920929
v -1.3899999991059304 1.5900000166893005 3.625000011920929
v -1.3899999991059304 1.5900000166893005 4.274999988079071
v -1.3899999991059304 -1.6689300497141346e-8 3.625000011920929
v -1.3899999991059304 -1.6689300497141346e-8 4.274999988079071
v -1.3899999991059304 1.5900000166893005 3.625000011920929
v -1.3100000008940698 1.5900000166893005 3.625000011920929
v -1.3899999991059304 1.5900000166893005 4.274999988079071
v -1.3100000008940698 1.5900000166893005 4.274999988079071
v -1.3899999991059304 -1.6689300497141346e-8 4.274999988079071
v -1.3100000008940698 -1.6689300497141346e-8 4.274999988079071
v -1.3899999991059304 -1.6689300497141346e-8 3.625000011920929
v -1.3100000008940698 -1.6689300497141346e-8 3.625000011920929
v -1.3899999991059304 1.5900000166893005 4.274999988079071
v -1.3100000008940698 1.5900000166893005 4.274999988079071
v -1.3899999991059304 -1.6689300497141346e-8 4.274999988079071
v -1.3100000008940698 -1.6689300497141346e-8 4.274999988079071
v -1.3100000008940698 1.5900000166893005 3.625000011920929
v -1.3899999991059304 1.5900000166893005 3.625000011920929
v -1.3100000008940698 -1.6689300497141346e-8 3.625000011920929
v -1.3899999991059304 -1.6689300497141346e-8 3.625000011920929
vt 0 1
vt 1 1
vt 0 0
vt 1 0
vt 0 1
vt 1 1
vt 0 0
vt 1 0
vt 0 1
vt 1 1
vt 0 0
vt 1 0
vt 0 1
vt 1 1
vt 0 0
vt 1 0
vt 0 1
vt 1 1
vt 0 0
vt 1 0
vt 0 1
vt 1 1
vt 0 0
vt 1 0
vn 1 0 0
vn 1 0 0
vn 1 0 0
vn 1 0 0
vn -1 0 0
vn -1 0 0
vn -1 0 0
vn -1 0 0
vn 0 1 0
vn 0 1 0
vn 0 1 0
vn 0 1 0
vn 0 -1 0
vn 0 -1 0
vn 0 -1 0
vn 0 -1 0
vn 0 0 1
vn 0 0 1
vn 0 0 1
vn 0 0 1
vn 0 0 -1
vn 0 0 -1
vn 0 0 -1
vn 0 0 -1
f 1541/1541/1541 1543/1543/1543 1542/1542/1542
f 1543/1543/1543 1544/1544/1544 1542/1542/1542
f 1545/1545/1545 1547/1547/1547 1546/1546/1546
f 1547/1547/1547 1548/1548/1548 1546/1546/1546
f 1549/1549/1549 1551/1551/1551 1550/1550/1550
f 1551/1551/1551 1552/1552/1552 1550/1550/1550
f 1553/1553/1553 1555/1555/1555 1554/1554/1554
f 1555/1555/1555 1556/1556/1556 1554/1554/1554
f 1557/1557/1557 1559/1559/1559 1558/1558/1558
f 1559/1559/1559 1560/1560/1560 1558/1558/1558
f 1561/1561/1561 1563/1563/1563 1562/1562/1562
f 1563/1563/1563 1564/1564/1564 1562/1562/1562
o part_reception_east_2_cap
usemtl wall_cap
v -1.3100000008940698 1.6499999993294479 4.274999988079071
v -1.3100000008940698 1.6499999993294479 3.625000011920929
v -1.3100000008940698 1.5900000006705524 4.274999988079071
v -1.3100000008940698 1.5900000006705524 3.625000011920929
v -1.3899999991059304 1.6499999993294479 3.625000011920929
v -1.3899999991059304 1.6499999993294479 4.274999988079071
v -1.3899999991059304 1.5900000006705524 3.625000011920929
v -1.3899999991059304 1.5900000006705524 4.274999988079071
v -1.3899999991059304 1.6499999993294479 3.625000011920929
v -1.3100000008940698 1.6499999993294479 3.625000011920929
v -1.3899999991059304 1.6499999993294479 4.274999988079071
v -1.3100000008940698 1.6499999993294479 4.274999988079071
v -1.3899999991059304 1.5900000006705524 4.274999988079071
v -1.3100000008940698 1.5900000006705524 4.274999988079071
v -1.3899999991059304 1.5900000006705524 3.625000011920929
v -1.3100000008940698 1.5900000006705524 3.625000011920929
v -1.3899999991059304 1.6499999993294479 4.274999988079071
v -1.3100000008940698 1.6499999993294479 4.274999988079071
v -1.3899999991059304 1.5900000006705524 4.274999988079071
v -1.3100000008940698 1.5900000006705524 4.274999988079071
v -1.3100000008940698 1.6499999993294479 3.625000011920929
v -1.3899999991059304 1.6499999993294479 3.625000011920929
v -1.3100000008940698 1.5900000006705524 3.625000011920929
v -1.3899999991059304 1.5900000006705524 3.625000011920929
vt 0 1
vt 1 1
vt 0 0
vt 1 0
vt 0 1
vt 1 1
vt 0 0
vt 1 0
vt 0 1
vt 1 1
vt 0 0
vt 1 0
vt 0 1
vt 1 1
vt 0 0
vt 1 0
vt 0 1
vt 1 1
vt 0 0
vt 1 0
vt 0 1
vt 1 1
vt 0 0
vt 1 0
vn 1 0 0
vn 1 0 0
vn 1 0 0
vn 1 0 0
vn -1 0 0
vn -1 0 0
vn -1 0 0
vn -1 0 0
vn 0 1 0
vn 0 1 0
vn 0 1 0
vn 0 1 0
vn 0 -1 0
vn 0 -1 0
vn 0 -1 0
vn 0 -1 0
vn 0 0 1
vn 0 0 1
vn 0 0 1
vn 0 0 1
vn 0 0 -1
vn 0 0 -1
vn 0 0 -1
vn 0 0 -1
f 1565/1565/1565 1567/1567/1567 1566/1566/1566
f 1567/1567/1567 1568/1568/1568 1566/1566/1566
f 1569/1569/1569 1571/1571/1571 1570/1570/1570
f 1571/1571/1571 1572/1572/1572 1570/1570/1570
f 1573/1573/1573 1575/1575/1575 1574/1574/1574
f 1575/1575/1575 1576/1576/1576 1574/1574/1574
f 1577/1577/1577 1579/1579/1579 1578/1578/1578
f 1579/1579/1579 1580/1580/1580 1578/1578/1578
f 1581/1581/1581 1583/1583/1583 1582/1582/1582
f 1583/1583/1583 1584/1584/1584 1582/1582/1582
f 1585/1585/1585 1587/1587/1587 1586/1586/1586
f 1587/1587/1587 1588/1588/1588 1586/1586/1586
o part_reception_east_door1
usemtl threshold
v -1.2700000017881394 0.029999999664723873 3.624999988079071
v -1.2700000017881394 0.029999999664723873 2.7250000119209288
v -1.2700000017881394 3.3527612630646075e-10 3.624999988079071
v -1.2700000017881394 3.3527612630646075e-10 2.7250000119209288
v -1.4299999982118607 0.029999999664723873 2.7250000119209288
v -1.4299999982118607 0.029999999664723873 3.624999988079071
v -1.4299999982118607 3.3527612630646075e-10 2.7250000119209288
v -1.4299999982118607 3.3527612630646075e-10 3.624999988079071
v -1.4299999982118607 0.029999999664723873 2.7250000119209288
v -1.2700000017881394 0.029999999664723873 2.7250000119209288
v -1.4299999982118607 0.029999999664723873 3.624999988079071
v -1.2700000017881394 0.029999999664723873 3.624999988079071
v -1.4299999982118607 3.3527612630646075e-10 3.624999988079071
v -1.2700000017881394 3.3527612630646075e-10 3.624999988079071
v -1.4299999982118607 3.3527612630646075e-10 2.7250000119209288
v -1.2700000017881394 3.3527612630646075e-10 2.7250000119209288
v -1.4299999982118607 0.029999999664723873 3.624999988079071
v -1.2700000017881394 0.029999999664723873 3.624999988079071
v -1.4299999982118607 3.3527612630646075e-10 3.624999988079071
v -1.2700000017881394 3.3527612630646075e-10 3.624999988079071
v -1.2700000017881394 0.029999999664723873 2.7250000119209288
v -1.4299999982118607 0.029999999664723873 2.7250000119209288
v -1.2700000017881394 3.3527612630646075e-10 2.7250000119209288
v -1.4299999982118607 3.3527612630646075e-10 2.7250000119209288
vt 0 1
vt 1 1
vt 0 0
vt 1 0
vt 0 1
vt 1 1
vt 0 0
vt 1 0
vt 0 1
vt 1 1
vt 0 0
vt 1 0
vt 0 1
vt 1 1
vt 0 0
vt 1 0
vt 0 1
vt 1 1
vt 0 0
vt 1 0
vt 0 1
vt 1 1
vt 0 0
vt 1 0
vn 1 0 0
vn 1 0 0
vn 1 0 0
vn 1 0 0
vn -1 0 0
vn -1 0 0
vn -1 0 0
vn -1 0 0
vn 0 1 0
vn 0 1 0
vn 0 1 0
vn 0 1 0
vn 0 -1 0
vn 0 -1 0
vn 0 -1 0
vn 0 -1 0
vn 0 0 1
vn 0 0 1
vn 0 0 1
vn 0 0 1
vn 0 0 -1
vn 0 0 -1
vn 0 0 -1
vn 0 0 -1
f 1589/1589/1589 1591/1591/1591 1590/1590/1590
f 1591/1591/1591 1592/1592/1592 1590/1590/1590
f 1593/1593/1593 1595/1595/1595 1594/1594/1594
f 1595/1595/1595 1596/1596/1596 1594/1594/1594
f 1597/1597/1597 1599/1599/1599 1598/1598/1598
f 1599/1599/1599 1600/1600/1600 1598/1598/1598
f 1601/1601/1601 1603/1603/1603 1602/1602/1602
f 1603/1603/1603 1604/1604/1604 1602/1602/1602
f 1605/1605/1605 1607/1607/1607 1606/1606/1606
f 1607/1607/1607 1608/1608/1608 1606/1606/1606
f 1609/1609/1609 1611/1611/1611 1610/1610/1610
f 1611/1611/1611 1612/1612/1612 1610/1610/1610
o part_spine_east_1
usemtl wall_partition
v 1.4399999991059302 1.5900000166893005 -1.275
v 1.4399999991059302 1.5900000166893005 -4.275
v 1.4399999991059302 -1.6689300497141346e-8 -1.275
v 1.4399999991059302 -1.6689300497141346e-8 -4.275
v 1.3600000008940696 1.5900000166893005 -4.275
v 1.3600000008940696 1.5900000166893005 -1.275
v 1.3600000008940696 -1.6689300497141346e-8 -4.275
v 1.3600000008940696 -1.6689300497141346e-8 -1.275
v 1.3600000008940696 1.5900000166893005 -4.275
v 1.4399999991059302 1.5900000166893005 -4.275
v 1.3600000008940696 1.5900000166893005 -1.275
v 1.4399999991059302 1.5900000166893005 -1.275
v 1.3600000008940696 -1.6689300497141346e-8 -1.275
v 1.4399999991059302 -1.6689300497141346e-8 -1.275
v 1.3600000008940696 -1.6689300497141346e-8 -4.275
v 1.4399999991059302 -1.6689300497141346e-8 -4.275
v 1.3600000008940696 1.5900000166893005 -1.275
v 1.4399999991059302 1.5900000166893005 -1.275
v 1.3600000008940696 -1.6689300497141346e-8 -1.275
v 1.4399999991059302 -1.6689300497141346e-8 -1.275
v 1.4399999991059302 1.5900000166893005 -4.275
v 1.3600000008940696 1.5900000166893005 -4.275
v 1.4399999991059302 -1.6689300497141346e-8 -4.275
v 1.3600000008940696 -1.6689300497141346e-8 -4.275
vt 0 1
vt 1 1
vt 0 0
vt 1 0
vt 0 1
vt 1 1
vt 0 0
vt 1 0
vt 0 1
vt 1 1
vt 0 0
vt 1 0
vt 0 1
vt 1 1
vt 0 0
vt 1 0
vt 0 1
vt 1 1
vt 0 0
vt 1 0
vt 0 1
vt 1 1
vt 0 0
vt 1 0
vn 1 0 0
vn 1 0 0
vn 1 0 0
vn 1 0 0
vn -1 0 0
vn -1 0 0
vn -1 0 0
vn -1 0 0
vn 0 1 0
vn 0 1 0
vn 0 1 0
vn 0 1 0
vn 0 -1 0
vn 0 -1 0
vn 0 -1 0
vn 0 -1 0
vn 0 0 1
vn 0 0 1
vn 0 0 1
vn 0 0 1
vn 0 0 -1
vn 0 0 -1
vn 0 0 -1
vn 0 0 -1
f 1613/1613/1613 1615/1615/1615 1614/1614/1614
f 1615/1615/1615 1616/1616/1616 1614/1614/1614
f 1617/1617/1617 1619/1619/1619 1618/1618/1618
f 1619/1619/1619 1620/1620/1620 1618/1618/1618
f 1621/1621/1621 1623/1623/1623 1622/1622/1622
f 1623/1623/1623 1624/1624/1624 1622/1622/1622
f 1625/1625/1625 1627/1627/1627 1626/1626/1626
f 1627/1627/1627 1628/1628/1628 1626/1626/1626
f 1629/1629/1629 1631/1631/1631 1630/1630/1630
f 1631/1631/1631 1632/1632/1632 1630/1630/1630
f 1633/1633/1633 1635/1635/1635 1634/1634/1634
f 1635/1635/1635 1636/1636/1636 1634/1634/1634
o part_spine_east_1_cap
usemtl wall_cap
v 1.4399999991059302 1.6499999993294479 -1.275
v 1.4399999991059302 1.6499999993294479 -4.275
v 1.4399999991059302 1.5900000006705524 -1.275
v 1.4399999991059302 1.5900000006705524 -4.275
v 1.3600000008940696 1.6499999993294479 -4.275
v 1.3600000008940696 1.6499999993294479 -1.275
v 1.3600000008940696 1.5900000006705524 -4.275
v 1.3600000008940696 1.5900000006705524 -1.275
v 1.3600000008940696 1.6499999993294479 -4.275
v 1.4399999991059302 1.6499999993294479 -4.275
v 1.3600000008940696 1.6499999993294479 -1.275
v 1.4399999991059302 1.6499999993294479 -1.275
v 1.3600000008940696 1.5900000006705524 -1.275
v 1.4399999991059302 1.5900000006705524 -1.275
v 1.3600000008940696 1.5900000006705524 -4.275
v 1.4399999991059302 1.5900000006705524 -4.275
v 1.3600000008940696 1.6499999993294479 -1.275
v 1.4399999991059302 1.6499999993294479 -1.275
v 1.3600000008940696 1.5900000006705524 -1.275
v 1.4399999991059302 1.5900000006705524 -1.275
v 1.4399999991059302 1.6499999993294479 -4.275
v 1.3600000008940696 1.6499999993294479 -4.275
v 1.4399999991059302 1.5900000006705524 -4.275
v 1.3600000008940696 1.5900000006705524 -4.275
vt 0 1
vt 1 1
vt 0 0
vt 1 0
vt 0 1
vt 1 1
vt 0 0
vt 1 0
vt 0 1
vt 1 1
vt 0 0
vt 1 0
vt 0 1
vt 1 1
vt 0 0
vt 1 0
vt 0 1
vt 1 1
vt 0 0
vt 1 0
vt 0 1
vt 1 1
vt 0 0
vt 1 0
vn 1 0 0
vn 1 0 0
vn 1 0 0
vn 1 0 0
vn -1 0 0
vn -1 0 0
vn -1 0 0
vn -1 0 0
vn 0 1 0
vn 0 1 0
vn 0 1 0
vn 0 1 0
vn 0 -1 0
vn 0 -1 0
vn 0 -1 0
vn 0 -1 0
vn 0 0 1
vn 0 0 1
vn 0 0 1
vn 0 0 1
vn 0 0 -1
vn 0 0 -1
vn 0 0 -1
vn 0 0 -1
f 1637/1637/1637 1639/1639/1639 1638/1638/1638
f 1639/1639/1639 1640/1640/1640 1638/1638/1638
f 1641/1641/1641 1643/1643/1643 1642/1642/1642
f 1643/1643/1643 1644/1644/1644 1642/1642/1642
f 1645/1645/1645 1647/1647/1647 1646/1646/1646
f 1647/1647/1647 1648/1648/1648 1646/1646/1646
f 1649/1649/1649 1651/1651/1651 1650/1650/1650
f 1651/1651/1651 1652/1652/1652 1650/1650/1650
f 1653/1653/1653 1655/1655/1655 1654/1654/1654
f 1655/1655/1655 1656/1656/1656 1654/1654/1654
f 1657/1657/1657 1659/1659/1659 1658/1658/1658
f 1659/1659/1659 1660/1660/1660 1658/1658/1658
o part_spine_east_2
usemtl wall_partition
v 1.4399999991059302 1.5900000166893005 2.174999976158142
v 1.4399999991059302 1.5900000166893005 -0.37499997615814207
v 1.4399999991059302 -1.6689300497141346e-8 2.174999976158142
v 1.4399999991059302 -1.6689300497141346e-8 -0.37499997615814207
v 1.3600000008940696 1.5900000166893005 -0.37499997615814207
v 1.3600000008940696 1.5900000166893005 2.174999976158142
v 1.3600000008940696 -1.6689300497141346e-8 -0.37499997615814207
v 1.3600000008940696 -1.6689300497141346e-8 2.174999976158142
v 1.3600000008940696 1.5900000166893005 -0.37499997615814207
v 1.4399999991059302 1.5900000166893005 -0.37499997615814207
v 1.3600000008940696 1.5900000166893005 2.174999976158142
v 1.4399999991059302 1.5900000166893005 2.174999976158142
v 1.3600000008940696 -1.6689300497141346e-8 2.174999976158142
v 1.4399999991059302 -1.6689300497141346e-8 2.174999976158142
v 1.3600000008940696 -1.6689300497141346e-8 -0.37499997615814207
v 1.4399999991059302 -1.6689300497141346e-8 -0.37499997615814207
v 1.3600000008940696 1.5900000166893005 2.174999976158142
v 1.4399999991059302 1.5900000166893005 2.174999976158142
v 1.3600000008940696 -1.6689300497141346e-8 2.174999976158142
v 1.4399999991059302 -1.6689300497141346e-8 2.174999976158142
v 1.4399999991059302 1.5900000166893005 -0.37499997615814207
v 1.3600000008940696 1.5900000166893005 -0.37499997615814207
v 1.4399999991059302 -1.6689300497141346e-8 -0.37499997615814207
v 1.3600000008940696 -1.6689300497141346e-8 -0.37499997615814207
vt 0 1
vt 1 1
vt 0 0
vt 1 0
vt 0 1
vt 1 1
vt 0 0
vt 1 0
vt 0 1
vt 1 1
vt 0 0
vt 1 0
vt 0 1
vt 1 1
vt 0 0
vt 1 0
vt 0 1
vt 1 1
vt 0 0
vt 1 0
vt 0 1
vt 1 1
vt 0 0
vt 1 0
vn 1 0 0
vn 1 0 0
vn 1 0 0
vn 1 0 0
vn -1 0 0
vn -1 0 0
vn -1 0 0
vn -1 0 0
vn 0 1 0
vn 0 1 0
vn 0 1 0
vn 0 1 0
vn 0 -1 0
vn 0 -1 0
vn 0 -1 0
vn 0 -1 0
vn 0 0 1
vn 0 0 1
vn 0 0 1
vn 0 0 1
vn 0 0 -1
vn 0 0 -1
vn 0 0 -1
vn 0 0 -1
f 1661/1661/1661 1663/1663/1663 1662/1662/1662
f 1663/1663/1663 1664/1664/1664 1662/1662/1662
f 1665/1665/1665 1667/1667/1667 1666/1666/1666
f 1667/1667/1667 1668/1668/1668 1666/1666/1666
f 1669/1669/1669 1671/1671/1671 1670/1670/1670
f 1671/1671/1671 1672/1672/1672 1670/1670/1670
f 1673/1673/1673 1675/1675/1675 1674/1674/1674
f 1675/1675/1675 1676/1676/1676 1674/1674/1674
f 1677/1677/1677 1679/1679/1679 1678/1678/1678
f 1679/1679/1679 1680/1680/1680 1678/1678/1678
f 1681/1681/1681 1683/1683/1683 1682/1682/1682
f 1683/1683/1683 1684/1684/1684 1682/1682/1682
o part_spine_east_2_cap
usemtl wall_cap
v 1.4399999991059302 1.6499999993294479 2.174999976158142
v 1.4399999991059302 1.6499999993294479 -0.37499997615814207
v 1.4399999991059302 1.5900000006705524 2.174999976158142
v 1.4399999991059302 1.5900000006705524 -0.37499997615814207
v 1.3600000008940696 1.6499999993294479 -0.37499997615814207
v 1.3600000008940696 1.6499999993294479 2.174999976158142
v 1.3600000008940696 1.5900000006705524 -0.37499997615814207
v 1.3600000008940696 1.5900000006705524 2.174999976158142
v 1.3600000008940696 1.6499999993294479 -0.37499997615814207
v 1.4399999991059302 1.6499999993294479 -0.37499997615814207
v 1.3600000008940696 1.6499999993294479 2.174999976158142
v 1.4399999991059302 1.6499999993294479 2.174999976158142
v 1.3600000008940696 1.5900000006705524 2.174999976158142
v 1.4399999991059302 1.5900000006705524 2.174999976158142
v 1.3600000008940696 1.5900000006705524 -0.37499997615814207
v 1.4399999991059302 1.5900000006705524 -0.37499997615814207
v 1.3600000008940696 1.6499999993294479 2.174999976158142
v 1.4399999991059302 1.6499999993294479 2.174999976158142
v 1.3600000008940696 1.5900000006705524 2.174999976158142
v 1.4399999991059302 1.5900000006705524 2.174999976158142
v 1.4399999991059302 1.6499999993294479 -0.37499997615814207
v 1.3600000008940696 1.6499999993294479 -0.37499997615814207
v 1.4399999991059302 1.5900000006705524 -0.37499997615814207
v 1.3600000008940696 1.5900000006705524 -0.37499997615814207
vt 0 1
vt 1 1
vt 0 0
vt 1 0
vt 0 1
vt 1 1
vt 0 0
vt 1 0
vt 0 1
vt 1 1
vt 0 0
vt 1 0
vt 0 1
vt 1 1
vt 0 0
vt 1 0
vt 0 1
vt 1 1
vt 0 0
vt 1 0
vt 0 1
vt 1 1
vt 0 0
vt 1 0
vn 1 0 0
vn 1 0 0
vn 1 0 0
vn 1 0 0
vn -1 0 0
vn -1 0 0
vn -1 0 0
vn -1 0 0
vn 0 1 0
vn 0 1 0
vn 0 1 0
vn 0 1 0
vn 0 -1 0
vn 0 -1 0
vn 0 -1 0
vn 0 -1 0
vn 0 0 1
vn 0 0 1
vn 0 0 1
vn 0 0 1
vn 0 0 -1
vn 0 0 -1
vn 0 0 -1
vn 0 0 -1
f 1685/1685/1685 1687/1687/1687 1686/1686/1686
f 1687/1687/1687 1688/1688/1688 1686/1686/1686
f 1689/1689/1689 1691/1691/1691 1690/1690/1690
f 1691/1691/1691 1692/1692/1692 1690/1690/1690
f 1693/1693/1693 1695/1695/1695 1694/1694/1694
f 1695/1695/1695 1696/1696/1696 1694/1694/1694
f 1697/1697/1697 1699/1699/1699 1698/1698/1698
f 1699/1699/1699 1700/1700/1700 1698/1698/1698
f 1701/1701/1701 1703/1703/1703 1702/1702/1702
f 1703/1703/1703 1704/1704/1704 1702/1702/1702
f 1705/1705/1705 1707/1707/1707 1706/1706/1706
f 1707/1707/1707 1708/1708/1708 1706/1706/1706
o part_spine_east_3
usemtl wall_partition
v 1.4399999991059302 1.5900000166893005 3.2750000059604645
v 1.4399999991059302 1.5900000166893005 2.9749999940395355
v 1.4399999991059302 -1.6689300497141346e-8 3.2750000059604645
v 1.4399999991059302 -1.6689300497141346e-8 2.9749999940395355
v 1.3600000008940696 1.5900000166893005 2.9749999940395355
v 1.3600000008940696 1.5900000166893005 3.2750000059604645
v 1.3600000008940696 -1.6689300497141346e-8 2.9749999940395355
v 1.3600000008940696 -1.6689300497141346e-8 3.2750000059604645
v 1.3600000008940696 1.5900000166893005 2.9749999940395355
v 1.4399999991059302 1.5900000166893005 2.9749999940395355
v 1.3600000008940696 1.5900000166893005 3.2750000059604645
v 1.4399999991059302 1.5900000166893005 3.2750000059604645
v 1.3600000008940696 -1.6689300497141346e-8 3.2750000059604645
v 1.4399999991059302 -1.6689300497141346e-8 3.2750000059604645
v 1.3600000008940696 -1.6689300497141346e-8 2.9749999940395355
v 1.4399999991059302 -1.6689300497141346e-8 2.9749999940395355
v 1.3600000008940696 1.5900000166893005 3.2750000059604645
v 1.4399999991059302 1.5900000166893005 3.2750000059604645
v 1.3600000008940696 -1.6689300497141346e-8 3.2750000059604645
v 1.4399999991059302 -1.6689300497141346e-8 3.2750000059604645
v 1.4399999991059302 1.5900000166893005 2.9749999940395355
v 1.3600000008940696 1.5900000166893005 2.9749999940395355
v 1.4399999991059302 -1.6689300497141346e-8 2.9749999940395355
v 1.3600000008940696 -1.6689300497141346e-8 2.9749999940395355
vt 0 1
vt 1 1
vt 0 0
vt 1 0
vt 0 1
vt 1 1
vt 0 0
vt 1 0
vt 0 1
vt 1 1
vt 0 0
vt 1 0
vt 0 1
vt 1 1
vt 0 0
vt 1 0
vt 0 1
vt 1 1
vt 0 0
vt 1 0
vt 0 1
vt 1 1
vt 0 0
vt 1 0
vn 1 0 0
vn 1 0 0
vn 1 0 0
vn 1 0 0
vn -1 0 0
vn -1 0 0
vn -1 0 0
vn -1 0 0
vn 0 1 0
vn 0 1 0
vn 0 1 0
vn 0 1 0
vn 0 -1 0
vn 0 -1 0
vn 0 -1 0
vn 0 -1 0
vn 0 0 1
vn 0 0 1
vn 0 0 1
vn 0 0 1
vn 0 0 -1
vn 0 0 -1
vn 0 0 -1
vn 0 0 -1
f 1709/1709/1709 1711/1711/1711 1710/1710/1710
f 1711/1711/1711 1712/1712/1712 1710/1710/1710
f 1713/1713/1713 1715/1715/1715 1714/1714/1714
f 1715/1715/1715 1716/1716/1716 1714/1714/1714
f 1717/1717/1717 1719/1719/1719 1718/1718/1718
f 1719/1719/1719 1720/1720/1720 1718/1718/1718
f 1721/1721/1721 1723/1723/1723 1722/1722/1722
f 1723/1723/1723 1724/1724/1724 1722/1722/1722
f 1725/1725/1725 1727/1727/1727 1726/1726/1726
f 1727/1727/1727 1728/1728/1728 1726/1726/1726
f 1729/1729/1729 1731/1731/1731 1730/1730/1730
f 1731/1731/1731 1732/1732/1732 1730/1730/1730
o part_spine_east_3_cap
usemtl wall_cap
v 1.4399999991059302 1.6499999993294479 3.2750000059604645
v 1.4399999991059302 1.6499999993294479 2.9749999940395355
v 1.4399999991059302 1.5900000006705524 3.2750000059604645
v 1.4399999991059302 1.5900000006705524 2.9749999940395355
v 1.3600000008940696 1.6499999993294479 2.9749999940395355
v 1.3600000008940696 1.6499999993294479 3.2750000059604645
v 1.3600000008940696 1.5900000006705524 2.9749999940395355
v 1.3600000008940696 1.5900000006705524 3.2750000059604645
v 1.3600000008940696 1.6499999993294479 2.9749999940395355
v 1.4399999991059302 1.6499999993294479 2.9749999940395355
v 1.3600000008940696 1.6499999993294479 3.2750000059604645
v 1.4399999991059302 1.6499999993294479 3.2750000059604645
v 1.3600000008940696 1.5900000006705524 3.2750000059604645
v 1.4399999991059302 1.5900000006705524 3.2750000059604645
v 1.3600000008940696 1.5900000006705524 2.9749999940395355
v 1.4399999991059302 1.5900000006705524 2.9749999940395355
v 1.3600000008940696 1.6499999993294479 3.2750000059604645
v 1.4399999991059302 1.6499999993294479 3.2750000059604645
v 1.3600000008940696 1.5900000006705524 3.2750000059604645
v 1.4399999991059302 1.5900000006705524 3.2750000059604645
v 1.4399999991059302 1.6499999993294479 2.9749999940395355
v 1.3600000008940696 1.6499999993294479 2.9749999940395355
v 1.4399999991059302 1.5900000006705524 2.9749999940395355
v 1.3600000008940696 1.5900000006705524 2.9749999940395355
vt 0 1
vt 1 1
vt 0 0
vt 1 0
vt 0 1
vt 1 1
vt 0 0
vt 1 0
vt 0 1
vt 1 1
vt 0 0
vt 1 0
vt 0 1
vt 1 1
vt 0 0
vt 1 0
vt 0 1
vt 1 1
vt 0 0
vt 1 0
vt 0 1
vt 1 1
vt 0 0
vt 1 0
vn 1 0 0
vn 1 0 0
vn 1 0 0
vn 1 0 0
vn -1 0 0
vn -1 0 0
vn -1 0 0
vn -1 0 0
vn 0 1 0
vn 0 1 0
vn 0 1 0
vn 0 1 0
vn 0 -1 0
vn 0 -1 0
vn 0 -1 0
vn 0 -1 0
vn 0 0 1
vn 0 0 1
vn 0 0 1
vn 0 0 1
vn 0 0 -1
vn 0 0 -1
vn 0 0 -1
vn 0 0 -1
f 1733/1733/1733 1735/1735/1735 1734/1734/1734
f 1735/1735/1735 1736/1736/1736 1734/1734/1734
f 1737/1737/1737 1739/1739/1739 1738/1738/1738
f 1739/1739/1739 1740/1740/1740 1738/1738/1738
f 1741/1741/1741 1743/1743/1743 1742/1742/1742
f 1743/1743/1743 1744/1744/1744 1742/1742/1742
f 1745/1745/1745 1747/1747/1747 1746/1746/1746
f 1747/1747/1747 1748/1748/1748 1746/1746/1746
f 1749/1749/1749 1751/1751/1751 1750/1750/1750
f 1751/1751/1751 1752/1752/1752 1750/1750/1750
f 1753/1753/1753 1755/1755/1755 1754/1754/1754
f 1755/1755/1755 1756/1756/1756 1754/1754/1754
o part_spine_east_4
usemtl wall_partition
v 1.4399999991059302 1.5900000166893005 4.275000000745058
v 1.4399999991059302 1.5900000166893005 4.174999999254942
v 1.4399999991059302 -1.6689300497141346e-8 4.275000000745058
v 1.4399999991059302 -1.6689300497141346e-8 4.174999999254942
v 1.3600000008940696 1.5900000166893005 4.174999999254942
v 1.3600000008940696 1.5900000166893005 4.275000000745058
v 1.3600000008940696 -1.6689300497141346e-8 4.174999999254942
v 1.3600000008940696 -1.6689300497141346e-8 4.275000000745058
v 1.3600000008940696 1.5900000166893005 4.174999999254942
v 1.4399999991059302 1.5900000166893005 4.174999999254942
v 1.3600000008940696 1.5900000166893005 4.275000000745058
v 1.4399999991059302 1.5900000166893005 4.275000000745058
v 1.3600000008940696 -1.6689300497141346e-8 4.275000000745058
v 1.4399999991059302 -1.6689300497141346e-8 4.275000000745058
v 1.3600000008940696 -1.6689300497141346e-8 4.174999999254942
v 1.4399999991059302 -1.6689300497141346e-8 4.174999999254942
v 1.3600000008940696 1.5900000166893005 4.275000000745058
v 1.4399999991059302 1.5900000166893005 4.275000000745058
v 1.3600000008940696 -1.6689300497141346e-8 4.275000000745058
v 1.4399999991059302 -1.6689300497141346e-8 4.275000000745058
v 1.4399999991059302 1.5900000166893005 4.174999999254942
v 1.3600000008940696 1.5900000166893005 4.174999999254942
v 1.4399999991059302 -1.6689300497141346e-8 4.174999999254942
v 1.3600000008940696 -1.6689300497141346e-8 4.174999999254942
vt 0 1
vt 1 1
vt 0 0
vt 1 0
vt 0 1
vt 1 1
vt 0 0
vt 1 0
vt 0 1
vt 1 1
vt 0 0
vt 1 0
vt 0 1
vt 1 1
vt 0 0
vt 1 0
vt 0 1
vt 1 1
vt 0 0
vt 1 0
vt 0 1
vt 1 1
vt 0 0
vt 1 0
vn 1 0 0
vn 1 0 0
vn 1 0 0
vn 1 0 0
vn -1 0 0
vn -1 0 0
vn -1 0 0
vn -1 0 0
vn 0 1 0
vn 0 1 0
vn 0 1 0
vn 0 1 0
vn 0 -1 0
vn 0 -1 0
vn 0 -1 0
vn 0 -1 0
vn 0 0 1
vn 0 0 1
vn 0 0 1
vn 0 0 1
vn 0 0 -1
vn 0 0 -1
vn 0 0 -1
vn 0 0 -1
f 1757/1757/1757 1759/1759/1759 1758/1758/1758
f 1759/1759/1759 1760/1760/1760 1758/1758/1758
f 1761/1761/1761 1763/1763/1763 1762/1762/1762
f 1763/1763/1763 1764/1764/1764 1762/1762/1762
f 1765/1765/1765 1767/1767/1767 1766/1766/1766
f 1767/1767/1767 1768/1768/1768 1766/1766/1766
f 1769/1769/1769 1771/1771/1771 1770/1770/1770
f 1771/1771/1771 1772/1772/1772 1770/1770/1770
f 1773/1773/1773 1775/1775/1775 1774/1774/1774
f 1775/1775/1775 1776/1776/1776 1774/1774/1774
f 1777/1777/1777 1779/1779/1779 1778/1778/1778
f 1779/1779/1779 1780/1780/1780 1778/1778/1778
o part_spine_east_4_cap
usemtl wall_cap
v 1.4399999991059302 1.6499999993294479 4.275000000745058
v 1.4399999991059302 1.6499999993294479 4.174999999254942
v 1.4399999991059302 1.5900000006705524 4.275000000745058
v 1.4399999991059302 1.5900000006705524 4.174999999254942
v 1.3600000008940696 1.6499999993294479 4.174999999254942
v 1.3600000008940696 1.6499999993294479 4.275000000745058
v 1.3600000008940696 1.5900000006705524 4.174999999254942
v 1.3600000008940696 1.5900000006705524 4.275000000745058
v 1.3600000008940696 1.6499999993294479 4.174999999254942
v 1.4399999991059302 1.6499999993294479 4.174999999254942
v 1.3600000008940696 1.6499999993294479 4.275000000745058
v 1.4399999991059302 1.6499999993294479 4.275000000745058
v 1.3600000008940696 1.5900000006705524 4.275000000745058
v 1.4399999991059302 1.5900000006705524 4.275000000745058
v 1.3600000008940696 1.5900000006705524 4.174999999254942
v 1.4399999991059302 1.5900000006705524 4.174999999254942
v 1.3600000008940696 1.6499999993294479 4.275000000745058
v 1.4399999991059302 1.6499999993294479 4.275000000745058
v 1.3600000008940696 1.5900000006705524 4.275000000745058
v 1.4399999991059302 1.5900000006705524 4.275000000745058
v 1.4399999991059302 1.6499999993294479 4.174999999254942
v 1.3600000008940696 1.6499999993294479 4.174999999254942
v 1.4399999991059302 1.5900000006705524 4.174999999254942
v 1.3600000008940696 1.5900000006705524 4.174999999254942
vt 0 1
vt 1 1
vt 0 0
vt 1 0
vt 0 1
vt 1 1
vt 0 0
vt 1 0
vt 0 1
vt 1 1
vt 0 0
vt 1 0
vt 0 1
vt 1 1
vt 0 0
vt 1 0
vt 0 1
vt 1 1
vt 0 0
vt 1 0
vt 0 1
vt 1 1
vt 0 0
vt 1 0
vn 1 0 0
vn 1 0 0
vn 1 0 0
vn 1 0 0
vn -1 0 0
vn -1 0 0
vn -1 0 0
vn -1 0 0
vn 0 1 0
vn 0 1 0
vn 0 1 0
vn 0 1 0
vn 0 -1 0
vn 0 -1 0
vn 0 -1 0
vn 0 -1 0
vn 0 0 1
vn 0 0 1
vn 0 0 1
vn 0 0 1
vn 0 0 -1
vn 0 0 -1
vn 0 0 -1
vn 0 0 -1
f 1781/1781/1781 1783/1783/1783 1782/1782/1782
f 1783/1783/1783 1784/1784/1784 1782/1782/1782
f 1785/1785/1785 1787/1787/1787 1786/1786/1786
f 1787/1787/1787 1788/1788/1788 1786/1786/1786
f 1789/1789/1789 1791/1791/1791 1790/1790/1790
f 1791/1791/1791 1792/1792/1792 1790/1790/1790
f 1793/1793/1793 1795/1795/1795 1794/1794/1794
f 1795/1795/1795 1796/1796/1796 1794/1794/1794
f 1797/1797/1797 1799/1799/1799 1798/1798/1798
f 1799/1799/1799 1800/1800/1800 1798/1798/1798
f 1801/1801/1801 1803/1803/1803 1802/1802/1802
f 1803/1803/1803 1804/1804/1804 1802/1802/1802
o part_spine_east_door1
usemtl threshold
v 1.4799999982118606 0.029999999664723873 -0.3750000119209289
v 1.4799999982118606 0.029999999664723873 -1.274999988079071
v 1.4799999982118606 3.3527612630646075e-10 -0.3750000119209289
v 1.4799999982118606 3.3527612630646075e-10 -1.274999988079071
v 1.3200000017881393 0.029999999664723873 -1.274999988079071
v 1.3200000017881393 0.029999999664723873 -0.3750000119209289
v 1.3200000017881393 3.3527612630646075e-10 -1.274999988079071
v 1.3200000017881393 3.3527612630646075e-10 -0.3750000119209289
v 1.3200000017881393 0.029999999664723873 -1.274999988079071
v 1.4799999982118606 0.029999999664723873 -1.274999988079071
v 1.3200000017881393 0.029999999664723873 -0.3750000119209289
v 1.4799999982118606 0.029999999664723873 -0.3750000119209289
v 1.3200000017881393 3.3527612630646075e-10 -0.3750000119209289
v 1.4799999982118606 3.3527612630646075e-10 -0.3750000119209289
v 1.3200000017881393 3.3527612630646075e-10 -1.274999988079071
v 1.4799999982118606 3.3527612630646075e-10 -1.274999988079071
v 1.3200000017881393 0.029999999664723873 -0.3750000119209289
v 1.4799999982118606 0.029999999664723873 -0.3750000119209289
v 1.3200000017881393 3.3527612630646075e-10 -0.3750000119209289
v 1.4799999982118606 3.3527612630646075e-10 -0.3750000119209289
v 1.4799999982118606 0.029999999664723873 -1.274999988079071
v 1.3200000017881393 0.029999999664723873 -1.274999988079071
v 1.4799999982118606 3.3527612630646075e-10 -1.274999988079071
v 1.3200000017881393 3.3527612630646075e-10 -1.274999988079071
vt 0 1
vt 1 1
vt 0 0
vt 1 0
vt 0 1
vt 1 1
vt 0 0
vt 1 0
vt 0 1
vt 1 1
vt 0 0
vt 1 0
vt 0 1
vt 1 1
vt 0 0
vt 1 0
vt 0 1
vt 1 1
vt 0 0
vt 1 0
vt 0 1
vt 1 1
vt 0 0
vt 1 0
vn 1 0 0
vn 1 0 0
vn 1 0 0
vn 1 0 0
vn -1 0 0
vn -1 0 0
vn -1 0 0
vn -1 0 0
vn 0 1 0
vn 0 1 0
vn 0 1 0
vn 0 1 0
vn 0 -1 0
vn 0 -1 0
vn 0 -1 0
vn 0 -1 0
vn 0 0 1
vn 0 0 1
vn 0 0 1
vn 0 0 1
vn 0 0 -1
vn 0 0 -1
vn 0 0 -1
vn 0 0 -1
f 1805/1805/1805 1807/1807/1807 1806/1806/1806
f 1807/1807/1807 1808/1808/1808 1806/1806/1806
f 1809/1809/1809 1811/1811/1811 1810/1810/1810
f 1811/1811/1811 1812/1812/1812 1810/1810/1810
f 1813/1813/1813 1815/1815/1815 1814/1814/1814
f 1815/1815/1815 1816/1816/1816 1814/1814/1814
f 1817/1817/1817 1819/1819/1819 1818/1818/1818
f 1819/1819/1819 1820/1820/1820 1818/1818/1818
f 1821/1821/1821 1823/1823/1823 1822/1822/1822
f 1823/1823/1823 1824/1824/1824 1822/1822/1822
f 1825/1825/1825 1827/1827/1827 1826/1826/1826
f 1827/1827/1827 1828/1828/1828 1826/1826/1826
o part_spine_east_door2
usemtl threshold
v 1.4799999982118606 0.029999999664723873 2.9750000059604647
v 1.4799999982118606 0.029999999664723873 2.1749999940395357
v 1.4799999982118606 3.3527612630646075e-10 2.9750000059604647
v 1.4799999982118606 3.3527612630646075e-10 2.1749999940395357
v 1.3200000017881393 0.029999999664723873 2.1749999940395357
v 1.3200000017881393 0.029999999664723873 2.9750000059604647
v 1.3200000017881393 3.3527612630646075e-10 2.1749999940395357
v 1.3200000017881393 3.3527612630646075e-10 2.9750000059604647
v 1.3200000017881393 0.029999999664723873 2.1749999940395357
v 1.4799999982118606 0.029999999664723873 2.1749999940395357
v 1.3200000017881393 0.029999999664723873 2.9750000059604647
v 1.4799999982118606 0.029999999664723873 2.9750000059604647
v 1.3200000017881393 3.3527612630646075e-10 2.9750000059604647
v 1.4799999982118606 3.3527612630646075e-10 2.9750000059604647
v 1.3200000017881393 3.3527612630646075e-10 2.1749999940395357
v 1.4799999982118606 3.3527612630646075e-10 2.1749999940395357
v 1.3200000017881393 0.029999999664723873 2.9750000059604647
v 1.4799999982118606 0.029999999664723873 2.9750000059604647
v 1.3200000017881393 3.3527612630646075e-10 2.9750000059604647
v 1.4799999982118606 3.3527612630646075e-10 2.9750000059604647
v 1.4799999982118606 0.029999999664723873 2.1749999940395357
v 1.3200000017881393 0.029999999664723873 2.1749999940395357
v 1.4799999982118606 3.3527612630646075e-10 2.1749999940395357
v 1.3200000017881393 3.3527612630646075e-10 2.1749999940395357
vt 0 1
vt 1 1
vt 0 0
vt 1 0
vt 0 1
vt 1 1
vt 0 0
vt 1 0
vt 0 1
vt 1 1
vt 0 0
vt 1 0
vt 0 1
vt 1 1
vt 0 0
vt 1 0
vt 0 1
vt 1 1
vt 0 0
vt 1 0
vt 0 1
vt 1 1
vt 0 0
vt 1 0
vn 1 0 0
vn 1 0 0
vn 1 0 0
vn 1 0 0
vn -1 0 0
vn -1 0 0
vn -1 0 0
vn -1 0 0
vn 0 1 0
vn 0 1 0
vn 0 1 0
vn 0 1 0
vn 0 -1 0
vn 0 -1 0
vn 0 -1 0
vn 0 -1 0
vn 0 0 1
vn 0 0 1
vn 0 0 1
vn 0 0 1
vn 0 0 -1
vn 0 0 -1
vn 0 0 -1
vn 0 0 -1
f 1829/1829/1829 1831/1831/1831 1830/1830/1830
f 1831/1831/1831 1832/1832/1832 1830/1830/1830
f 1833/1833/1833 1835/1835/1835 1834/1834/1834
f 1835/1835/1835 1836/1836/1836 1834/1834/1834
f 1837/1837/1837 1839/1839/1839 1838/1838/1838
f 1839/1839/1839 1840/1840/1840 1838/1838/1838
f 1841/1841/1841 1843/1843/1843 1842/1842/1842
f 1843/1843/1843 1844/1844/1844 1842/1842/1842
f 1845/1845/1845 1847/1847/1847 1846/1846/1846
f 1847/1847/1847 1848/1848/1848 1846/1846/1846
f 1849/1849/1849 1851/1851/1851 1850/1850/1850
f 1851/1851/1851 1852/1852/1852 1850/1850/1850
o part_spine_east_door3
usemtl threshold
v 1.4799999982118606 0.029999999664723873 4.174999988079071
v 1.4799999982118606 0.029999999664723873 3.275000011920929
v 1.4799999982118606 3.3527612630646075e-10 4.174999988079071
v 1.4799999982118606 3.3527612630646075e-10 3.275000011920929
v 1.3200000017881393 0.029999999664723873 3.275000011920929
v 1.3200000017881393 0.029999999664723873 4.174999988079071
v 1.3200000017881393 3.3527612630646075e-10 3.275000011920929
v 1.3200000017881393 3.3527612630646075e-10 4.174999988079071
v 1.3200000017881393 0.029999999664723873 3.275000011920929
v 1.4799999982118606 0.029999999664723873 3.275000011920929
v 1.3200000017881393 0.029999999664723873 4.174999988079071
v 1.4799999982118606 0.029999999664723873 4.174999988079071
v 1.3200000017881393 3.3527612630646075e-10 4.174999988079071
v 1.4799999982118606 3.3527612630646075e-10 4.174999988079071
v 1.3200000017881393 3.3527612630646075e-10 3.275000011920929
v 1.4799999982118606 3.3527612630646075e-10 3.275000011920929
v 1.3200000017881393 0.029999999664723873 4.174999988079071
v 1.4799999982118606 0.029999999664723873 4.174999988079071
v 1.3200000017881393 3.3527612630646075e-10 4.174999988079071
v 1.4799999982118606 3.3527612630646075e-10 4.174999988079071
v 1.4799999982118606 0.029999999664723873 3.275000011920929
v 1.3200000017881393 0.029999999664723873 3.275000011920929
v 1.4799999982118606 3.3527612630646075e-10 3.275000011920929
v 1.3200000017881393 3.3527612630646075e-10 3.275000011920929
vt 0 1
vt 1 1
vt 0 0
vt 1 0
vt 0 1
vt 1 1
vt 0 0
vt 1 0
vt 0 1
vt 1 1
vt 0 0
vt 1 0
vt 0 1
vt 1 1
vt 0 0
vt 1 0
vt 0 1
vt 1 1
vt 0 0
vt 1 0
vt 0 1
vt 1 1
vt 0 0
vt 1 0
vn 1 0 0
vn 1 0 0
vn 1 0 0
vn 1 0 0
vn -1 0 0
vn -1 0 0
vn -1 0 0
vn -1 0 0
vn 0 1 0
vn 0 1 0
vn 0 1 0
vn 0 1 0
vn 0 -1 0
vn 0 -1 0
vn 0 -1 0
vn 0 -1 0
vn 0 0 1
vn 0 0 1
vn 0 0 1
vn 0 0 1
vn 0 0 -1
vn 0 0 -1
vn 0 0 -1
vn 0 0 -1
f 1853/1853/1853 1855/1855/1855 1854/1854/1854
f 1855/1855/1855 1856/1856/1856 1854/1854/1854
f 1857/1857/1857 1859/1859/1859 1858/1858/1858
f 1859/1859/1859 1860/1860/1860 1858/1858/1858
f 1861/1861/1861 1863/1863/1863 1862/1862/1862
f 1863/1863/1863 1864/1864/1864 1862/1862/1862
f 1865/1865/1865 1867/1867/1867 1866/1866/1866
f 1867/1867/1867 1868/1868/1868 1866/1866/1866
f 1869/1869/1869 1871/1871/1871 1870/1870/1870
f 1871/1871/1871 1872/1872/1872 1870/1870/1870
f 1873/1873/1873 1875/1875/1875 1874/1874/1874
f 1875/1875/1875 1876/1876/1876 1874/1874/1874
o part_free_south_1
usemtl wall_partition
v 3.000000011920929 1.5900000166893005 1.9649999991059304
v 3.000000011920929 1.5900000166893005 1.8850000008940697
v 3.000000011920929 -1.6689300497141346e-8 1.9649999991059304
v 3.000000011920929 -1.6689300497141346e-8 1.8850000008940697
v 1.3999999880790712 1.5900000166893005 1.8850000008940697
v 1.3999999880790712 1.5900000166893005 1.9649999991059304
v 1.3999999880790712 -1.6689300497141346e-8 1.8850000008940697
v 1.3999999880790712 -1.6689300497141346e-8 1.9649999991059304
v 1.3999999880790712 1.5900000166893005 1.8850000008940697
v 3.000000011920929 1.5900000166893005 1.8850000008940697
v 1.3999999880790712 1.5900000166893005 1.9649999991059304
v 3.000000011920929 1.5900000166893005 1.9649999991059304
v 1.3999999880790712 -1.6689300497141346e-8 1.9649999991059304
v 3.000000011920929 -1.6689300497141346e-8 1.9649999991059304
v 1.3999999880790712 -1.6689300497141346e-8 1.8850000008940697
v 3.000000011920929 -1.6689300497141346e-8 1.8850000008940697
v 1.3999999880790712 1.5900000166893005 1.9649999991059304
v 3.000000011920929 1.5900000166893005 1.9649999991059304
v 1.3999999880790712 -1.6689300497141346e-8 1.9649999991059304
v 3.000000011920929 -1.6689300497141346e-8 1.9649999991059304
v 3.000000011920929 1.5900000166893005 1.8850000008940697
v 1.3999999880790712 1.5900000166893005 1.8850000008940697
v 3.000000011920929 -1.6689300497141346e-8 1.8850000008940697
v 1.3999999880790712 -1.6689300497141346e-8 1.8850000008940697
vt 0 1
vt 1 1
vt 0 0
vt 1 0
vt 0 1
vt 1 1
vt 0 0
vt 1 0
vt 0 1
vt 1 1
vt 0 0
vt 1 0
vt 0 1
vt 1 1
vt 0 0
vt 1 0
vt 0 1
vt 1 1
vt 0 0
vt 1 0
vt 0 1
vt 1 1
vt 0 0
vt 1 0
vn 1 0 0
vn 1 0 0
vn 1 0 0
vn 1 0 0
vn -1 0 0
vn -1 0 0
vn -1 0 0
vn -1 0 0
vn 0 1 0
vn 0 1 0
vn 0 1 0
vn 0 1 0
vn 0 -1 0
vn 0 -1 0
vn 0 -1 0
vn 0 -1 0
vn 0 0 1
vn 0 0 1
vn 0 0 1
vn 0 0 1
vn 0 0 -1
vn 0 0 -1
vn 0 0 -1
vn 0 0 -1
f 1877/1877/1877 1879/1879/1879 1878/1878/1878
f 1879/1879/1879 1880/1880/1880 1878/1878/1878
f 1881/1881/1881 1883/1883/1883 1882/1882/1882
f 1883/1883/1883 1884/1884/1884 1882/1882/1882
f 1885/1885/1885 1887/1887/1887 1886/1886/1886
f 1887/1887/1887 1888/1888/1888 1886/1886/1886
f 1889/1889/1889 1891/1891/1891 1890/1890/1890
f 1891/1891/1891 1892/1892/1892 1890/1890/1890
f 1893/1893/1893 1895/1895/1895 1894/1894/1894
f 1895/1895/1895 1896/1896/1896 1894/1894/1894
f 1897/1897/1897 1899/1899/1899 1898/1898/1898
f 1899/1899/1899 1900/1900/1900 1898/1898/1898
o part_free_south_1_cap
usemtl wall_cap
v 3.000000011920929 1.6499999993294479 1.9649999991059304
v 3.000000011920929 1.6499999993294479 1.8850000008940697
v 3.000000011920929 1.5900000006705524 1.9649999991059304
v 3.000000011920929 1.5900000006705524 1.8850000008940697
v 1.3999999880790712 1.6499999993294479 1.8850000008940697
v 1.3999999880790712 1.6499999993294479 1.9649999991059304
v 1.3999999880790712 1.5900000006705524 1.8850000008940697
v 1.3999999880790712 1.5900000006705524 1.9649999991059304
v 1.3999999880790712 1.6499999993294479 1.8850000008940697
v 3.000000011920929 1.6499999993294479 1.8850000008940697
v 1.3999999880790712 1.6499999993294479 1.9649999991059304
v 3.000000011920929 1.6499999993294479 1.9649999991059304
v 1.3999999880790712 1.5900000006705524 1.9649999991059304
v 3.000000011920929 1.5900000006705524 1.9649999991059304
v 1.3999999880790712 1.5900000006705524 1.8850000008940697
v 3.000000011920929 1.5900000006705524 1.8850000008940697
v 1.3999999880790712 1.6499999993294479 1.9649999991059304
v 3.000000011920929 1.6499999993294479 1.9649999991059304
v 1.3999999880790712 1.5900000006705524 1.9649999991059304
v 3.000000011920929 1.5900000006705524 1.9649999991059304
v 3.000000011920929 1.6499999993294479 1.8850000008940697
v 1.3999999880790712 1.6499999993294479 1.8850000008940697
v 3.000000011920929 1.5900000006705524 1.8850000008940697
v 1.3999999880790712 1.5900000006705524 1.8850000008940697
vt 0 1
vt 1 1
vt 0 0
vt 1 0
vt 0 1
vt 1 1
vt 0 0
vt 1 0
vt 0 1
vt 1 1
vt 0 0
vt 1 0
vt 0 1
vt 1 1
vt 0 0
vt 1 0
vt 0 1
vt 1 1
vt 0 0
vt 1 0
vt 0 1
vt 1 1
vt 0 0
vt 1 0
vn 1 0 0
vn 1 0 0
vn 1 0 0
vn 1 0 0
vn -1 0 0
vn -1 0 0
vn -1 0 0
vn -1 0 0
vn 0 1 0
vn 0 1 0
vn 0 1 0
vn 0 1 0
vn 0 -1 0
vn 0 -1 0
vn 0 -1 0
vn 0 -1 0
vn 0 0 1
vn 0 0 1
vn 0 0 1
vn 0 0 1
vn 0 0 -1
vn 0 0 -1
vn 0 0 -1
vn 0 0 -1
f 1901/1901/1901 1903/1903/1903 1902/1902/1902
f 1903/1903/1903 1904/1904/1904 1902/1902/1902
f 1905/1905/1905 1907/1907/1907 1906/1906/1906
f 1907/1907/1907 1908/1908/1908 1906/1906/1906
f 1909/1909/1909 1911/1911/1911 1910/1910/1910
f 1911/1911/1911 1912/1912/1912 1910/1910/1910
f 1913/1913/1913 1915/1915/1915 1914/1914/1914
f 1915/1915/1915 1916/1916/1916 1914/1914/1914
f 1917/1917/1917 1919/1919/1919 1918/1918/1918
f 1919/1919/1919 1920/1920/1920 1918/1918/1918
f 1921/1921/1921 1923/1923/1923 1922/1922/1922
f 1923/1923/1923 1924/1924/1924 1922/1922/1922
o part_wash_mid_1
usemtl wall_partition
v 3.000000011920929 1.5900000166893005 3.0849999991059303
v 3.000000011920929 1.5900000166893005 3.0050000008940696
v 3.000000011920929 -1.6689300497141346e-8 3.0849999991059303
v 3.000000011920929 -1.6689300497141346e-8 3.0050000008940696
v 1.3999999880790712 1.5900000166893005 3.0050000008940696
v 1.3999999880790712 1.5900000166893005 3.0849999991059303
v 1.3999999880790712 -1.6689300497141346e-8 3.0050000008940696
v 1.3999999880790712 -1.6689300497141346e-8 3.0849999991059303
v 1.3999999880790712 1.5900000166893005 3.0050000008940696
v 3.000000011920929 1.5900000166893005 3.0050000008940696
v 1.3999999880790712 1.5900000166893005 3.0849999991059303
v 3.000000011920929 1.5900000166893005 3.0849999991059303
v 1.3999999880790712 -1.6689300497141346e-8 3.0849999991059303
v 3.000000011920929 -1.6689300497141346e-8 3.0849999991059303
v 1.3999999880790712 -1.6689300497141346e-8 3.0050000008940696
v 3.000000011920929 -1.6689300497141346e-8 3.0050000008940696
v 1.3999999880790712 1.5900000166893005 3.0849999991059303
v 3.000000011920929 1.5900000166893005 3.0849999991059303
v 1.3999999880790712 -1.6689300497141346e-8 3.0849999991059303
v 3.000000011920929 -1.6689300497141346e-8 3.0849999991059303
v 3.000000011920929 1.5900000166893005 3.0050000008940696
v 1.3999999880790712 1.5900000166893005 3.0050000008940696
v 3.000000011920929 -1.6689300497141346e-8 3.0050000008940696
v 1.3999999880790712 -1.6689300497141346e-8 3.0050000008940696
vt 0 1
vt 1 1
vt 0 0
vt 1 0
vt 0 1
vt 1 1
vt 0 0
vt 1 0
vt 0 1
vt 1 1
vt 0 0
vt 1 0
vt 0 1
vt 1 1
vt 0 0
vt 1 0
vt 0 1
vt 1 1
vt 0 0
vt 1 0
vt 0 1
vt 1 1
vt 0 0
vt 1 0
vn 1 0 0
vn 1 0 0
vn 1 0 0
vn 1 0 0
vn -1 0 0
vn -1 0 0
vn -1 0 0
vn -1 0 0
vn 0 1 0
vn 0 1 0
vn 0 1 0
vn 0 1 0
vn 0 -1 0
vn 0 -1 0
vn 0 -1 0
vn 0 -1 0
vn 0 0 1
vn 0 0 1
vn 0 0 1
vn 0 0 1
vn 0 0 -1
vn 0 0 -1
vn 0 0 -1
vn 0 0 -1
f 1925/1925/1925 1927/1927/1927 1926/1926/1926
f 1927/1927/1927 1928/1928/1928 1926/1926/1926
f 1929/1929/1929 1931/1931/1931 1930/1930/1930
f 1931/1931/1931 1932/1932/1932 1930/1930/1930
f 1933/1933/1933 1935/1935/1935 1934/1934/1934
f 1935/1935/1935 1936/1936/1936 1934/1934/1934
f 1937/1937/1937 1939/1939/1939 1938/1938/1938
f 1939/1939/1939 1940/1940/1940 1938/1938/1938
f 1941/1941/1941 1943/1943/1943 1942/1942/1942
f 1943/1943/1943 1944/1944/1944 1942/1942/1942
f 1945/1945/1945 1947/1947/1947 1946/1946/1946
f 1947/1947/1947 1948/1948/1948 1946/1946/1946
o part_wash_mid_1_cap
usemtl wall_cap
v 3.000000011920929 1.6499999993294479 3.0849999991059303
v 3.000000011920929 1.6499999993294479 3.0050000008940696
v 3.000000011920929 1.5900000006705524 3.0849999991059303
v 3.000000011920929 1.5900000006705524 3.0050000008940696
v 1.3999999880790712 1.6499999993294479 3.0050000008940696
v 1.3999999880790712 1.6499999993294479 3.0849999991059303
v 1.3999999880790712 1.5900000006705524 3.0050000008940696
v 1.3999999880790712 1.5900000006705524 3.0849999991059303
v 1.3999999880790712 1.6499999993294479 3.0050000008940696
v 3.000000011920929 1.6499999993294479 3.0050000008940696
v 1.3999999880790712 1.6499999993294479 3.0849999991059303
v 3.000000011920929 1.6499999993294479 3.0849999991059303
v 1.3999999880790712 1.5900000006705524 3.0849999991059303
v 3.000000011920929 1.5900000006705524 3.0849999991059303
v 1.3999999880790712 1.5900000006705524 3.0050000008940696
v 3.000000011920929 1.5900000006705524 3.0050000008940696
v 1.3999999880790712 1.6499999993294479 3.0849999991059303
v 3.000000011920929 1.6499999993294479 3.0849999991059303
v 1.3999999880790712 1.5900000006705524 3.0849999991059303
v 3.000000011920929 1.5900000006705524 3.0849999991059303
v 3.000000011920929 1.6499999993294479 3.0050000008940696
v 1.3999999880790712 1.6499999993294479 3.0050000008940696
v 3.000000011920929 1.5900000006705524 3.0050000008940696
v 1.3999999880790712 1.5900000006705524 3.0050000008940696
vt 0 1
vt 1 1
vt 0 0
vt 1 0
vt 0 1
vt 1 1
vt 0 0
vt 1 0
vt 0 1
vt 1 1
vt 0 0
vt 1 0
vt 0 1
vt 1 1
vt 0 0
vt 1 0
vt 0 1
vt 1 1
vt 0 0
vt 1 0
vt 0 1
vt 1 1
vt 0 0
vt 1 0
vn 1 0 0
vn 1 0 0
vn 1 0 0
vn 1 0 0
vn -1 0 0
vn -1 0 0
vn -1 0 0
vn -1 0 0
vn 0 1 0
vn 0 1 0
vn 0 1 0
vn 0 1 0
vn 0 -1 0
vn 0 -1 0
vn 0 -1 0
vn 0 -1 0
vn 0 0 1
vn 0 0 1
vn 0 0 1
vn 0 0 1
vn 0 0 -1
vn 0 0 -1
vn 0 0 -1
vn 0 0 -1
f 1949/1949/1949 1951/1951/1951 1950/1950/1950
f 1951/1951/1951 1952/1952/1952 1950/1950/1950
f 1953/1953/1953 1955/1955/1955 1954/1954/1954
f 1955/1955/1955 1956/1956/1956 1954/1954/1954
f 1957/1957/1957 1959/1959/1959 1958/1958/1958
f 1959/1959/1959 1960/1960/1960 1958/1958/1958
f 1961/1961/1961 1963/1963/1963 1962/1962/1962
f 1963/1963/1963 1964/1964/1964 1962/1962/1962
f 1965/1965/1965 1967/1967/1967 1966/1966/1966
f 1967/1967/1967 1968/1968/1968 1966/1966/1966
f 1969/1969/1969 1971/1971/1971 1970/1970/1970
f 1971/1971/1971 1972/1972/1972 1970/1970/1970
o floor_main_lab_hall
usemtl floor_lab
v 0.2500000286102295 0.009999999776482582 0.5249998855590821
v 0.2500000286102295 0.009999999776482582 -4.214999885559082
v 0.2500000286102295 -0.009999999776482582 0.5249998855590821
v 0.2500000286102295 -0.009999999776482582 -4.214999885559082
v -2.9400000286102292 0.009999999776482582 -4.214999885559082
v -2.9400000286102292 0.009999999776482582 0.5249998855590821
v -2.9400000286102292 -0.009999999776482582 -4.214999885559082
v -2.9400000286102292 -0.009999999776482582 0.5249998855590821
v -2.9400000286102292 0.009999999776482582 -4.214999885559082
v 0.2500000286102295 0.009999999776482582 -4.214999885559082
v -2.9400000286102292 0.009999999776482582 0.5249998855590821
v 0.2500000286102295 0.009999999776482582 0.5249998855590821
v -2.9400000286102292 -0.009999999776482582 0.5249998855590821
v 0.2500000286102295 -0.009999999776482582 0.5249998855590821
v -2.9400000286102292 -0.009999999776482582 -4.214999885559082
v 0.2500000286102295 -0.009999999776482582 -4.214999885559082
v -2.9400000286102292 0.009999999776482582 0.5249998855590821
v 0.2500000286102295 0.009999999776482582 0.5249998855590821
v -2.9400000286102292 -0.009999999776482582 0.5249998855590821
v 0.2500000286102295 -0.009999999776482582 0.5249998855590821
v 0.2500000286102295 0.009999999776482582 -4.214999885559082
v -2.9400000286102292 0.009999999776482582 -4.214999885559082
v 0.2500000286102295 -0.009999999776482582 -4.214999885559082
v -2.9400000286102292 -0.009999999776482582 -4.214999885559082
vt 0 1
vt 1 1
vt 0 0
vt 1 0
vt 0 1
vt 1 1
vt 0 0
vt 1 0
vt 0 1
vt 1 1
vt 0 0
vt 1 0
vt 0 1
vt 1 1
vt 0 0
vt 1 0
vt 0 1
vt 1 1
vt 0 0
vt 1 0
vt 0 1
vt 1 1
vt 0 0
vt 1 0
vn 1 0 0
vn 1 0 0
vn 1 0 0
vn 1 0 0
vn -1 0 0
vn -1 0 0
vn -1 0 0
vn -1 0 0
vn 0 1 0
vn 0 1 0
vn 0 1 0
vn 0 1 0
vn 0 -1 0
vn 0 -1 0
vn 0 -1 0
vn 0 -1 0
vn 0 0 1
vn 0 0 1
vn 0 0 1
vn 0 0 1
vn 0 0 -1
vn 0 0 -1
vn 0 0 -1
vn 0 0 -1
f 1973/1973/1973 1975/1975/1975 1974/1974/1974
f 1975/1975/1975 1976/1976/1976 1974/1974/1974
f 1977/1977/1977 1979/1979/1979 1978/1978/1978
f 1979/1979/1979 1980/1980/1980 1978/1978/1978
f 1981/1981/1981 1983/1983/1983 1982/1982/1982
f 1983/1983/1983 1984/1984/1984 1982/1982/1982
f 1985/1985/1985 1987/1987/1987 1986/1986/1986
f 1987/1987/1987 1988/1988/1988 1986/1986/1986
f 1989/1989/1989 1991/1991/1991 1990/1990/1990
f 1991/1991/1991 1992/1992/1992 1990/1990/1990
f 1993/1993/1993 1995/1995/1995 1994/1994/1994
f 1995/1995/1995 1996/1996/1996 1994/1994/1994
o floor_storage
usemtl floor_storage
v -1.4000000190734863 0.009999999776482582 2.2049999737739565
v -1.4000000190734863 0.009999999776482582 0.5250000262260437
v -1.4000000190734863 -0.009999999776482582 2.2049999737739565
v -1.4000000190734863 -0.009999999776482582 0.5250000262260437
v -2.9399999809265136 0.009999999776482582 0.5250000262260437
v -2.9399999809265136 0.009999999776482582 2.2049999737739565
v -2.9399999809265136 -0.009999999776482582 0.5250000262260437
v -2.9399999809265136 -0.009999999776482582 2.2049999737739565
v -2.9399999809265136 0.009999999776482582 0.5250000262260437
v -1.4000000190734863 0.009999999776482582 0.5250000262260437
v -2.9399999809265136 0.009999999776482582 2.2049999737739565
v -1.4000000190734863 0.009999999776482582 2.2049999737739565
v -2.9399999809265136 -0.009999999776482582 2.2049999737739565
v -1.4000000190734863 -0.009999999776482582 2.2049999737739565
v -2.9399999809265136 -0.009999999776482582 0.5250000262260437
v -1.4000000190734863 -0.009999999776482582 0.5250000262260437
v -2.9399999809265136 0.009999999776482582 2.2049999737739565
v -1.4000000190734863 0.009999999776482582 2.2049999737739565
v -2.9399999809265136 -0.009999999776482582 2.2049999737739565
v -1.4000000190734863 -0.009999999776482582 2.2049999737739565
v -1.4000000190734863 0.009999999776482582 0.5250000262260437
v -2.9399999809265136 0.009999999776482582 0.5250000262260437
v -1.4000000190734863 -0.009999999776482582 0.5250000262260437
v -2.9399999809265136 -0.009999999776482582 0.5250000262260437
vt 0 1
vt 1 1
vt 0 0
vt 1 0
vt 0 1
vt 1 1
vt 0 0
vt 1 0
vt 0 1
vt 1 1
vt 0 0
vt 1 0
vt 0 1
vt 1 1
vt 0 0
vt 1 0
vt 0 1
vt 1 1
vt 0 0
vt 1 0
vt 0 1
vt 1 1
vt 0 0
vt 1 0
vn 1 0 0
vn 1 0 0
vn 1 0 0
vn 1 0 0
vn -1 0 0
vn -1 0 0
vn -1 0 0
vn -1 0 0
vn 0 1 0
vn 0 1 0
vn 0 1 0
vn 0 1 0
vn 0 -1 0
vn 0 -1 0
vn 0 -1 0
vn 0 -1 0
vn 0 0 1
vn 0 0 1
vn 0 0 1
vn 0 0 1
vn 0 0 -1
vn 0 0 -1
vn 0 0 -1
vn 0 0 -1
f 1997/1997/1997 1999/1999/1999 1998/1998/1998
f 1999/1999/1999 2000/2000/2000 1998/1998/1998
f 2001/2001/2001 2003/2003/2003 2002/2002/2002
f 2003/2003/2003 2004/2004/2004 2002/2002/2002
f 2005/2005/2005 2007/2007/2007 2006/2006/2006
f 2007/2007/2007 2008/2008/2008 2006/2006/2006
f 2009/2009/2009 2011/2011/2011 2010/2010/2010
f 2011/2011/2011 2012/2012/2012 2010/2010/2010
f 2013/2013/2013 2015/2015/2015 2014/2014/2014
f 2015/2015/2015 2016/2016/2016 2014/2014/2014
f 2017/2017/2017 2019/2019/2019 2018/2018/2018
f 2019/2019/2019 2020/2020/2020 2018/2018/2018
o floor_phlebotomy
usemtl floor_phlebotomy
v 0.2499999880790711 0.009999999776482582 2.2049999737739565
v 0.2499999880790711 0.009999999776482582 0.5250000262260437
v 0.2499999880790711 -0.009999999776482582 2.2049999737739565
v 0.2499999880790711 -0.009999999776482582 0.5250000262260437
v -1.399999988079071 0.009999999776482582 0.5250000262260437
v -1.399999988079071 0.009999999776482582 2.2049999737739565
v -1.399999988079071 -0.009999999776482582 0.5250000262260437
v -1.399999988079071 -0.009999999776482582 2.2049999737739565
v -1.399999988079071 0.009999999776482582 0.5250000262260437
v 0.2499999880790711 0.009999999776482582 0.5250000262260437
v -1.399999988079071 0.009999999776482582 2.2049999737739565
v 0.2499999880790711 0.009999999776482582 2.2049999737739565
v -1.399999988079071 -0.009999999776482582 2.2049999737739565
v 0.2499999880790711 -0.009999999776482582 2.2049999737739565
v -1.399999988079071 -0.009999999776482582 0.5250000262260437
v 0.2499999880790711 -0.009999999776482582 0.5250000262260437
v -1.399999988079071 0.009999999776482582 2.2049999737739565
v 0.2499999880790711 0.009999999776482582 2.2049999737739565
v -1.399999988079071 -0.009999999776482582 2.2049999737739565
v 0.2499999880790711 -0.009999999776482582 2.2049999737739565
v 0.2499999880790711 0.009999999776482582 0.5250000262260437
v -1.399999988079071 0.009999999776482582 0.5250000262260437
v 0.2499999880790711 -0.009999999776482582 0.5250000262260437
v -1.399999988079071 -0.009999999776482582 0.5250000262260437
vt 0 1
vt 1 1
vt 0 0
vt 1 0
vt 0 1
vt 1 1
vt 0 0
vt 1 0
vt 0 1
vt 1 1
vt 0 0
vt 1 0
vt 0 1
vt 1 1
vt 0 0
vt 1 0
vt 0 1
vt 1 1
vt 0 0
vt 1 0
vt 0 1
vt 1 1
vt 0 0
vt 1 0
vn 1 0 0
vn 1 0 0
vn 1 0 0
vn 1 0 0
vn -1 0 0
vn -1 0 0
vn -1 0 0
vn -1 0 0
vn 0 1 0
vn 0 1 0
vn 0 1 0
vn 0 1 0
vn 0 -1 0
vn 0 -1 0
vn 0 -1 0
vn 0 -1 0
vn 0 0 1
vn 0 0 1
vn 0 0 1
vn 0 0 1
vn 0 0 -1
vn 0 0 -1
vn 0 0 -1
vn 0 0 -1
f 2021/2021/2021 2023/2023/2023 2022/2022/2022
f 2023/2023/2023 2024/2024/2024 2022/2022/2022
f 2025/2025/2025 2027/2027/2027 2026/2026/2026
f 2027/2027/2027 2028/2028/2028 2026/2026/2026
f 2029/2029/2029 2031/2031/2031 2030/2030/2030
f 2031/2031/2031 2032/2032/2032 2030/2030/2030
f 2033/2033/2033 2035/2035/2035 2034/2034/2034
f 2035/2035/2035 2036/2036/2036 2034/2034/2034
f 2037/2037/2037 2039/2039/2039 2038/2038/2038
f 2039/2039/2039 2040/2040/2040 2038/2038/2038
f 2041/2041/2041 2043/2043/2043 2042/2042/2042
f 2043/2043/2043 2044/2044/2044 2042/2042/2042
o floor_reception
usemtl floor_reception
v -1.3499999833106995 0.009999999776482582 4.214999995231628
v -1.3499999833106995 0.009999999776482582 2.2050000047683715
v -1.3499999833106995 -0.009999999776482582 4.214999995231628
v -1.3499999833106995 -0.009999999776482582 2.2050000047683715
v -2.9400000166893006 0.009999999776482582 2.2050000047683715
v -2.9400000166893006 0.009999999776482582 4.214999995231628
v -2.9400000166893006 -0.009999999776482582 2.2050000047683715
v -2.9400000166893006 -0.009999999776482582 4.214999995231628
v -2.9400000166893006 0.009999999776482582 2.2050000047683715
v -1.3499999833106995 0.009999999776482582 2.2050000047683715
v -2.9400000166893006 0.009999999776482582 4.214999995231628
v -1.3499999833106995 0.009999999776482582 4.214999995231628
v -2.9400000166893006 -0.009999999776482582 4.214999995231628
v -1.3499999833106995 -0.009999999776482582 4.214999995231628
v -2.9400000166893006 -0.009999999776482582 2.2050000047683715
v -1.3499999833106995 -0.009999999776482582 2.2050000047683715
v -2.9400000166893006 0.009999999776482582 4.214999995231628
v -1.3499999833106995 0.009999999776482582 4.214999995231628
v -2.9400000166893006 -0.009999999776482582 4.214999995231628
v -1.3499999833106995 -0.009999999776482582 4.214999995231628
v -1.3499999833106995 0.009999999776482582 2.2050000047683715
v -2.9400000166893006 0.009999999776482582 2.2050000047683715
v -1.3499999833106995 -0.009999999776482582 2.2050000047683715
v -2.9400000166893006 -0.009999999776482582 2.2050000047683715
vt 0 1
vt 1 1
vt 0 0
vt 1 0
vt 0 1
vt 1 1
vt 0 0
vt 1 0
vt 0 1
vt 1 1
vt 0 0
vt 1 0
vt 0 1
vt 1 1
vt 0 0
vt 1 0
vt 0 1
vt 1 1
vt 0 0
vt 1 0
vt 0 1
vt 1 1
vt 0 0
vt 1 0
vn 1 0 0
vn 1 0 0
vn 1 0 0
vn 1 0 0
vn -1 0 0
vn -1 0 0
vn -1 0 0
vn -1 0 0
vn 0 1 0
vn 0 1 0
vn 0 1 0
vn 0 1 0
vn 0 -1 0
vn 0 -1 0
vn 0 -1 0
vn 0 -1 0
vn 0 0 1
vn 0 0 1
vn 0 0 1
vn 0 0 1
vn 0 0 -1
vn 0 0 -1
vn 0 0 -1
vn 0 0 -1
f 2045/2045/2045 2047/2047/2047 2046/2046/2046
f 2047/2047/2047 2048/2048/2048 2046/2046/2046
f 2049/2049/2049 2051/2051/2051 2050/2050/2050
f 2051/2051/2051 2052/2052/2052 2050/2050/2050
f 2053/2053/2053 2055/2055/2055 2054/2054/2054
f 2055/2055/2055 2056/2056/2056 2054/2054/2054
f 2057/2057/2057 2059/2059/2059 2058/2058/2058
f 2059/2059/2059 2060/2060/2060 2058/2058/2058
f 2061/2061/2061 2063/2063/2063 2062/2062/2062
f 2063/2063/2063 2064/2064/2064 2062/2062/2062
f 2065/2065/2065 2067/2067/2067 2066/2066/2066
f 2067/2067/2067 2068/2068/2068 2066/2066/2066
o floor_patient_area
usemtl floor_patient
v 0.2500000119209289 0.009999999776482582 4.214999995231628
v 0.2500000119209289 0.009999999776482582 2.2050000047683715
v 0.2500000119209289 -0.009999999776482582 4.214999995231628
v 0.2500000119209289 -0.009999999776482582 2.2050000047683715
v -1.350000011920929 0.009999999776482582 2.2050000047683715
v -1.350000011920929 0.009999999776482582 4.214999995231628
v -1.350000011920929 -0.009999999776482582 2.2050000047683715
v -1.350000011920929 -0.009999999776482582 4.214999995231628
v -1.350000011920929 0.009999999776482582 2.2050000047683715
v 0.2500000119209289 0.009999999776482582 2.2050000047683715
v -1.350000011920929 0.009999999776482582 4.214999995231628
v 0.2500000119209289 0.009999999776482582 4.214999995231628
v -1.350000011920929 -0.009999999776482582 4.214999995231628
v 0.2500000119209289 -0.009999999776482582 4.214999995231628
v -1.350000011920929 -0.009999999776482582 2.2050000047683715
v 0.2500000119209289 -0.009999999776482582 2.2050000047683715
v -1.350000011920929 0.009999999776482582 4.214999995231628
v 0.2500000119209289 0.009999999776482582 4.214999995231628
v -1.350000011920929 -0.009999999776482582 4.214999995231628
v 0.2500000119209289 -0.009999999776482582 4.214999995231628
v 0.2500000119209289 0.009999999776482582 2.2050000047683715
v -1.350000011920929 0.009999999776482582 2.2050000047683715
v 0.2500000119209289 -0.009999999776482582 2.2050000047683715
v -1.350000011920929 -0.009999999776482582 2.2050000047683715
vt 0 1
vt 1 1
vt 0 0
vt 1 0
vt 0 1
vt 1 1
vt 0 0
vt 1 0
vt 0 1
vt 1 1
vt 0 0
vt 1 0
vt 0 1
vt 1 1
vt 0 0
vt 1 0
vt 0 1
vt 1 1
vt 0 0
vt 1 0
vt 0 1
vt 1 1
vt 0 0
vt 1 0
vn 1 0 0
vn 1 0 0
vn 1 0 0
vn 1 0 0
vn -1 0 0
vn -1 0 0
vn -1 0 0
vn -1 0 0
vn 0 1 0
vn 0 1 0
vn 0 1 0
vn 0 1 0
vn 0 -1 0
vn 0 -1 0
vn 0 -1 0
vn 0 -1 0
vn 0 0 1
vn 0 0 1
vn 0 0 1
vn 0 0 1
vn 0 0 -1
vn 0 0 -1
vn 0 0 -1
vn 0 0 -1
f 2069/2069/2069 2071/2071/2071 2070/2070/2070
f 2071/2071/2071 2072/2072/2072 2070/2070/2070
f 2073/2073/2073 2075/2075/2075 2074/2074/2074
f 2075/2075/2075 2076/2076/2076 2074/2074/2074
f 2077/2077/2077 2079/2079/2079 2078/2078/2078
f 2079/2079/2079 2080/2080/2080 2078/2078/2078
f 2081/2081/2081 2083/2083/2083 2082/2082/2082
f 2083/2083/2083 2084/2084/2084 2082/2082/2082
f 2085/2085/2085 2087/2087/2087 2086/2086/2086
f 2087/2087/2087 2088/2088/2088 2086/2086/2086
f 2089/2089/2089 2091/2091/2091 2090/2090/2090
f 2091/2091/2091 2092/2092/2092 2090/2090/2090
o floor_service_spine
usemtl floor_corridor
v 1.399999988079071 0.009999999776482582 4.215000152587891
v 1.399999988079071 0.009999999776482582 -4.215000152587891
v 1.399999988079071 -0.009999999776482582 4.215000152587891
v 1.399999988079071 -0.009999999776482582 -4.215000152587891
v 0.2500000119209289 0.009999999776482582 -4.215000152587891
v 0.2500000119209289 0.009999999776482582 4.215000152587891
v 0.2500000119209289 -0.009999999776482582 -4.215000152587891
v 0.2500000119209289 -0.009999999776482582 4.215000152587891
v 0.2500000119209289 0.009999999776482582 -4.215000152587891
v 1.399999988079071 0.009999999776482582 -4.215000152587891
v 0.2500000119209289 0.009999999776482582 4.215000152587891
v 1.399999988079071 0.009999999776482582 4.215000152587891
v 0.2500000119209289 -0.009999999776482582 4.215000152587891
v 1.399999988079071 -0.009999999776482582 4.215000152587891
v 0.2500000119209289 -0.009999999776482582 -4.215000152587891
v 1.399999988079071 -0.009999999776482582 -4.215000152587891
v 0.2500000119209289 0.009999999776482582 4.215000152587891
v 1.399999988079071 0.009999999776482582 4.215000152587891
v 0.2500000119209289 -0.009999999776482582 4.215000152587891
v 1.399999988079071 -0.009999999776482582 4.215000152587891
v 1.399999988079071 0.009999999776482582 -4.215000152587891
v 0.2500000119209289 0.009999999776482582 -4.215000152587891
v 1.399999988079071 -0.009999999776482582 -4.215000152587891
v 0.2500000119209289 -0.009999999776482582 -4.215000152587891
vt 0 1
vt 1 1
vt 0 0
vt 1 0
vt 0 1
vt 1 1
vt 0 0
vt 1 0
vt 0 1
vt 1 1
vt 0 0
vt 1 0
vt 0 1
vt 1 1
vt 0 0
vt 1 0
vt 0 1
vt 1 1
vt 0 0
vt 1 0
vt 0 1
vt 1 1
vt 0 0
vt 1 0
vn 1 0 0
vn 1 0 0
vn 1 0 0
vn 1 0 0
vn -1 0 0
vn -1 0 0
vn -1 0 0
vn -1 0 0
vn 0 1 0
vn 0 1 0
vn 0 1 0
vn 0 1 0
vn 0 -1 0
vn 0 -1 0
vn 0 -1 0
vn 0 -1 0
vn 0 0 1
vn 0 0 1
vn 0 0 1
vn 0 0 1
vn 0 0 -1
vn 0 0 -1
vn 0 0 -1
vn 0 0 -1
f 2093/2093/2093 2095/2095/2095 2094/2094/2094
f 2095/2095/2095 2096/2096/2096 2094/2094/2094
f 2097/2097/2097 2099/2099/2099 2098/2098/2098
f 2099/2099/2099 2100/2100/2100 2098/2098/2098
f 2101/2101/2101 2103/2103/2103 2102/2102/2102
f 2103/2103/2103 2104/2104/2104 2102/2102/2102
f 2105/2105/2105 2107/2107/2107 2106/2106/2106
f 2107/2107/2107 2108/2108/2108 2106/2106/2106
f 2109/2109/2109 2111/2111/2111 2110/2110/2110
f 2111/2111/2111 2112/2112/2112 2110/2110/2110
f 2113/2113/2113 2115/2115/2115 2114/2114/2114
f 2115/2115/2115 2116/2116/2116 2114/2114/2114
o floor_free_space
usemtl floor_free
v 2.9399999809265136 0.009999999776482582 1.9249999332427978
v 2.9399999809265136 0.009999999776482582 -4.214999933242797
v 2.9399999809265136 -0.009999999776482582 1.9249999332427978
v 2.9399999809265136 -0.009999999776482582 -4.214999933242797
v 1.4000000190734863 0.009999999776482582 -4.214999933242797
v 1.4000000190734863 0.009999999776482582 1.9249999332427978
v 1.4000000190734863 -0.009999999776482582 -4.214999933242797
v 1.4000000190734863 -0.009999999776482582 1.9249999332427978
v 1.4000000190734863 0.009999999776482582 -4.214999933242797
v 2.9399999809265136 0.009999999776482582 -4.214999933242797
v 1.4000000190734863 0.009999999776482582 1.9249999332427978
v 2.9399999809265136 0.009999999776482582 1.9249999332427978
v 1.4000000190734863 -0.009999999776482582 1.9249999332427978
v 2.9399999809265136 -0.009999999776482582 1.9249999332427978
v 1.4000000190734863 -0.009999999776482582 -4.214999933242797
v 2.9399999809265136 -0.009999999776482582 -4.214999933242797
v 1.4000000190734863 0.009999999776482582 1.9249999332427978
v 2.9399999809265136 0.009999999776482582 1.9249999332427978
v 1.4000000190734863 -0.009999999776482582 1.9249999332427978
v 2.9399999809265136 -0.009999999776482582 1.9249999332427978
v 2.9399999809265136 0.009999999776482582 -4.214999933242797
v 1.4000000190734863 0.009999999776482582 -4.214999933242797
v 2.9399999809265136 -0.009999999776482582 -4.214999933242797
v 1.4000000190734863 -0.009999999776482582 -4.214999933242797
vt 0 1
vt 1 1
vt 0 0
vt 1 0
vt 0 1
vt 1 1
vt 0 0
vt 1 0
vt 0 1
vt 1 1
vt 0 0
vt 1 0
vt 0 1
vt 1 1
vt 0 0
vt 1 0
vt 0 1
vt 1 1
vt 0 0
vt 1 0
vt 0 1
vt 1 1
vt 0 0
vt 1 0
vn 1 0 0
vn 1 0 0
vn 1 0 0
vn 1 0 0
vn -1 0 0
vn -1 0 0
vn -1 0 0
vn -1 0 0
vn 0 1 0
vn 0 1 0
vn 0 1 0
vn 0 1 0
vn 0 -1 0
vn 0 -1 0
vn 0 -1 0
vn 0 -1 0
vn 0 0 1
vn 0 0 1
vn 0 0 1
vn 0 0 1
vn 0 0 -1
vn 0 0 -1
vn 0 0 -1
vn 0 0 -1
f 2117/2117/2117 2119/2119/2119 2118/2118/2118
f 2119/2119/2119 2120/2120/2120 2118/2118/2118
f 2121/2121/2121 2123/2123/2123 2122/2122/2122
f 2123/2123/2123 2124/2124/2124 2122/2122/2122
f 2125/2125/2125 2127/2127/2127 2126/2126/2126
f 2127/2127/2127 2128/2128/2128 2126/2126/2126
f 2129/2129/2129 2131/2131/2131 2130/2130/2130
f 2131/2131/2131 2132/2132/2132 2130/2130/2130
f 2133/2133/2133 2135/2135/2135 2134/2134/2134
f 2135/2135/2135 2136/2136/2136 2134/2134/2134
f 2137/2137/2137 2139/2139/2139 2138/2138/2138
f 2139/2139/2139 2140/2140/2140 2138/2138/2138
o floor_washroom_1
usemtl floor_washroom
v 2.9399999809265136 0.009999999776482582 3.025000011920929
v 2.9399999809265136 0.009999999776482582 1.9249999880790711
v 2.9399999809265136 -0.009999999776482582 3.025000011920929
v 2.9399999809265136 -0.009999999776482582 1.9249999880790711
v 1.4000000190734863 0.009999999776482582 1.9249999880790711
v 1.4000000190734863 0.009999999776482582 3.025000011920929
v 1.4000000190734863 -0.009999999776482582 1.9249999880790711
v 1.4000000190734863 -0.009999999776482582 3.025000011920929
v 1.4000000190734863 0.009999999776482582 1.9249999880790711
v 2.9399999809265136 0.009999999776482582 1.9249999880790711
v 1.4000000190734863 0.009999999776482582 3.025000011920929
v 2.9399999809265136 0.009999999776482582 3.025000011920929
v 1.4000000190734863 -0.009999999776482582 3.025000011920929
v 2.9399999809265136 -0.009999999776482582 3.025000011920929
v 1.4000000190734863 -0.009999999776482582 1.9249999880790711
v 2.9399999809265136 -0.009999999776482582 1.9249999880790711
v 1.4000000190734863 0.009999999776482582 3.025000011920929
v 2.9399999809265136 0.009999999776482582 3.025000011920929
v 1.4000000190734863 -0.009999999776482582 3.025000011920929
v 2.9399999809265136 -0.009999999776482582 3.025000011920929
v 2.9399999809265136 0.009999999776482582 1.9249999880790711
v 1.4000000190734863 0.009999999776482582 1.9249999880790711
v 2.9399999809265136 -0.009999999776482582 1.9249999880790711
v 1.4000000190734863 -0.009999999776482582 1.9249999880790711
vt 0 1
vt 1 1
vt 0 0
vt 1 0
vt 0 1
vt 1 1
vt 0 0
vt 1 0
vt 0 1
vt 1 1
vt 0 0
vt 1 0
vt 0 1
vt 1 1
vt 0 0
vt 1 0
vt 0 1
vt 1 1
vt 0 0
vt 1 0
vt 0 1
vt 1 1
vt 0 0
vt 1 0
vn 1 0 0
vn 1 0 0
vn 1 0 0
vn 1 0 0
vn -1 0 0
vn -1 0 0
vn -1 0 0
vn -1 0 0
vn 0 1 0
vn 0 1 0
vn 0 1 0
vn 0 1 0
vn 0 -1 0
vn 0 -1 0
vn 0 -1 0
vn 0 -1 0
vn 0 0 1
vn 0 0 1
vn 0 0 1
vn 0 0 1
vn 0 0 -1
vn 0 0 -1
vn 0 0 -1
vn 0 0 -1
f 2141/2141/2141 2143/2143/2143 2142/2142/2142
f 2143/2143/2143 2144/2144/2144 2142/2142/2142
f 2145/2145/2145 2147/2147/2147 2146/2146/2146
f 2147/2147/2147 2148/2148/2148 2146/2146/2146
f 2149/2149/2149 2151/2151/2151 2150/2150/2150
f 2151/2151/2151 2152/2152/2152 2150/2150/2150
f 2153/2153/2153 2155/2155/2155 2154/2154/2154
f 2155/2155/2155 2156/2156/2156 2154/2154/2154
f 2157/2157/2157 2159/2159/2159 2158/2158/2158
f 2159/2159/2159 2160/2160/2160 2158/2158/2158
f 2161/2161/2161 2163/2163/2163 2162/2162/2162
f 2163/2163/2163 2164/2164/2164 2162/2162/2162
o floor_washroom_2
usemtl floor_washroom
v 2.9399999809265136 0.009999999776482582 4.214999992847442
v 2.9399999809265136 0.009999999776482582 3.0750000071525574
v 2.9399999809265136 -0.009999999776482582 4.214999992847442
v 2.9399999809265136 -0.009999999776482582 3.0750000071525574
v 1.4000000190734863 0.009999999776482582 3.0750000071525574
v 1.4000000190734863 0.009999999776482582 4.214999992847442
v 1.4000000190734863 -0.009999999776482582 3.0750000071525574
v 1.4000000190734863 -0.009999999776482582 4.214999992847442
v 1.4000000190734863 0.009999999776482582 3.0750000071525574
v 2.9399999809265136 0.009999999776482582 3.0750000071525574
v 1.4000000190734863 0.009999999776482582 4.214999992847442
v 2.9399999809265136 0.009999999776482582 4.214999992847442
v 1.4000000190734863 -0.009999999776482582 4.214999992847442
v 2.9399999809265136 -0.009999999776482582 4.214999992847442
v 1.4000000190734863 -0.009999999776482582 3.0750000071525574
v 2.9399999809265136 -0.009999999776482582 3.0750000071525574
v 1.4000000190734863 0.009999999776482582 4.214999992847442
v 2.9399999809265136 0.009999999776482582 4.214999992847442
v 1.4000000190734863 -0.009999999776482582 4.214999992847442
v 2.9399999809265136 -0.009999999776482582 4.214999992847442
v 2.9399999809265136 0.009999999776482582 3.0750000071525574
v 1.4000000190734863 0.009999999776482582 3.0750000071525574
v 2.9399999809265136 -0.009999999776482582 3.0750000071525574
v 1.4000000190734863 -0.009999999776482582 3.0750000071525574
vt 0 1
vt 1 1
vt 0 0
vt 1 0
vt 0 1
vt 1 1
vt 0 0
vt 1 0
vt 0 1
vt 1 1
vt 0 0
vt 1 0
vt 0 1
vt 1 1
vt 0 0
vt 1 0
vt 0 1
vt 1 1
vt 0 0
vt 1 0
vt 0 1
vt 1 1
vt 0 0
vt 1 0
vn 1 0 0
vn 1 0 0
vn 1 0 0
vn 1 0 0
vn -1 0 0
vn -1 0 0
vn -1 0 0
vn -1 0 0
vn 0 1 0
vn 0 1 0
vn 0 1 0
vn 0 1 0
vn 0 -1 0
vn 0 -1 0
vn 0 -1 0
vn 0 -1 0
vn 0 0 1
vn 0 0 1
vn 0 0 1
vn 0 0 1
vn 0 0 -1
vn 0 0 -1
vn 0 0 -1
vn 0 0 -1
f 2165/2165/2165 2167/2167/2167 2166/2166/2166
f 2167/2167/2167 2168/2168/2168 2166/2166/2166
f 2169/2169/2169 2171/2171/2171 2170/2170/2170
f 2171/2171/2171 2172/2172/2172 2170/2170/2170
f 2173/2173/2173 2175/2175/2175 2174/2174/2174
f 2175/2175/2175 2176/2176/2176 2174/2174/2174
f 2177/2177/2177 2179/2179/2179 2178/2178/2178
f 2179/2179/2179 2180/2180/2180 2178/2178/2178
f 2181/2181/2181 2183/2183/2183 2182/2182/2182
f 2183/2183/2183 2184/2184/2184 2182/2182/2182
f 2185/2185/2185 2187/2187/2187 2186/2186/2186
f 2187/2187/2187 2188/2188/2188 2186/2186/2186
o bench_north_carcass
usemtl cabinet
v 0.19000000476837153 0.8600000071525573 -3.3549999940395354
v 0.19000000476837153 0.8600000071525573 -4.155000005960464
v 0.19000000476837153 -7.152557379708213e-9 -3.3549999940395354
v 0.19000000476837153 -7.152557379708213e-9 -4.155000005960464
v -1.5500000047683717 0.8600000071525573 -4.155000005960464
v -1.5500000047683717 0.8600000071525573 -3.3549999940395354
v -1.5500000047683717 -7.152557379708213e-9 -4.155000005960464
v -1.5500000047683717 -7.152557379708213e-9 -3.3549999940395354
v -1.5500000047683717 0.8600000071525573 -4.155000005960464
v 0.19000000476837153 0.8600000071525573 -4.155000005960464
v -1.5500000047683717 0.8600000071525573 -3.3549999940395354
v 0.19000000476837153 0.8600000071525573 -3.3549999940395354
v -1.5500000047683717 -7.152557379708213e-9 -3.3549999940395354
v 0.19000000476837153 -7.152557379708213e-9 -3.3549999940395354
v -1.5500000047683717 -7.152557379708213e-9 -4.155000005960464
v 0.19000000476837153 -7.152557379708213e-9 -4.155000005960464
v -1.5500000047683717 0.8600000071525573 -3.3549999940395354
v 0.19000000476837153 0.8600000071525573 -3.3549999940395354
v -1.5500000047683717 -7.152557379708213e-9 -3.3549999940395354
v 0.19000000476837153 -7.152557379708213e-9 -3.3549999940395354
v 0.19000000476837153 0.8600000071525573 -4.155000005960464
v -1.5500000047683717 0.8600000071525573 -4.155000005960464
v 0.19000000476837153 -7.152557379708213e-9 -4.155000005960464
v -1.5500000047683717 -7.152557379708213e-9 -4.155000005960464
vt 0 1
vt 1 1
vt 0 0
vt 1 0
vt 0 1
vt 1 1
vt 0 0
vt 1 0
vt 0 1
vt 1 1
vt 0 0
vt 1 0
vt 0 1
vt 1 1
vt 0 0
vt 1 0
vt 0 1
vt 1 1
vt 0 0
vt 1 0
vt 0 1
vt 1 1
vt 0 0
vt 1 0
vn 1 0 0
vn 1 0 0
vn 1 0 0
vn 1 0 0
vn -1 0 0
vn -1 0 0
vn -1 0 0
vn -1 0 0
vn 0 1 0
vn 0 1 0
vn 0 1 0
vn 0 1 0
vn 0 -1 0
vn 0 -1 0
vn 0 -1 0
vn 0 -1 0
vn 0 0 1
vn 0 0 1
vn 0 0 1
vn 0 0 1
vn 0 0 -1
vn 0 0 -1
vn 0 0 -1
vn 0 0 -1
f 2189/2189/2189 2191/2191/2191 2190/2190/2190
f 2191/2191/2191 2192/2192/2192 2190/2190/2190
f 2193/2193/2193 2195/2195/2195 2194/2194/2194
f 2195/2195/2195 2196/2196/2196 2194/2194/2194
f 2197/2197/2197 2199/2199/2199 2198/2198/2198
f 2199/2199/2199 2200/2200/2200 2198/2198/2198
f 2201/2201/2201 2203/2203/2203 2202/2202/2202
f 2203/2203/2203 2204/2204/2204 2202/2202/2202
f 2205/2205/2205 2207/2207/2207 2206/2206/2206
f 2207/2207/2207 2208/2208/2208 2206/2206/2206
f 2209/2209/2209 2211/2211/2211 2210/2210/2210
f 2211/2211/2211 2212/2212/2212 2210/2210/2210
o bench_north_top
usemtl bench_top
v 0.2099999856948852 0.8999999995529652 -3.3350000131130217
v 0.2099999856948852 0.8999999995529652 -4.174999986886978
v 0.2099999856948852 0.8600000004470348 -3.3350000131130217
v 0.2099999856948852 0.8600000004470348 -4.174999986886978
v -1.5699999856948854 0.8999999995529652 -4.174999986886978
v -1.5699999856948854 0.8999999995529652 -3.3350000131130217
v -1.5699999856948854 0.8600000004470348 -4.174999986886978
v -1.5699999856948854 0.8600000004470348 -3.3350000131130217
v -1.5699999856948854 0.8999999995529652 -4.174999986886978
v 0.2099999856948852 0.8999999995529652 -4.174999986886978
v -1.5699999856948854 0.8999999995529652 -3.3350000131130217
v 0.2099999856948852 0.8999999995529652 -3.3350000131130217
v -1.5699999856948854 0.8600000004470348 -3.3350000131130217
v 0.2099999856948852 0.8600000004470348 -3.3350000131130217
v -1.5699999856948854 0.8600000004470348 -4.174999986886978
v 0.2099999856948852 0.8600000004470348 -4.174999986886978
v -1.5699999856948854 0.8999999995529652 -3.3350000131130217
v 0.2099999856948852 0.8999999995529652 -3.3350000131130217
v -1.5699999856948854 0.8600000004470348 -3.3350000131130217
v 0.2099999856948852 0.8600000004470348 -3.3350000131130217
v 0.2099999856948852 0.8999999995529652 -4.174999986886978
v -1.5699999856948854 0.8999999995529652 -4.174999986886978
v 0.2099999856948852 0.8600000004470348 -4.174999986886978
v -1.5699999856948854 0.8600000004470348 -4.174999986886978
vt 0 1
vt 1 1
vt 0 0
vt 1 0
vt 0 1
vt 1 1
vt 0 0
vt 1 0
vt 0 1
vt 1 1
vt 0 0
vt 1 0
vt 0 1
vt 1 1
vt 0 0
vt 1 0
vt 0 1
vt 1 1
vt 0 0
vt 1 0
vt 0 1
vt 1 1
vt 0 0
vt 1 0
vn 1 0 0
vn 1 0 0
vn 1 0 0
vn 1 0 0
vn -1 0 0
vn -1 0 0
vn -1 0 0
vn -1 0 0
vn 0 1 0
vn 0 1 0
vn 0 1 0
vn 0 1 0
vn 0 -1 0
vn 0 -1 0
vn 0 -1 0
vn 0 -1 0
vn 0 0 1
vn 0 0 1
vn 0 0 1
vn 0 0 1
vn 0 0 -1
vn 0 0 -1
vn 0 0 -1
vn 0 0 -1
f 2213/2213/2213 2215/2215/2215 2214/2214/2214
f 2215/2215/2215 2216/2216/2216 2214/2214/2214
f 2217/2217/2217 2219/2219/2219 2218/2218/2218
f 2219/2219/2219 2220/2220/2220 2218/2218/2218
f 2221/2221/2221 2223/2223/2223 2222/2222/2222
f 2223/2223/2223 2224/2224/2224 2222/2222/2222
f 2225/2225/2225 2227/2227/2227 2226/2226/2226
f 2227/2227/2227 2228/2228/2228 2226/2226/2226
f 2229/2229/2229 2231/2231/2231 2230/2230/2230
f 2231/2231/2231 2232/2232/2232 2230/2230/2230
f 2233/2233/2233 2235/2235/2235 2234/2234/2234
f 2235/2235/2235 2236/2236/2236 2234/2234/2234
o bench_south_carcass
usemtl cabinet
v 0.18999996662139895 0.8600000071525573 -0.4749999940395355
v 0.18999996662139895 0.8600000071525573 -1.2750000059604645
v 0.18999996662139895 -7.152557379708213e-9 -0.4749999940395355
v 0.18999996662139895 -7.152557379708213e-9 -1.2750000059604645
v -2.8799999666213987 0.8600000071525573 -1.2750000059604645
v -2.8799999666213987 0.8600000071525573 -0.4749999940395355
v -2.8799999666213987 -7.152557379708213e-9 -1.2750000059604645
v -2.8799999666213987 -7.152557379708213e-9 -0.4749999940395355
v -2.8799999666213987 0.8600000071525573 -1.2750000059604645
v 0.18999996662139895 0.8600000071525573 -1.2750000059604645
v -2.8799999666213987 0.8600000071525573 -0.4749999940395355
v 0.18999996662139895 0.8600000071525573 -0.4749999940395355
v -2.8799999666213987 -7.152557379708213e-9 -0.4749999940395355
v 0.18999996662139895 -7.152557379708213e-9 -0.4749999940395355
v -2.8799999666213987 -7.152557379708213e-9 -1.2750000059604645
v 0.18999996662139895 -7.152557379708213e-9 -1.2750000059604645
v -2.8799999666213987 0.8600000071525573 -0.4749999940395355
v 0.18999996662139895 0.8600000071525573 -0.4749999940395355
v -2.8799999666213987 -7.152557379708213e-9 -0.4749999940395355
v 0.18999996662139895 -7.152557379708213e-9 -0.4749999940395355
v 0.18999996662139895 0.8600000071525573 -1.2750000059604645
v -2.8799999666213987 0.8600000071525573 -1.2750000059604645
v 0.18999996662139895 -7.152557379708213e-9 -1.2750000059604645
v -2.8799999666213987 -7.152557379708213e-9 -1.2750000059604645
vt 0 1
vt 1 1
vt 0 0
vt 1 0
vt 0 1
vt 1 1
vt 0 0
vt 1 0
vt 0 1
vt 1 1
vt 0 0
vt 1 0
vt 0 1
vt 1 1
vt 0 0
vt 1 0
vt 0 1
vt 1 1
vt 0 0
vt 1 0
vt 0 1
vt 1 1
vt 0 0
vt 1 0
vn 1 0 0
vn 1 0 0
vn 1 0 0
vn 1 0 0
vn -1 0 0
vn -1 0 0
vn -1 0 0
vn -1 0 0
vn 0 1 0
vn 0 1 0
vn 0 1 0
vn 0 1 0
vn 0 -1 0
vn 0 -1 0
vn 0 -1 0
vn 0 -1 0
vn 0 0 1
vn 0 0 1
vn 0 0 1
vn 0 0 1
vn 0 0 -1
vn 0 0 -1
vn 0 0 -1
vn 0 0 -1
f 2237/2237/2237 2239/2239/2239 2238/2238/2238
f 2239/2239/2239 2240/2240/2240 2238/2238/2238
f 2241/2241/2241 2243/2243/2243 2242/2242/2242
f 2243/2243/2243 2244/2244/2244 2242/2242/2242
f 2245/2245/2245 2247/2247/2247 2246/2246/2246
f 2247/2247/2247 2248/2248/2248 2246/2246/2246
f 2249/2249/2249 2251/2251/2251 2250/2250/2250
f 2251/2251/2251 2252/2252/2252 2250/2250/2250
f 2253/2253/2253 2255/2255/2255 2254/2254/2254
f 2255/2255/2255 2256/2256/2256 2254/2254/2254
f 2257/2257/2257 2259/2259/2259 2258/2258/2258
f 2259/2259/2259 2260/2260/2260 2258/2258/2258
o bench_south_top
usemtl bench_top
v 0.20999994754791262 0.8999999995529652 -0.45500001311302185
v 0.20999994754791262 0.8999999995529652 -1.2949999868869781
v 0.20999994754791262 0.8600000004470348 -0.45500001311302185
v 0.20999994754791262 0.8600000004470348 -1.2949999868869781
v -2.8999999475479123 0.8999999995529652 -1.2949999868869781
v -2.8999999475479123 0.8999999995529652 -0.45500001311302185
v -2.8999999475479123 0.8600000004470348 -1.2949999868869781
v -2.8999999475479123 0.8600000004470348 -0.45500001311302185
v -2.8999999475479123 0.8999999995529652 -1.2949999868869781
v 0.20999994754791262 0.8999999995529652 -1.2949999868869781
v -2.8999999475479123 0.8999999995529652 -0.45500001311302185
v 0.20999994754791262 0.8999999995529652 -0.45500001311302185
v -2.8999999475479123 0.8600000004470348 -0.45500001311302185
v 0.20999994754791262 0.8600000004470348 -0.45500001311302185
v -2.8999999475479123 0.8600000004470348 -1.2949999868869781
v 0.20999994754791262 0.8600000004470348 -1.2949999868869781
v -2.8999999475479123 0.8999999995529652 -0.45500001311302185
v 0.20999994754791262 0.8999999995529652 -0.45500001311302185
v -2.8999999475479123 0.8600000004470348 -0.45500001311302185
v 0.20999994754791262 0.8600000004470348 -0.45500001311302185
v 0.20999994754791262 0.8999999995529652 -1.2949999868869781
v -2.8999999475479123 0.8999999995529652 -1.2949999868869781
v 0.20999994754791262 0.8600000004470348 -1.2949999868869781
v -2.8999999475479123 0.8600000004470348 -1.2949999868869781
vt 0 1
vt 1 1
vt 0 0
vt 1 0
vt 0 1
vt 1 1
vt 0 0
vt 1 0
vt 0 1
vt 1 1
vt 0 0
vt 1 0
vt 0 1
vt 1 1
vt 0 0
vt 1 0
vt 0 1
vt 1 1
vt 0 0
vt 1 0
vt 0 1
vt 1 1
vt 0 0
vt 1 0
vn 1 0 0
vn 1 0 0
vn 1 0 0
vn 1 0 0
vn -1 0 0
vn -1 0 0
vn -1 0 0
vn -1 0 0
vn 0 1 0
vn 0 1 0
vn 0 1 0
vn 0 1 0
vn 0 -1 0
vn 0 -1 0
vn 0 -1 0
vn 0 -1 0
vn 0 0 1
vn 0 0 1
vn 0 0 1
vn 0 0 1
vn 0 0 -1
vn 0 0 -1
vn 0 0 -1
vn 0 0 -1
f 2261/2261/2261 2263/2263/2263 2262/2262/2262
f 2263/2263/2263 2264/2264/2264 2262/2262/2262
f 2265/2265/2265 2267/2267/2267 2266/2266/2266
f 2267/2267/2267 2268/2268/2268 2266/2266/2266
f 2269/2269/2269 2271/2271/2271 2270/2270/2270
f 2271/2271/2271 2272/2272/2272 2270/2270/2270
f 2273/2273/2273 2275/2275/2275 2274/2274/2274
f 2275/2275/2275 2276/2276/2276 2274/2274/2274
f 2277/2277/2277 2279/2279/2279 2278/2278/2278
f 2279/2279/2279 2280/2280/2280 2278/2278/2278
f 2281/2281/2281 2283/2283/2283 2282/2282/2282
f 2283/2283/2283 2284/2284/2284 2282/2282/2282
o lab_sink_carcass
usemtl cabinet
v -2.279999988079071 0.8600000071525573 -2.494999988079071
v -2.279999988079071 0.8600000071525573 -3.095000011920929
v -2.279999988079071 -7.152557379708213e-9 -2.494999988079071
v -2.279999988079071 -7.152557379708213e-9 -3.095000011920929
v -2.880000011920929 0.8600000071525573 -3.095000011920929
v -2.880000011920929 0.8600000071525573 -2.494999988079071
v -2.880000011920929 -7.152557379708213e-9 -3.095000011920929
v -2.880000011920929 -7.152557379708213e-9 -2.494999988079071
v -2.880000011920929 0.8600000071525573 -3.095000011920929
v -2.279999988079071 0.8600000071525573 -3.095000011920929
v -2.880000011920929 0.8600000071525573 -2.494999988079071
v -2.279999988079071 0.8600000071525573 -2.494999988079071
v -2.880000011920929 -7.152557379708213e-9 -2.494999988079071
v -2.279999988079071 -7.152557379708213e-9 -2.494999988079071
v -2.880000011920929 -7.152557379708213e-9 -3.095000011920929
v -2.279999988079071 -7.152557379708213e-9 -3.095000011920929
v -2.880000011920929 0.8600000071525573 -2.494999988079071
v -2.279999988079071 0.8600000071525573 -2.494999988079071
v -2.880000011920929 -7.152557379708213e-9 -2.494999988079071
v -2.279999988079071 -7.152557379708213e-9 -2.494999988079071
v -2.279999988079071 0.8600000071525573 -3.095000011920929
v -2.880000011920929 0.8600000071525573 -3.095000011920929
v -2.279999988079071 -7.152557379708213e-9 -3.095000011920929
v -2.880000011920929 -7.152557379708213e-9 -3.095000011920929
vt 0 1
vt 1 1
vt 0 0
vt 1 0
vt 0 1
vt 1 1
vt 0 0
vt 1 0
vt 0 1
vt 1 1
vt 0 0
vt 1 0
vt 0 1
vt 1 1
vt 0 0
vt 1 0
vt 0 1
vt 1 1
vt 0 0
vt 1 0
vt 0 1
vt 1 1
vt 0 0
vt 1 0
vn 1 0 0
vn 1 0 0
vn 1 0 0
vn 1 0 0
vn -1 0 0
vn -1 0 0
vn -1 0 0
vn -1 0 0
vn 0 1 0
vn 0 1 0
vn 0 1 0
vn 0 1 0
vn 0 -1 0
vn 0 -1 0
vn 0 -1 0
vn 0 -1 0
vn 0 0 1
vn 0 0 1
vn 0 0 1
vn 0 0 1
vn 0 0 -1
vn 0 0 -1
vn 0 0 -1
vn 0 0 -1
f 2285/2285/2285 2287/2287/2287 2286/2286/2286
f 2287/2287/2287 2288/2288/2288 2286/2286/2286
f 2289/2289/2289 2291/2291/2291 2290/2290/2290
f 2291/2291/2291 2292/2292/2292 2290/2290/2290
f 2293/2293/2293 2295/2295/2295 2294/2294/2294
f 2295/2295/2295 2296/2296/2296 2294/2294/2294
f 2297/2297/2297 2299/2299/2299 2298/2298/2298
f 2299/2299/2299 2300/2300/2300 2298/2298/2298
f 2301/2301/2301 2303/2303/2303 2302/2302/2302
f 2303/2303/2303 2304/2304/2304 2302/2302/2302
f 2305/2305/2305 2307/2307/2307 2306/2306/2306
f 2307/2307/2307 2308/2308/2308 2306/2306/2306
o lab_sink_top
usemtl bench_top
v -2.2600000071525574 0.8999999995529652 -2.4750000071525573
v -2.2600000071525574 0.8999999995529652 -3.1149999928474426
v -2.2600000071525574 0.8600000004470348 -2.4750000071525573
v -2.2600000071525574 0.8600000004470348 -3.1149999928474426
v -2.8999999928474427 0.8999999995529652 -3.1149999928474426
v -2.8999999928474427 0.8999999995529652 -2.4750000071525573
v -2.8999999928474427 0.8600000004470348 -3.1149999928474426
v -2.8999999928474427 0.8600000004470348 -2.4750000071525573
v -2.8999999928474427 0.8999999995529652 -3.1149999928474426
v -2.2600000071525574 0.8999999995529652 -3.1149999928474426
v -2.8999999928474427 0.8999999995529652 -2.4750000071525573
v -2.2600000071525574 0.8999999995529652 -2.4750000071525573
v -2.8999999928474427 0.8600000004470348 -2.4750000071525573
v -2.2600000071525574 0.8600000004470348 -2.4750000071525573
v -2.8999999928474427 0.8600000004470348 -3.1149999928474426
v -2.2600000071525574 0.8600000004470348 -3.1149999928474426
v -2.8999999928474427 0.8999999995529652 -2.4750000071525573
v -2.2600000071525574 0.8999999995529652 -2.4750000071525573
v -2.8999999928474427 0.8600000004470348 -2.4750000071525573
v -2.2600000071525574 0.8600000004470348 -2.4750000071525573
v -2.2600000071525574 0.8999999995529652 -3.1149999928474426
v -2.8999999928474427 0.8999999995529652 -3.1149999928474426
v -2.2600000071525574 0.8600000004470348 -3.1149999928474426
v -2.8999999928474427 0.8600000004470348 -3.1149999928474426
vt 0 1
vt 1 1
vt 0 0
vt 1 0
vt 0 1
vt 1 1
vt 0 0
vt 1 0
vt 0 1
vt 1 1
vt 0 0
vt 1 0
vt 0 1
vt 1 1
vt 0 0
vt 1 0
vt 0 1
vt 1 1
vt 0 0
vt 1 0
vt 0 1
vt 1 1
vt 0 0
vt 1 0
vn 1 0 0
vn 1 0 0
vn 1 0 0
vn 1 0 0
vn -1 0 0
vn -1 0 0
vn -1 0 0
vn -1 0 0
vn 0 1 0
vn 0 1 0
vn 0 1 0
vn 0 1 0
vn 0 -1 0
vn 0 -1 0
vn 0 -1 0
vn 0 -1 0
vn 0 0 1
vn 0 0 1
vn 0 0 1
vn 0 0 1
vn 0 0 -1
vn 0 0 -1
vn 0 0 -1
vn 0 0 -1
f 2309/2309/2309 2311/2311/2311 2310/2310/2310
f 2311/2311/2311 2312/2312/2312 2310/2310/2310
f 2313/2313/2313 2315/2315/2315 2314/2314/2314
f 2315/2315/2315 2316/2316/2316 2314/2314/2314
f 2317/2317/2317 2319/2319/2319 2318/2318/2318
f 2319/2319/2319 2320/2320/2320 2318/2318/2318
f 2321/2321/2321 2323/2323/2323 2322/2322/2322
f 2323/2323/2323 2324/2324/2324 2322/2322/2322
f 2325/2325/2325 2327/2327/2327 2326/2326/2326
f 2327/2327/2327 2328/2328/2328 2326/2326/2326
f 2329/2329/2329 2331/2331/2331 2330/2330/2330
f 2331/2331/2331 2332/2332/2332 2330/2330/2330
o lab_sink_basin
usemtl porcelain
v -2.340000005364418 0.9199999986588955 -2.575000001192093
v -2.340000005364418 0.9199999986588955 -3.014999998807907
v -2.340000005364418 0.8000000013411045 -2.575000001192093
v -2.340000005364418 0.8000000013411045 -3.014999998807907
v -2.819999994635582 0.9199999986588955 -3.014999998807907
v -2.819999994635582 0.9199999986588955 -2.575000001192093
v -2.819999994635582 0.8000000013411045 -3.014999998807907
v -2.819999994635582 0.8000000013411045 -2.575000001192093
v -2.819999994635582 0.9199999986588955 -3.014999998807907
v -2.340000005364418 0.9199999986588955 -3.014999998807907
v -2.819999994635582 0.9199999986588955 -2.575000001192093
v -2.340000005364418 0.9199999986588955 -2.575000001192093
v -2.819999994635582 0.8000000013411045 -2.575000001192093
v -2.340000005364418 0.8000000013411045 -2.575000001192093
v -2.819999994635582 0.8000000013411045 -3.014999998807907
v -2.340000005364418 0.8000000013411045 -3.014999998807907
v -2.819999994635582 0.9199999986588955 -2.575000001192093
v -2.340000005364418 0.9199999986588955 -2.575000001192093
v -2.819999994635582 0.8000000013411045 -2.575000001192093
v -2.340000005364418 0.8000000013411045 -2.575000001192093
v -2.340000005364418 0.9199999986588955 -3.014999998807907
v -2.819999994635582 0.9199999986588955 -3.014999998807907
v -2.340000005364418 0.8000000013411045 -3.014999998807907
v -2.819999994635582 0.8000000013411045 -3.014999998807907
vt 0 1
vt 1 1
vt 0 0
vt 1 0
vt 0 1
vt 1 1
vt 0 0
vt 1 0
vt 0 1
vt 1 1
vt 0 0
vt 1 0
vt 0 1
vt 1 1
vt 0 0
vt 1 0
vt 0 1
vt 1 1
vt 0 0
vt 1 0
vt 0 1
vt 1 1
vt 0 0
vt 1 0
vn 1 0 0
vn 1 0 0
vn 1 0 0
vn 1 0 0
vn -1 0 0
vn -1 0 0
vn -1 0 0
vn -1 0 0
vn 0 1 0
vn 0 1 0
vn 0 1 0
vn 0 1 0
vn 0 -1 0
vn 0 -1 0
vn 0 -1 0
vn 0 -1 0
vn 0 0 1
vn 0 0 1
vn 0 0 1
vn 0 0 1
vn 0 0 -1
vn 0 0 -1
vn 0 0 -1
vn 0 0 -1
f 2333/2333/2333 2335/2335/2335 2334/2334/2334
f 2335/2335/2335 2336/2336/2336 2334/2334/2334
f 2337/2337/2337 2339/2339/2339 2338/2338/2338
f 2339/2339/2339 2340/2340/2340 2338/2338/2338
f 2341/2341/2341 2343/2343/2343 2342/2342/2342
f 2343/2343/2343 2344/2344/2344 2342/2342/2342
f 2345/2345/2345 2347/2347/2347 2346/2346/2346
f 2347/2347/2347 2348/2348/2348 2346/2346/2346
f 2349/2349/2349 2351/2351/2351 2350/2350/2350
f 2351/2351/2351 2352/2352/2352 2350/2350/2350
f 2353/2353/2353 2355/2355/2355 2354/2354/2354
f 2355/2355/2355 2356/2356/2356 2354/2354/2354
o lab_sink_tap
usemtl steel
v -2.76 1.1599999952316284 -2.7750000004470348
v -2.756098193572834 1.1599999952316284 -2.7753842939436435
v -2.752346331477165 1.1599999952316284 -2.7765224092453717
v -2.748888595253229 1.1599999952316284 -2.7783706077188253
v -2.7458578648418186 1.1599999952316284 -2.7808578648418187
v -2.743370607718825 1.1599999952316284 -2.783888595253229
v -2.7415224092453716 1.1599999952316284 -2.787346331477165
v -2.7403842939436434 1.1599999952316284 -2.791098193572834
v -2.7400000004470346 1.1599999952316284 -2.795
v -2.7403842939436434 1.1599999952316284 -2.798901806427166
v -2.7415224092453716 1.1599999952316284 -2.8026536685228347
v -2.743370607718825 1.1599999952316284 -2.806111404746771
v -2.7458578648418186 1.1599999952316284 -2.809142135158181
v -2.748888595253229 1.1599999952316284 -2.8116293922811746
v -2.752346331477165 1.1599999952316284 -2.813477590754628
v -2.756098193572834 1.1599999952316284 -2.8146157060563564
v -2.76 1.1599999952316284 -2.814999999552965
v -2.7639018064271657 1.1599999952316284 -2.8146157060563564
v -2.7676536685228346 1.1599999952316284 -2.813477590754628
v -2.7711114047467706 1.1599999952316284 -2.8116293922811746
v -2.774142135158181 1.1599999952316284 -2.809142135158181
v -2.7766293922811744 1.1599999952316284 -2.806111404746771
v -2.778477590754628 1.1599999952316284 -2.8026536685228347
v -2.779615706056356 1.1599999952316284 -2.798901806427166
v -2.779999999552965 1.1599999952316284 -2.795
v -2.779615706056356 1.1599999952316284 -2.791098193572834
v -2.778477590754628 1.1599999952316284 -2.787346331477165
v -2.7766293922811744 1.1599999952316284 -2.783888595253229
v -2.774142135158181 1.1599999952316284 -2.7808578648418187
v -2.7711114047467706 1.1599999952316284 -2.7783706077188253
v -2.7676536685228346 1.1599999952316284 -2.7765224092453717
v -2.7639018064271657 1.1599999952316284 -2.7753842939436435
v -2.76 1.1599999952316284 -2.7750000004470348
v -2.76 0.9000000047683716 -2.7750000004470348
v -2.756098193572834 0.9000000047683716 -2.7753842939436435
v -2.752346331477165 0.9000000047683716 -2.7765224092453717
v -2.748888595253229 0.9000000047683716 -2.7783706077188253
v -2.7458578648418186 0.9000000047683716 -2.7808578648418187
v -2.743370607718825 0.9000000047683716 -2.783888595253229
v -2.7415224092453716 0.9000000047683716 -2.787346331477165
v -2.7403842939436434 0.9000000047683716 -2.791098193572834
v -2.7400000004470346 0.9000000047683716 -2.795
v -2.7403842939436434 0.9000000047683716 -2.798901806427166
v -2.7415224092453716 0.9000000047683716 -2.8026536685228347
v -2.743370607718825 0.9000000047683716 -2.806111404746771
v -2.7458578648418186 0.9000000047683716 -2.809142135158181
v -2.748888595253229 0.9000000047683716 -2.8116293922811746
v -2.752346331477165 0.9000000047683716 -2.813477590754628
v -2.756098193572834 0.9000000047683716 -2.8146157060563564
v -2.76 0.9000000047683716 -2.814999999552965
v -2.7639018064271657 0.9000000047683716 -2.8146157060563564
v -2.7676536685228346 0.9000000047683716 -2.813477590754628
v -2.7711114047467706 0.9000000047683716 -2.8116293922811746
v -2.774142135158181 0.9000000047683716 -2.809142135158181
v -2.7766293922811744 0.9000000047683716 -2.806111404746771
v -2.778477590754628 0.9000000047683716 -2.8026536685228347
v -2.779615706056356 0.9000000047683716 -2.798901806427166
v -2.779999999552965 0.9000000047683716 -2.795
v -2.779615706056356 0.9000000047683716 -2.791098193572834
v -2.778477590754628 0.9000000047683716 -2.787346331477165
v -2.7766293922811744 0.9000000047683716 -2.783888595253229
v -2.774142135158181 0.9000000047683716 -2.7808578648418187
v -2.7711114047467706 0.9000000047683716 -2.7783706077188253
v -2.7676536685228346 0.9000000047683716 -2.7765224092453717
v -2.7639018064271657 0.9000000047683716 -2.7753842939436435
v -2.76 0.9000000047683716 -2.7750000004470348
v -2.76 1.1599999952316284 -2.795
v -2.76 1.1599999952316284 -2.795
v -2.76 1.1599999952316284 -2.795
v -2.76 1.1599999952316284 -2.795
v -2.76 1.1599999952316284 -2.795
v -2.76 1.1599999952316284 -2.795
v -2.76 1.1599999952316284 -2.795
v -2.76 1.1599999952316284 -2.795
v -2.76 1.1599999952316284 -2.795
v -2.76 1.1599999952316284 -2.795
v -2.76 1.1599999952316284 -2.795
v -2.76 1.1599999952316284 -2.795
v -2.76 1.1599999952316284 -2.795
v -2.76 1.1599999952316284 -2.795
v -2.76 1.1599999952316284 -2.795
v -2.76 1.1599999952316284 -2.795
v -2.76 1.1599999952316284 -2.795
v -2.76 1.1599999952316284 -2.795
v -2.76 1.1599999952316284 -2.795
v -2.76 1.1599999952316284 -2.795
v -2.76 1.1599999952316284 -2.795
v -2.76 1.1599999952316284 -2.795
v -2.76 1.1599999952316284 -2.795
v -2.76 1.1599999952316284 -2.795
v -2.76 1.1599999952316284 -2.795
v -2.76 1.1599999952316284 -2.795
v -2.76 1.1599999952316284 -2.795
v -2.76 1.1599999952316284 -2.795
v -2.76 1.1599999952316284 -2.795
v -2.76 1.1599999952316284 -2.795
v -2.76 1.1599999952316284 -2.795
v -2.76 1.1599999952316284 -2.795
v -2.76 1.1599999952316284 -2.7750000004470348
v -2.756098193572834 1.1599999952316284 -2.7753842939436435
v -2.752346331477165 1.1599999952316284 -2.7765224092453717
v -2.748888595253229 1.1599999952316284 -2.7783706077188253
v -2.7458578648418186 1.1599999952316284 -2.7808578648418187
v -2.743370607718825 1.1599999952316284 -2.783888595253229
v -2.7415224092453716 1.1599999952316284 -2.787346331477165
v -2.7403842939436434 1.1599999952316284 -2.791098193572834
v -2.7400000004470346 1.1599999952316284 -2.795
v -2.7403842939436434 1.1599999952316284 -2.798901806427166
v -2.7415224092453716 1.1599999952316284 -2.8026536685228347
v -2.743370607718825 1.1599999952316284 -2.806111404746771
v -2.7458578648418186 1.1599999952316284 -2.809142135158181
v -2.748888595253229 1.1599999952316284 -2.8116293922811746
v -2.752346331477165 1.1599999952316284 -2.813477590754628
v -2.756098193572834 1.1599999952316284 -2.8146157060563564
v -2.76 1.1599999952316284 -2.814999999552965
v -2.7639018064271657 1.1599999952316284 -2.8146157060563564
v -2.7676536685228346 1.1599999952316284 -2.813477590754628
v -2.7711114047467706 1.1599999952316284 -2.8116293922811746
v -2.774142135158181 1.1599999952316284 -2.809142135158181
v -2.7766293922811744 1.1599999952316284 -2.806111404746771
v -2.778477590754628 1.1599999952316284 -2.8026536685228347
v -2.779615706056356 1.1599999952316284 -2.798901806427166
v -2.779999999552965 1.1599999952316284 -2.795
v -2.779615706056356 1.1599999952316284 -2.791098193572834
v -2.778477590754628 1.1599999952316284 -2.787346331477165
v -2.7766293922811744 1.1599999952316284 -2.783888595253229
v -2.774142135158181 1.1599999952316284 -2.7808578648418187
v -2.7711114047467706 1.1599999952316284 -2.7783706077188253
v -2.7676536685228346 1.1599999952316284 -2.7765224092453717
v -2.7639018064271657 1.1599999952316284 -2.7753842939436435
v -2.76 1.1599999952316284 -2.7750000004470348
v -2.76 0.9000000047683716 -2.795
v -2.76 0.9000000047683716 -2.795
v -2.76 0.9000000047683716 -2.795
v -2.76 0.9000000047683716 -2.795
v -2.76 0.9000000047683716 -2.795
v -2.76 0.9000000047683716 -2.795
v -2.76 0.9000000047683716 -2.795
v -2.76 0.9000000047683716 -2.795
v -2.76 0.9000000047683716 -2.795
v -2.76 0.9000000047683716 -2.795
v -2.76 0.9000000047683716 -2.795
v -2.76 0.9000000047683716 -2.795
v -2.76 0.9000000047683716 -2.795
v -2.76 0.9000000047683716 -2.795
v -2.76 0.9000000047683716 -2.795
v -2.76 0.9000000047683716 -2.795
v -2.76 0.9000000047683716 -2.795
v -2.76 0.9000000047683716 -2.795
v -2.76 0.9000000047683716 -2.795
v -2.76 0.9000000047683716 -2.795
v -2.76 0.9000000047683716 -2.795
v -2.76 0.9000000047683716 -2.795
v -2.76 0.9000000047683716 -2.795
v -2.76 0.9000000047683716 -2.795
v -2.76 0.9000000047683716 -2.795
v -2.76 0.9000000047683716 -2.795
v -2.76 0.9000000047683716 -2.795
v -2.76 0.9000000047683716 -2.795
v -2.76 0.9000000047683716 -2.795
v -2.76 0.9000000047683716 -2.795
v -2.76 0.9000000047683716 -2.795
v -2.76 0.9000000047683716 -2.795
v -2.76 0.9000000047683716 -2.7750000004470348
v -2.756098193572834 0.9000000047683716 -2.7753842939436435
v -2.752346331477165 0.9000000047683716 -2.7765224092453717
v -2.748888595253229 0.9000000047683716 -2.7783706077188253
v -2.7458578648418186 0.9000000047683716 -2.7808578648418187
v -2.743370607718825 0.9000000047683716 -2.783888595253229
v -2.7415224092453716 0.9000000047683716 -2.787346331477165
v -2.7403842939436434 0.9000000047683716 -2.791098193572834
v -2.7400000004470346 0.9000000047683716 -2.795
v -2.7403842939436434 0.9000000047683716 -2.798901806427166
v -2.7415224092453716 0.9000000047683716 -2.8026536685228347
v -2.743370607718825 0.9000000047683716 -2.806111404746771
v -2.7458578648418186 0.9000000047683716 -2.809142135158181
v -2.748888595253229 0.9000000047683716 -2.8116293922811746
v -2.752346331477165 0.9000000047683716 -2.813477590754628
v -2.756098193572834 0.9000000047683716 -2.8146157060563564
v -2.76 0.9000000047683716 -2.814999999552965
v -2.7639018064271657 0.9000000047683716 -2.8146157060563564
v -2.7676536685228346 0.9000000047683716 -2.813477590754628
v -2.7711114047467706 0.9000000047683716 -2.8116293922811746
v -2.774142135158181 0.9000000047683716 -2.809142135158181
v -2.7766293922811744 0.9000000047683716 -2.806111404746771
v -2.778477590754628 0.9000000047683716 -2.8026536685228347
v -2.779615706056356 0.9000000047683716 -2.798901806427166
v -2.779999999552965 0.9000000047683716 -2.795
v -2.779615706056356 0.9000000047683716 -2.791098193572834
v -2.778477590754628 0.9000000047683716 -2.787346331477165
v -2.7766293922811744 0.9000000047683716 -2.783888595253229
v -2.774142135158181 0.9000000047683716 -2.7808578648418187
v -2.7711114047467706 0.9000000047683716 -2.7783706077188253
v -2.7676536685228346 0.9000000047683716 -2.7765224092453717
v -2.7639018064271657 0.9000000047683716 -2.7753842939436435
v -2.76 0.9000000047683716 -2.7750000004470348
vt 0 1
vt 0.03125 1
vt 0.0625 1
vt 0.09375 1
vt 0.125 1
vt 0.15625 1
vt 0.1875 1
vt 0.21875 1
vt 0.25 1
vt 0.28125 1
vt 0.3125 1
vt 0.34375 1
vt 0.375 1
vt 0.40625 1
vt 0.4375 1
vt 0.46875 1
vt 0.5 1
vt 0.53125 1
vt 0.5625 1
vt 0.59375 1
vt 0.625 1
vt 0.65625 1
vt 0.6875 1
vt 0.71875 1
vt 0.75 1
vt 0.78125 1
vt 0.8125 1
vt 0.84375 1
vt 0.875 1
vt 0.90625 1
vt 0.9375 1
vt 0.96875 1
vt 1 1
vt 0 0
vt 0.03125 0
vt 0.0625 0
vt 0.09375 0
vt 0.125 0
vt 0.15625 0
vt 0.1875 0
vt 0.21875 0
vt 0.25 0
vt 0.28125 0
vt 0.3125 0
vt 0.34375 0
vt 0.375 0
vt 0.40625 0
vt 0.4375 0
vt 0.46875 0
vt 0.5 0
vt 0.53125 0
vt 0.5625 0
vt 0.59375 0
vt 0.625 0
vt 0.65625 0
vt 0.6875 0
vt 0.71875 0
vt 0.75 0
vt 0.78125 0
vt 0.8125 0
vt 0.84375 0
vt 0.875 0
vt 0.90625 0
vt 0.9375 0
vt 0.96875 0
vt 1 0
vt 0.5 0.5
vt 0.5 0.5
vt 0.5 0.5
vt 0.5 0.5
vt 0.5 0.5
vt 0.5 0.5
vt 0.5 0.5
vt 0.5 0.5
vt 0.5 0.5
vt 0.5 0.5
vt 0.5 0.5
vt 0.5 0.5
vt 0.5 0.5
vt 0.5 0.5
vt 0.5 0.5
vt 0.5 0.5
vt 0.5 0.5
vt 0.5 0.5
vt 0.5 0.5
vt 0.5 0.5
vt 0.5 0.5
vt 0.5 0.5
vt 0.5 0.5
vt 0.5 0.5
vt 0.5 0.5
vt 0.5 0.5
vt 0.5 0.5
vt 0.5 0.5
vt 0.5 0.5
vt 0.5 0.5
vt 0.5 0.5
vt 0.5 0.5
vt 1 0.5
vt 0.9903926253318787 0.5975451469421387
vt 0.9619397521018982 0.6913416981697083
vt 0.9157348275184631 0.7777851223945618
vt 0.8535534143447876 0.8535534143447876
vt 0.7777851223945618 0.9157348275184631
vt 0.6913416981697083 0.9619397521018982
vt 0.5975451469421387 0.9903926253318787
vt 0.5 1
vt 0.40245485305786133 0.9903926253318787
vt 0.30865827202796936 0.9619397521018982
vt 0.22221487760543823 0.9157348275184631
vt 0.1464466154575348 0.8535534143447876
vt 0.08426519483327866 0.7777851223945618
vt 0.03806023299694061 0.6913416981697083
vt 0.009607359766960144 0.5975451469421387
vt 0 0.5
vt 0.009607359766960144 0.40245485305786133
vt 0.03806023299694061 0.30865827202796936
vt 0.08426519483327866 0.22221487760543823
vt 0.1464466154575348 0.1464466154575348
vt 0.22221487760543823 0.08426519483327866
vt 0.30865827202796936 0.03806023299694061
vt 0.40245485305786133 0.009607359766960144
vt 0.5 0
vt 0.5975451469421387 0.009607359766960144
vt 0.6913416981697083 0.03806023299694061
vt 0.7777851223945618 0.08426519483327866
vt 0.8535534143447876 0.1464466154575348
vt 0.9157348275184631 0.22221487760543823
vt 0.9619397521018982 0.30865827202796936
vt 0.9903926253318787 0.40245485305786133
vt 1 0.5
vt 0.5 0.5
vt 0.5 0.5
vt 0.5 0.5
vt 0.5 0.5
vt 0.5 0.5
vt 0.5 0.5
vt 0.5 0.5
vt 0.5 0.5
vt 0.5 0.5
vt 0.5 0.5
vt 0.5 0.5
vt 0.5 0.5
vt 0.5 0.5
vt 0.5 0.5
vt 0.5 0.5
vt 0.5 0.5
vt 0.5 0.5
vt 0.5 0.5
vt 0.5 0.5
vt 0.5 0.5
vt 0.5 0.5
vt 0.5 0.5
vt 0.5 0.5
vt 0.5 0.5
vt 0.5 0.5
vt 0.5 0.5
vt 0.5 0.5
vt 0.5 0.5
vt 0.5 0.5
vt 0.5 0.5
vt 0.5 0.5
vt 0.5 0.5
vt 1 0.5
vt 0.9903926253318787 0.40245485305786133
vt 0.9619397521018982 0.30865827202796936
vt 0.9157348275184631 0.22221487760543823
vt 0.8535534143447876 0.1464466154575348
vt 0.7777851223945618 0.08426519483327866
vt 0.6913416981697083 0.03806023299694061
vt 0.5975451469421387 0.009607359766960144
vt 0.5 0
vt 0.40245485305786133 0.009607359766960144
vt 0.30865827202796936 0.03806023299694061
vt 0.22221487760543823 0.08426519483327866
vt 0.1464466154575348 0.1464466154575348
vt 0.08426519483327866 0.22221487760543823
vt 0.03806023299694061 0.30865827202796936
vt 0.009607359766960144 0.40245485305786133
vt 0 0.5
vt 0.009607359766960144 0.5975451469421387
vt 0.03806023299694061 0.6913416981697083
vt 0.08426519483327866 0.7777851223945618
vt 0.1464466154575348 0.8535534143447876
vt 0.22221487760543823 0.9157348275184631
vt 0.30865827202796936 0.9619397521018982
vt 0.40245485305786133 0.9903926253318787
vt 0.5 1
vt 0.5975451469421387 0.9903926253318787
vt 0.6913416981697083 0.9619397521018982
vt 0.7777851223945618 0.9157348275184631
vt 0.8535534143447876 0.8535534143447876
vt 0.9157348275184631 0.7777851223945618
vt 0.9619397521018982 0.6913416981697083
vt 0.9903926253318787 0.5975451469421387
vt 1 0.5
vn 0 0 1
vn 0.19509032931342324 0 0.9807852789517083
vn 0.3826834370613369 0 0.9238795305660377
vn 0.555570248949409 0 0.8314696016585884
vn 0.7071067811865476 0 0.7071067811865476
vn 0.8314696016585884 0 0.555570248949409
vn 0.9238795305660377 0 0.3826834370613369
vn 0.9807852789517083 0 0.19509032931342324
vn 1 0 6.123234262925839e-17
vn 0.9807852789517083 0 -0.19509032931342324
vn 0.9238795305660377 0 -0.3826834370613369
vn 0.8314696016585884 0 -0.555570248949409
vn 0.7071067811865476 0 -0.7071067811865476
vn 0.555570248949409 0 -0.8314696016585884
vn 0.3826834370613369 0 -0.9238795305660377
vn 0.19509032931342324 0 -0.9807852789517083
vn 1.2246468525851679e-16 0 -1
vn -0.19509032931342324 0 -0.9807852789517083
vn -0.3826834370613369 0 -0.9238795305660377
vn -0.555570248949409 0 -0.8314696016585884
vn -0.7071067811865476 0 -0.7071067811865476
vn -0.8314696016585884 0 -0.555570248949409
vn -0.9238795305660377 0 -0.3826834370613369
vn -0.9807852789517083 0 -0.19509032931342324
vn -1 0 -1.8369701465288538e-16
vn -0.9807852789517083 0 0.19509032931342324
vn -0.9238795305660377 0 0.3826834370613369
vn -0.8314696016585884 0 0.555570248949409
vn -0.7071067811865476 0 0.7071067811865476
vn -0.555570248949409 0 0.8314696016585884
vn -0.3826834370613369 0 0.9238795305660377
vn -0.19509032931342324 0 0.9807852789517083
vn -2.4492937051703357e-16 0 1
vn 0 0 1
vn 0.19509032931342324 0 0.9807852789517083
vn 0.3826834370613369 0 0.9238795305660377
vn 0.555570248949409 0 0.8314696016585884
vn 0.7071067811865476 0 0.7071067811865476
vn 0.8314696016585884 0 0.555570248949409
vn 0.9238795305660377 0 0.3826834370613369
vn 0.9807852789517083 0 0.19509032931342324
vn 1 0 6.123234262925839e-17
vn 0.9807852789517083 0 -0.19509032931342324
vn 0.9238795305660377 0 -0.3826834370613369
vn 0.8314696016585884 0 -0.555570248949409
vn 0.7071067811865476 0 -0.7071067811865476
vn 0.555570248949409 0 -0.8314696016585884
vn 0.3826834370613369 0 -0.9238795305660377
vn 0.19509032931342324 0 -0.9807852789517083
vn 1.2246468525851679e-16 0 -1
vn -0.19509032931342324 0 -0.9807852789517083
vn -0.3826834370613369 0 -0.9238795305660377
vn -0.555570248949409 0 -0.8314696016585884
vn -0.7071067811865476 0 -0.7071067811865476
vn -0.8314696016585884 0 -0.555570248949409
vn -0.9238795305660377 0 -0.3826834370613369
vn -0.9807852789517083 0 -0.19509032931342324
vn -1 0 -1.8369701465288538e-16
vn -0.9807852789517083 0 0.19509032931342324
vn -0.9238795305660377 0 0.3826834370613369
vn -0.8314696016585884 0 0.555570248949409
vn -0.7071067811865476 0 0.7071067811865476
vn -0.555570248949409 0 0.8314696016585884
vn -0.3826834370613369 0 0.9238795305660377
vn -0.19509032931342324 0 0.9807852789517083
vn -2.4492937051703357e-16 0 1
vn 0 1 0
vn 0 1 0
vn 0 1 0
vn 0 1 0
vn 0 1 0
vn 0 1 0
vn 0 1 0
vn 0 1 0
vn 0 1 0
vn 0 1 0
vn 0 1 0
vn 0 1 0
vn 0 1 0
vn 0 1 0
vn 0 1 0
vn 0 1 0
vn 0 1 0
vn 0 1 0
vn 0 1 0
vn 0 1 0
vn 0 1 0
vn 0 1 0
vn 0 1 0
vn 0 1 0
vn 0 1 0
vn 0 1 0
vn 0 1 0
vn 0 1 0
vn 0 1 0
vn 0 1 0
vn 0 1 0
vn 0 1 0
vn 0 1 0
vn 0 1 0
vn 0 1 0
vn 0 1 0
vn 0 1 0
vn 0 1 0
vn 0 1 0
vn 0 1 0
vn 0 1 0
vn 0 1 0
vn 0 1 0
vn 0 1 0
vn 0 1 0
vn 0 1 0
vn 0 1 0
vn 0 1 0
vn 0 1 0
vn 0 1 0
vn 0 1 0
vn 0 1 0
vn 0 1 0
vn 0 1 0
vn 0 1 0
vn 0 1 0
vn 0 1 0
vn 0 1 0
vn 0 1 0
vn 0 1 0
vn 0 1 0
vn 0 1 0
vn 0 1 0
vn 0 1 0
vn 0 1 0
vn 0 -1 0
vn 0 -1 0
vn 0 -1 0
vn 0 -1 0
vn 0 -1 0
vn 0 -1 0
vn 0 -1 0
vn 0 -1 0
vn 0 -1 0
vn 0 -1 0
vn 0 -1 0
vn 0 -1 0
vn 0 -1 0
vn 0 -1 0
vn 0 -1 0
vn 0 -1 0
vn 0 -1 0
vn 0 -1 0
vn 0 -1 0
vn 0 -1 0
vn 0 -1 0
vn 0 -1 0
vn 0 -1 0
vn 0 -1 0
vn 0 -1 0
vn 0 -1 0
vn 0 -1 0
vn 0 -1 0
vn 0 -1 0
vn 0 -1 0
vn 0 -1 0
vn 0 -1 0
vn 0 -1 0
vn 0 -1 0
vn 0 -1 0
vn 0 -1 0
vn 0 -1 0
vn 0 -1 0
vn 0 -1 0
vn 0 -1 0
vn 0 -1 0
vn 0 -1 0
vn 0 -1 0
vn 0 -1 0
vn 0 -1 0
vn 0 -1 0
vn 0 -1 0
vn 0 -1 0
vn 0 -1 0
vn 0 -1 0
vn 0 -1 0
vn 0 -1 0
vn 0 -1 0
vn 0 -1 0
vn 0 -1 0
vn 0 -1 0
vn 0 -1 0
vn 0 -1 0
vn 0 -1 0
vn 0 -1 0
vn 0 -1 0
vn 0 -1 0
vn 0 -1 0
vn 0 -1 0
vn 0 -1 0
f 2357/2357/2357 2390/2390/2390 2358/2358/2358
f 2390/2390/2390 2391/2391/2391 2358/2358/2358
f 2358/2358/2358 2391/2391/2391 2359/2359/2359
f 2391/2391/2391 2392/2392/2392 2359/2359/2359
f 2359/2359/2359 2392/2392/2392 2360/2360/2360
f 2392/2392/2392 2393/2393/2393 2360/2360/2360
f 2360/2360/2360 2393/2393/2393 2361/2361/2361
f 2393/2393/2393 2394/2394/2394 2361/2361/2361
f 2361/2361/2361 2394/2394/2394 2362/2362/2362
f 2394/2394/2394 2395/2395/2395 2362/2362/2362
f 2362/2362/2362 2395/2395/2395 2363/2363/2363
f 2395/2395/2395 2396/2396/2396 2363/2363/2363
f 2363/2363/2363 2396/2396/2396 2364/2364/2364
f 2396/2396/2396 2397/2397/2397 2364/2364/2364
f 2364/2364/2364 2397/2397/2397 2365/2365/2365
f 2397/2397/2397 2398/2398/2398 2365/2365/2365
f 2365/2365/2365 2398/2398/2398 2366/2366/2366
f 2398/2398/2398 2399/2399/2399 2366/2366/2366
f 2366/2366/2366 2399/2399/2399 2367/2367/2367
f 2399/2399/2399 2400/2400/2400 2367/2367/2367
f 2367/2367/2367 2400/2400/2400 2368/2368/2368
f 2400/2400/2400 2401/2401/2401 2368/2368/2368
f 2368/2368/2368 2401/2401/2401 2369/2369/2369
f 2401/2401/2401 2402/2402/2402 2369/2369/2369
f 2369/2369/2369 2402/2402/2402 2370/2370/2370
f 2402/2402/2402 2403/2403/2403 2370/2370/2370
f 2370/2370/2370 2403/2403/2403 2371/2371/2371
f 2403/2403/2403 2404/2404/2404 2371/2371/2371
f 2371/2371/2371 2404/2404/2404 2372/2372/2372
f 2404/2404/2404 2405/2405/2405 2372/2372/2372
f 2372/2372/2372 2405/2405/2405 2373/2373/2373
f 2405/2405/2405 2406/2406/2406 2373/2373/2373
f 2373/2373/2373 2406/2406/2406 2374/2374/2374
f 2406/2406/2406 2407/2407/2407 2374/2374/2374
f 2374/2374/2374 2407/2407/2407 2375/2375/2375
f 2407/2407/2407 2408/2408/2408 2375/2375/2375
f 2375/2375/2375 2408/2408/2408 2376/2376/2376
f 2408/2408/2408 2409/2409/2409 2376/2376/2376
f 2376/2376/2376 2409/2409/2409 2377/2377/2377
f 2409/2409/2409 2410/2410/2410 2377/2377/2377
f 2377/2377/2377 2410/2410/2410 2378/2378/2378
f 2410/2410/2410 2411/2411/2411 2378/2378/2378
f 2378/2378/2378 2411/2411/2411 2379/2379/2379
f 2411/2411/2411 2412/2412/2412 2379/2379/2379
f 2379/2379/2379 2412/2412/2412 2380/2380/2380
f 2412/2412/2412 2413/2413/2413 2380/2380/2380
f 2380/2380/2380 2413/2413/2413 2381/2381/2381
f 2413/2413/2413 2414/2414/2414 2381/2381/2381
f 2381/2381/2381 2414/2414/2414 2382/2382/2382
f 2414/2414/2414 2415/2415/2415 2382/2382/2382
f 2382/2382/2382 2415/2415/2415 2383/2383/2383
f 2415/2415/2415 2416/2416/2416 2383/2383/2383
f 2383/2383/2383 2416/2416/2416 2384/2384/2384
f 2416/2416/2416 2417/2417/2417 2384/2384/2384
f 2384/2384/2384 2417/2417/2417 2385/2385/2385
f 2417/2417/2417 2418/2418/2418 2385/2385/2385
f 2385/2385/2385 2418/2418/2418 2386/2386/2386
f 2418/2418/2418 2419/2419/2419 2386/2386/2386
f 2386/2386/2386 2419/2419/2419 2387/2387/2387
f 2419/2419/2419 2420/2420/2420 2387/2387/2387
f 2387/2387/2387 2420/2420/2420 2388/2388/2388
f 2420/2420/2420 2421/2421/2421 2388/2388/2388
f 2388/2388/2388 2421/2421/2421 2389/2389/2389
f 2421/2421/2421 2422/2422/2422 2389/2389/2389
f 2455/2455/2455 2456/2456/2456 2423/2423/2423
f 2456/2456/2456 2457/2457/2457 2424/2424/2424
f 2457/2457/2457 2458/2458/2458 2425/2425/2425
f 2458/2458/2458 2459/2459/2459 2426/2426/2426
f 2459/2459/2459 2460/2460/2460 2427/2427/2427
f 2460/2460/2460 2461/2461/2461 2428/2428/2428
f 2461/2461/2461 2462/2462/2462 2429/2429/2429
f 2462/2462/2462 2463/2463/2463 2430/2430/2430
f 2463/2463/2463 2464/2464/2464 2431/2431/2431
f 2464/2464/2464 2465/2465/2465 2432/2432/2432
f 2465/2465/2465 2466/2466/2466 2433/2433/2433
f 2466/2466/2466 2467/2467/2467 2434/2434/2434
f 2467/2467/2467 2468/2468/2468 2435/2435/2435
f 2468/2468/2468 2469/2469/2469 2436/2436/2436
f 2469/2469/2469 2470/2470/2470 2437/2437/2437
f 2470/2470/2470 2471/2471/2471 2438/2438/2438
f 2471/2471/2471 2472/2472/2472 2439/2439/2439
f 2472/2472/2472 2473/2473/2473 2440/2440/2440
f 2473/2473/2473 2474/2474/2474 2441/2441/2441
f 2474/2474/2474 2475/2475/2475 2442/2442/2442
f 2475/2475/2475 2476/2476/2476 2443/2443/2443
f 2476/2476/2476 2477/2477/2477 2444/2444/2444
f 2477/2477/2477 2478/2478/2478 2445/2445/2445
f 2478/2478/2478 2479/2479/2479 2446/2446/2446
f 2479/2479/2479 2480/2480/2480 2447/2447/2447
f 2480/2480/2480 2481/2481/2481 2448/2448/2448
f 2481/2481/2481 2482/2482/2482 2449/2449/2449
f 2482/2482/2482 2483/2483/2483 2450/2450/2450
f 2483/2483/2483 2484/2484/2484 2451/2451/2451
f 2484/2484/2484 2485/2485/2485 2452/2452/2452
f 2485/2485/2485 2486/2486/2486 2453/2453/2453
f 2486/2486/2486 2487/2487/2487 2454/2454/2454
f 2521/2521/2521 2520/2520/2520 2488/2488/2488
f 2522/2522/2522 2521/2521/2521 2489/2489/2489
f 2523/2523/2523 2522/2522/2522 2490/2490/2490
f 2524/2524/2524 2523/2523/2523 2491/2491/2491
f 2525/2525/2525 2524/2524/2524 2492/2492/2492
f 2526/2526/2526 2525/2525/2525 2493/2493/2493
f 2527/2527/2527 2526/2526/2526 2494/2494/2494
f 2528/2528/2528 2527/2527/2527 2495/2495/2495
f 2529/2529/2529 2528/2528/2528 2496/2496/2496
f 2530/2530/2530 2529/2529/2529 2497/2497/2497
f 2531/2531/2531 2530/2530/2530 2498/2498/2498
f 2532/2532/2532 2531/2531/2531 2499/2499/2499
f 2533/2533/2533 2532/2532/2532 2500/2500/2500
f 2534/2534/2534 2533/2533/2533 2501/2501/2501
f 2535/2535/2535 2534/2534/2534 2502/2502/2502
f 2536/2536/2536 2535/2535/2535 2503/2503/2503
f 2537/2537/2537 2536/2536/2536 2504/2504/2504
f 2538/2538/2538 2537/2537/2537 2505/2505/2505
f 2539/2539/2539 2538/2538/2538 2506/2506/2506
f 2540/2540/2540 2539/2539/2539 2507/2507/2507
f 2541/2541/2541 2540/2540/2540 2508/2508/2508
f 2542/2542/2542 2541/2541/2541 2509/2509/2509
f 2543/2543/2543 2542/2542/2542 2510/2510/2510
f 2544/2544/2544 2543/2543/2543 2511/2511/2511
f 2545/2545/2545 2544/2544/2544 2512/2512/2512
f 2546/2546/2546 2545/2545/2545 2513/2513/2513
f 2547/2547/2547 2546/2546/2546 2514/2514/2514
f 2548/2548/2548 2547/2547/2547 2515/2515/2515
f 2549/2549/2549 2548/2548/2548 2516/2516/2516
f 2550/2550/2550 2549/2549/2549 2517/2517/2517
f 2551/2551/2551 2550/2550/2550 2518/2518/2518
f 2552/2552/2552 2551/2551/2551 2519/2519/2519
o reporting_desk
usemtl cabinet
v -2.1800000059604643 0.7200000143051147 -1.375
v -2.1800000059604643 0.7200000143051147 -2.375
v -2.1800000059604643 -1.4305114759416426e-8 -1.375
v -2.1800000059604643 -1.4305114759416426e-8 -2.375
v -2.8799999940395353 0.7200000143051147 -2.375
v -2.8799999940395353 0.7200000143051147 -1.375
v -2.8799999940395353 -1.4305114759416426e-8 -2.375
v -2.8799999940395353 -1.4305114759416426e-8 -1.375
v -2.8799999940395353 0.7200000143051147 -2.375
v -2.1800000059604643 0.7200000143051147 -2.375
v -2.8799999940395353 0.7200000143051147 -1.375
v -2.1800000059604643 0.7200000143051147 -1.375
v -2.8799999940395353 -1.4305114759416426e-8 -1.375
v -2.1800000059604643 -1.4305114759416426e-8 -1.375
v -2.8799999940395353 -1.4305114759416426e-8 -2.375
v -2.1800000059604643 -1.4305114759416426e-8 -2.375
v -2.8799999940395353 0.7200000143051147 -1.375
v -2.1800000059604643 0.7200000143051147 -1.375
v -2.8799999940395353 -1.4305114759416426e-8 -1.375
v -2.1800000059604643 -1.4305114759416426e-8 -1.375
v -2.1800000059604643 0.7200000143051147 -2.375
v -2.8799999940395353 0.7200000143051147 -2.375
v -2.1800000059604643 -1.4305114759416426e-8 -2.375
v -2.8799999940395353 -1.4305114759416426e-8 -2.375
vt 0 1
vt 1 1
vt 0 0
vt 1 0
vt 0 1
vt 1 1
vt 0 0
vt 1 0
vt 0 1
vt 1 1
vt 0 0
vt 1 0
vt 0 1
vt 1 1
vt 0 0
vt 1 0
vt 0 1
vt 1 1
vt 0 0
vt 1 0
vt 0 1
vt 1 1
vt 0 0
vt 1 0
vn 1 0 0
vn 1 0 0
vn 1 0 0
vn 1 0 0
vn -1 0 0
vn -1 0 0
vn -1 0 0
vn -1 0 0
vn 0 1 0
vn 0 1 0
vn 0 1 0
vn 0 1 0
vn 0 -1 0
vn 0 -1 0
vn 0 -1 0
vn 0 -1 0
vn 0 0 1
vn 0 0 1
vn 0 0 1
vn 0 0 1
vn 0 0 -1
vn 0 0 -1
vn 0 0 -1
vn 0 0 -1
f 2553/2553/2553 2555/2555/2555 2554/2554/2554
f 2555/2555/2555 2556/2556/2556 2554/2554/2554
f 2557/2557/2557 2559/2559/2559 2558/2558/2558
f 2559/2559/2559 2560/2560/2560 2558/2558/2558
f 2561/2561/2561 2563/2563/2563 2562/2562/2562
f 2563/2563/2563 2564/2564/2564 2562/2562/2562
f 2565/2565/2565 2567/2567/2567 2566/2566/2566
f 2567/2567/2567 2568/2568/2568 2566/2566/2566
f 2569/2569/2569 2571/2571/2571 2570/2570/2570
f 2571/2571/2571 2572/2572/2572 2570/2570/2570
f 2573/2573/2573 2575/2575/2575 2574/2574/2574
f 2575/2575/2575 2576/2576/2576 2574/2574/2574
o reporting_desk_top
usemtl bench_top
v -2.1599999952316282 0.7599999995529652 -1.3550000190734863
v -2.1599999952316282 0.7599999995529652 -2.3949999809265137
v -2.1599999952316282 0.7200000004470348 -1.3550000190734863
v -2.1599999952316282 0.7200000004470348 -2.3949999809265137
v -2.9000000047683714 0.7599999995529652 -2.3949999809265137
v -2.9000000047683714 0.7599999995529652 -1.3550000190734863
v -2.9000000047683714 0.7200000004470348 -2.3949999809265137
v -2.9000000047683714 0.7200000004470348 -1.3550000190734863
v -2.9000000047683714 0.7599999995529652 -2.3949999809265137
v -2.1599999952316282 0.7599999995529652 -2.3949999809265137
v -2.9000000047683714 0.7599999995529652 -1.3550000190734863
v -2.1599999952316282 0.7599999995529652 -1.3550000190734863
v -2.9000000047683714 0.7200000004470348 -1.3550000190734863
v -2.1599999952316282 0.7200000004470348 -1.3550000190734863
v -2.9000000047683714 0.7200000004470348 -2.3949999809265137
v -2.1599999952316282 0.7200000004470348 -2.3949999809265137
v -2.9000000047683714 0.7599999995529652 -1.3550000190734863
v -2.1599999952316282 0.7599999995529652 -1.3550000190734863
v -2.9000000047683714 0.7200000004470348 -1.3550000190734863
v -2.1599999952316282 0.7200000004470348 -1.3550000190734863
v -2.1599999952316282 0.7599999995529652 -2.3949999809265137
v -2.9000000047683714 0.7599999995529652 -2.3949999809265137
v -2.1599999952316282 0.7200000004470348 -2.3949999809265137
v -2.9000000047683714 0.7200000004470348 -2.3949999809265137
vt 0 1
vt 1 1
vt 0 0
vt 1 0
vt 0 1
vt 1 1
vt 0 0
vt 1 0
vt 0 1
vt 1 1
vt 0 0
vt 1 0
vt 0 1
vt 1 1
vt 0 0
vt 1 0
vt 0 1
vt 1 1
vt 0 0
vt 1 0
vt 0 1
vt 1 1
vt 0 0
vt 1 0
vn 1 0 0
vn 1 0 0
vn 1 0 0
vn 1 0 0
vn -1 0 0
vn -1 0 0
vn -1 0 0
vn -1 0 0
vn 0 1 0
vn 0 1 0
vn 0 1 0
vn 0 1 0
vn 0 -1 0
vn 0 -1 0
vn 0 -1 0
vn 0 -1 0
vn 0 0 1
vn 0 0 1
vn 0 0 1
vn 0 0 1
vn 0 0 -1
vn 0 0 -1
vn 0 0 -1
vn 0 0 -1
f 2577/2577/2577 2579/2579/2579 2578/2578/2578
f 2579/2579/2579 2580/2580/2580 2578/2578/2578
f 2581/2581/2581 2583/2583/2583 2582/2582/2582
f 2583/2583/2583 2584/2584/2584 2582/2582/2582
f 2585/2585/2585 2587/2587/2587 2586/2586/2586
f 2587/2587/2587 2588/2588/2588 2586/2586/2586
f 2589/2589/2589 2591/2591/2591 2590/2590/2590
f 2591/2591/2591 2592/2592/2592 2590/2590/2590
f 2593/2593/2593 2595/2595/2595 2594/2594/2594
f 2595/2595/2595 2596/2596/2596 2594/2594/2594
f 2597/2597/2597 2599/2599/2599 2598/2598/2598
f 2599/2599/2599 2600/2600/2600 2598/2598/2598
o reporting_monitor
usemtl equip_dark
v -2.7600000006705523 1.0799999964237212 -1.675000006556511
v -2.7600000006705523 1.0799999964237212 -2.094999993443489
v -2.7600000006705523 0.7600000035762787 -1.675000006556511
v -2.7600000006705523 0.7600000035762787 -2.094999993443489
v -2.819999999329448 1.0799999964237212 -2.094999993443489
v -2.819999999329448 1.0799999964237212 -1.675000006556511
v -2.819999999329448 0.7600000035762787 -2.094999993443489
v -2.819999999329448 0.7600000035762787 -1.675000006556511
v -2.819999999329448 1.0799999964237212 -2.094999993443489
v -2.7600000006705523 1.0799999964237212 -2.094999993443489
v -2.819999999329448 1.0799999964237212 -1.675000006556511
v -2.7600000006705523 1.0799999964237212 -1.675000006556511
v -2.819999999329448 0.7600000035762787 -1.675000006556511
v -2.7600000006705523 0.7600000035762787 -1.675000006556511
v -2.819999999329448 0.7600000035762787 -2.094999993443489
v -2.7600000006705523 0.7600000035762787 -2.094999993443489
v -2.819999999329448 1.0799999964237212 -1.675000006556511
v -2.7600000006705523 1.0799999964237212 -1.675000006556511
v -2.819999999329448 0.7600000035762787 -1.675000006556511
v -2.7600000006705523 0.7600000035762787 -1.675000006556511
v -2.7600000006705523 1.0799999964237212 -2.094999993443489
v -2.819999999329448 1.0799999964237212 -2.094999993443489
v -2.7600000006705523 0.7600000035762787 -2.094999993443489
v -2.819999999329448 0.7600000035762787 -2.094999993443489
vt 0 1
vt 1 1
vt 0 0
vt 1 0
vt 0 1
vt 1 1
vt 0 0
vt 1 0
vt 0 1
vt 1 1
vt 0 0
vt 1 0
vt 0 1
vt 1 1
vt 0 0
vt 1 0
vt 0 1
vt 1 1
vt 0 0
vt 1 0
vt 0 1
vt 1 1
vt 0 0
vt 1 0
vn 1 0 0
vn 1 0 0
vn 1 0 0
vn 1 0 0
vn -1 0 0
vn -1 0 0
vn -1 0 0
vn -1 0 0
vn 0 1 0
vn 0 1 0
vn 0 1 0
vn 0 1 0
vn 0 -1 0
vn 0 -1 0
vn 0 -1 0
vn 0 -1 0
vn 0 0 1
vn 0 0 1
vn 0 0 1
vn 0 0 1
vn 0 0 -1
vn 0 0 -1
vn 0 0 -1
vn 0 0 -1
f 2601/2601/2601 2603/2603/2603 2602/2602/2602
f 2603/2603/2603 2604/2604/2604 2602/2602/2602
f 2605/2605/2605 2607/2607/2607 2606/2606/2606
f 2607/2607/2607 2608/2608/2608 2606/2606/2606
f 2609/2609/2609 2611/2611/2611 2610/2610/2610
f 2611/2611/2611 2612/2612/2612 2610/2610/2610
f 2613/2613/2613 2615/2615/2615 2614/2614/2614
f 2615/2615/2615 2616/2616/2616 2614/2614/2614
f 2617/2617/2617 2619/2619/2619 2618/2618/2618
f 2619/2619/2619 2620/2620/2620 2618/2618/2618
f 2621/2621/2621 2623/2623/2623 2622/2622/2622
f 2623/2623/2623 2624/2624/2624 2622/2622/2622
o reporting_chair_seat
usemtl seat
v -2.039999998807907 0.5199999991059303 -1.655000001192093
v -1.600000001192093 0.5199999991059303 -1.655000001192093
v -2.039999998807907 0.44000000089406965 -1.655000001192093
v -1.600000001192093 0.44000000089406965 -1.655000001192093
v -1.600000001192093 0.5199999991059303 -2.094999998807907
v -2.0399999988079074 0.5199999991059303 -2.094999998807907
v -1.600000001192093 0.44000000089406965 -2.094999998807907
v -2.0399999988079074 0.44000000089406965 -2.094999998807907
v -1.600000001192093 0.5199999991059303 -2.094999998807907
v -1.600000001192093 0.5199999991059303 -1.655000001192093
v -2.0399999988079074 0.5199999991059303 -2.094999998807907
v -2.039999998807907 0.5199999991059303 -1.655000001192093
v -2.0399999988079074 0.44000000089406965 -2.094999998807907
v -2.039999998807907 0.44000000089406965 -1.655000001192093
v -1.600000001192093 0.44000000089406965 -2.094999998807907
v -1.600000001192093 0.44000000089406965 -1.655000001192093
v -2.0399999988079074 0.5199999991059303 -2.094999998807907
v -2.039999998807907 0.5199999991059303 -1.655000001192093
v -2.0399999988079074 0.44000000089406965 -2.094999998807907
v -2.039999998807907 0.44000000089406965 -1.655000001192093
v -1.600000001192093 0.5199999991059303 -1.655000001192093
v -1.600000001192093 0.5199999991059303 -2.094999998807907
v -1.600000001192093 0.44000000089406965 -1.655000001192093
v -1.600000001192093 0.44000000089406965 -2.094999998807907
vt 0 1
vt 1 1
vt 0 0
vt 1 0
vt 0 1
vt 1 1
vt 0 0
vt 1 0
vt 0 1
vt 1 1
vt 0 0
vt 1 0
vt 0 1
vt 1 1
vt 0 0
vt 1 0
vt 0 1
vt 1 1
vt 0 0
vt 1 0
vt 0 1
vt 1 1
vt 0 0
vt 1 0
vn 2.220446049250313e-16 0 1
vn 2.220446049250313e-16 0 1
vn 2.220446049250313e-16 0 1
vn 2.220446049250313e-16 0 1
vn -2.220446049250313e-16 0 -1
vn -2.220446049250313e-16 0 -1
vn -2.220446049250313e-16 0 -1
vn -2.220446049250313e-16 0 -1
vn 0 1 0
vn 0 1 0
vn 0 1 0
vn 0 1 0
vn 0 -1 0
vn 0 -1 0
vn 0 -1 0
vn 0 -1 0
vn -1 0 2.220446049250313e-16
vn -1 0 2.220446049250313e-16
vn -1 0 2.220446049250313e-16
vn -1 0 2.220446049250313e-16
vn 1 0 -2.220446049250313e-16
vn 1 0 -2.220446049250313e-16
vn 1 0 -2.220446049250313e-16
vn 1 0 -2.220446049250313e-16
f 2625/2625/2625 2627/2627/2627 2626/2626/2626
f 2627/2627/2627 2628/2628/2628 2626/2626/2626
f 2629/2629/2629 2631/2631/2631 2630/2630/2630
f 2631/2631/2631 2632/2632/2632 2630/2630/2630
f 2633/2633/2633 2635/2635/2635 2634/2634/2634
f 2635/2635/2635 2636/2636/2636 2634/2634/2634
f 2637/2637/2637 2639/2639/2639 2638/2638/2638
f 2639/2639/2639 2640/2640/2640 2638/2638/2638
f 2641/2641/2641 2643/2643/2643 2642/2642/2642
f 2643/2643/2643 2644/2644/2644 2642/2642/2642
f 2645/2645/2645 2647/2647/2647 2646/2646/2646
f 2647/2647/2647 2648/2648/2648 2646/2646/2646
o reporting_chair_back
usemtl seat
v -2.0399999993294475 0.9200000029802322 -1.655000001192093
v -1.980000000670552 0.9200000029802322 -1.655000001192093
v -2.0399999993294475 0.5199999970197677 -1.655000001192093
v -1.980000000670552 0.5199999970197677 -1.655000001192093
v -1.980000000670552 0.9200000029802322 -2.094999998807907
v -2.0399999993294475 0.9200000029802322 -2.094999998807907
v -1.980000000670552 0.5199999970197677 -2.094999998807907
v -2.0399999993294475 0.5199999970197677 -2.094999998807907
v -1.980000000670552 0.9200000029802322 -2.094999998807907
v -1.980000000670552 0.9200000029802322 -1.655000001192093
v -2.0399999993294475 0.9200000029802322 -2.094999998807907
v -2.0399999993294475 0.9200000029802322 -1.655000001192093
v -2.0399999993294475 0.5199999970197677 -2.094999998807907
v -2.0399999993294475 0.5199999970197677 -1.655000001192093
v -1.980000000670552 0.5199999970197677 -2.094999998807907
v -1.980000000670552 0.5199999970197677 -1.655000001192093
v -2.0399999993294475 0.9200000029802322 -2.094999998807907
v -2.0399999993294475 0.9200000029802322 -1.655000001192093
v -2.0399999993294475 0.5199999970197677 -2.094999998807907
v -2.0399999993294475 0.5199999970197677 -1.655000001192093
v -1.980000000670552 0.9200000029802322 -1.655000001192093
v -1.980000000670552 0.9200000029802322 -2.094999998807907
v -1.980000000670552 0.5199999970197677 -1.655000001192093
v -1.980000000670552 0.5199999970197677 -2.094999998807907
vt 0 1
vt 1 1
vt 0 0
vt 1 0
vt 0 1
vt 1 1
vt 0 0
vt 1 0
vt 0 1
vt 1 1
vt 0 0
vt 1 0
vt 0 1
vt 1 1
vt 0 0
vt 1 0
vt 0 1
vt 1 1
vt 0 0
vt 1 0
vt 0 1
vt 1 1
vt 0 0
vt 1 0
vn 2.220446049250313e-16 0 1
vn 2.220446049250313e-16 0 1
vn 2.220446049250313e-16 0 1
vn 2.220446049250313e-16 0 1
vn -2.220446049250313e-16 0 -1
vn -2.220446049250313e-16 0 -1
vn -2.220446049250313e-16 0 -1
vn -2.220446049250313e-16 0 -1
vn 0 1 0
vn 0 1 0
vn 0 1 0
vn 0 1 0
vn 0 -1 0
vn 0 -1 0
vn 0 -1 0
vn 0 -1 0
vn -1 0 2.220446049250313e-16
vn -1 0 2.220446049250313e-16
vn -1 0 2.220446049250313e-16
vn -1 0 2.220446049250313e-16
vn 1 0 -2.220446049250313e-16
vn 1 0 -2.220446049250313e-16
vn 1 0 -2.220446049250313e-16
vn 1 0 -2.220446049250313e-16
f 2649/2649/2649 2651/2651/2651 2650/2650/2650
f 2651/2651/2651 2652/2652/2652 2650/2650/2650
f 2653/2653/2653 2655/2655/2655 2654/2654/2654
f 2655/2655/2655 2656/2656/2656 2654/2654/2654
f 2657/2657/2657 2659/2659/2659 2658/2658/2658
f 2659/2659/2659 2660/2660/2660 2658/2658/2658
f 2661/2661/2661 2663/2663/2663 2662/2662/2662
f 2663/2663/2663 2664/2664/2664 2662/2662/2662
f 2665/2665/2665 2667/2667/2667 2666/2666/2666
f 2667/2667/2667 2668/2668/2668 2666/2666/2666
f 2669/2669/2669 2671/2671/2671 2670/2670/2670
f 2671/2671/2671 2672/2672/2672 2670/2670/2670
o reporting_chair_post
usemtl steel
v -1.8599999991059304 0.4399999988079071 -1.875
v -1.8569551815092564 0.4399999988079071 -1.8596926629543304
v -1.8482842703163624 0.4399999988079071 -1.8467157296836376
v -1.8353073370456696 0.4399999988079071 -1.8380448184907436
v -1.82 0.4399999988079071 -1.8350000008940697
v -1.8046926629543305 0.4399999988079071 -1.8380448184907436
v -1.7917157296836377 0.4399999988079071 -1.8467157296836376
v -1.7830448184907437 0.4399999988079071 -1.8596926629543304
v -1.7800000008940697 0.4399999988079071 -1.875
v -1.7830448184907437 0.4399999988079071 -1.8903073370456696
v -1.7917157296836377 0.4399999988079071 -1.9032842703163624
v -1.8046926629543305 0.4399999988079071 -1.9119551815092564
v -1.82 0.4399999988079071 -1.9149999991059303
v -1.8353073370456696 0.4399999988079071 -1.9119551815092564
v -1.8482842703163624 0.4399999988079071 -1.9032842703163624
v -1.8569551815092564 0.4399999988079071 -1.8903073370456696
v -1.8599999991059304 0.4399999988079071 -1.875
v -1.8599999991059304 1.1920928966180355e-9 -1.875
v -1.8569551815092564 1.1920928966180355e-9 -1.8596926629543304
v -1.8482842703163624 1.1920928966180355e-9 -1.8467157296836376
v -1.8353073370456696 1.1920928966180355e-9 -1.8380448184907436
v -1.82 1.1920928966180355e-9 -1.8350000008940697
v -1.8046926629543305 1.1920928966180355e-9 -1.8380448184907436
v -1.7917157296836377 1.1920928966180355e-9 -1.8467157296836376
v -1.7830448184907437 1.1920928966180355e-9 -1.8596926629543304
v -1.7800000008940697 1.1920928966180355e-9 -1.875
v -1.7830448184907437 1.1920928966180355e-9 -1.8903073370456696
v -1.7917157296836377 1.1920928966180355e-9 -1.9032842703163624
v -1.8046926629543305 1.1920928966180355e-9 -1.9119551815092564
v -1.82 1.1920928966180355e-9 -1.9149999991059303
v -1.8353073370456696 1.1920928966180355e-9 -1.9119551815092564
v -1.8482842703163624 1.1920928966180355e-9 -1.9032842703163624
v -1.8569551815092564 1.1920928966180355e-9 -1.8903073370456696
v -1.8599999991059304 1.1920928966180355e-9 -1.875
v -1.82 0.4399999988079071 -1.875
v -1.82 0.4399999988079071 -1.875
v -1.82 0.4399999988079071 -1.875
v -1.82 0.4399999988079071 -1.875
v -1.82 0.4399999988079071 -1.875
v -1.82 0.4399999988079071 -1.875
v -1.82 0.4399999988079071 -1.875
v -1.82 0.4399999988079071 -1.875
v -1.82 0.4399999988079071 -1.875
v -1.82 0.4399999988079071 -1.875
v -1.82 0.4399999988079071 -1.875
v -1.82 0.4399999988079071 -1.875
v -1.82 0.4399999988079071 -1.875
v -1.82 0.4399999988079071 -1.875
v -1.82 0.4399999988079071 -1.875
v -1.82 0.4399999988079071 -1.875
v -1.8599999991059304 0.4399999988079071 -1.875
v -1.8569551815092564 0.4399999988079071 -1.8596926629543304
v -1.8482842703163624 0.4399999988079071 -1.8467157296836376
v -1.8353073370456696 0.4399999988079071 -1.8380448184907436
v -1.82 0.4399999988079071 -1.8350000008940697
v -1.8046926629543305 0.4399999988079071 -1.8380448184907436
v -1.7917157296836377 0.4399999988079071 -1.8467157296836376
v -1.7830448184907437 0.4399999988079071 -1.8596926629543304
v -1.7800000008940697 0.4399999988079071 -1.875
v -1.7830448184907437 0.4399999988079071 -1.8903073370456696
v -1.7917157296836377 0.4399999988079071 -1.9032842703163624
v -1.8046926629543305 0.4399999988079071 -1.9119551815092564
v -1.82 0.4399999988079071 -1.9149999991059303
v -1.8353073370456696 0.4399999988079071 -1.9119551815092564
v -1.8482842703163624 0.4399999988079071 -1.9032842703163624
v -1.8569551815092564 0.4399999988079071 -1.8903073370456696
v -1.8599999991059304 0.4399999988079071 -1.875
v -1.82 1.1920928966180355e-9 -1.875
v -1.82 1.1920928966180355e-9 -1.875
v -1.82 1.1920928966180355e-9 -1.875
v -1.82 1.1920928966180355e-9 -1.875
v -1.82 1.1920928966180355e-9 -1.875
v -1.82 1.1920928966180355e-9 -1.875
v -1.82 1.1920928966180355e-9 -1.875
v -1.82 1.1920928966180355e-9 -1.875
v -1.82 1.1920928966180355e-9 -1.875
v -1.82 1.1920928966180355e-9 -1.875
v -1.82 1.1920928966180355e-9 -1.875
v -1.82 1.1920928966180355e-9 -1.875
v -1.82 1.1920928966180355e-9 -1.875
v -1.82 1.1920928966180355e-9 -1.875
v -1.82 1.1920928966180355e-9 -1.875
v -1.82 1.1920928966180355e-9 -1.875
v -1.8599999991059304 1.1920928966180355e-9 -1.875
v -1.8569551815092564 1.1920928966180355e-9 -1.8596926629543304
v -1.8482842703163624 1.1920928966180355e-9 -1.8467157296836376
v -1.8353073370456696 1.1920928966180355e-9 -1.8380448184907436
v -1.82 1.1920928966180355e-9 -1.8350000008940697
v -1.8046926629543305 1.1920928966180355e-9 -1.8380448184907436
v -1.7917157296836377 1.1920928966180355e-9 -1.8467157296836376
v -1.7830448184907437 1.1920928966180355e-9 -1.8596926629543304
v -1.7800000008940697 1.1920928966180355e-9 -1.875
v -1.7830448184907437 1.1920928966180355e-9 -1.8903073370456696
v -1.7917157296836377 1.1920928966180355e-9 -1.9032842703163624
v -1.8046926629543305 1.1920928966180355e-9 -1.9119551815092564
v -1.82 1.1920928966180355e-9 -1.9149999991059303
v -1.8353073370456696 1.1920928966180355e-9 -1.9119551815092564
v -1.8482842703163624 1.1920928966180355e-9 -1.9032842703163624
v -1.8569551815092564 1.1920928966180355e-9 -1.8903073370456696
v -1.8599999991059304 1.1920928966180355e-9 -1.875
vt 0 1
vt 0.0625 1
vt 0.125 1
vt 0.1875 1
vt 0.25 1
vt 0.3125 1
vt 0.375 1
vt 0.4375 1
vt 0.5 1
vt 0.5625 1
vt 0.625 1
vt 0.6875 1
vt 0.75 1
vt 0.8125 1
vt 0.875 1
vt 0.9375 1
vt 1 1
vt 0 0
vt 0.0625 0
vt 0.125 0
vt 0.1875 0
vt 0.25 0
vt 0.3125 0
vt 0.375 0
vt 0.4375 0
vt 0.5 0
vt 0.5625 0
vt 0.625 0
vt 0.6875 0
vt 0.75 0
vt 0.8125 0
vt 0.875 0
vt 0.9375 0
vt 1 0
vt 0.5 0.5
vt 0.5 0.5
vt 0.5 0.5
vt 0.5 0.5
vt 0.5 0.5
vt 0.5 0.5
vt 0.5 0.5
vt 0.5 0.5
vt 0.5 0.5
vt 0.5 0.5
vt 0.5 0.5
vt 0.5 0.5
vt 0.5 0.5
vt 0.5 0.5
vt 0.5 0.5
vt 0.5 0.5
vt 1 0.5
vt 0.9619397521018982 0.6913416981697083
vt 0.8535534143447876 0.8535534143447876
vt 0.6913416981697083 0.9619397521018982
vt 0.5 1
vt 0.30865827202796936 0.9619397521018982
vt 0.1464466154575348 0.8535534143447876
vt 0.03806023299694061 0.6913416981697083
vt 0 0.5
vt 0.03806023299694061 0.30865827202796936
vt 0.1464466154575348 0.1464466154575348
vt 0.30865827202796936 0.03806023299694061
vt 0.5 0
vt 0.6913416981697083 0.03806023299694061
vt 0.8535534143447876 0.1464466154575348
vt 0.9619397521018982 0.30865827202796936
vt 1 0.5
vt 0.5 0.5
vt 0.5 0.5
vt 0.5 0.5
vt 0.5 0.5
vt 0.5 0.5
vt 0.5 0.5
vt 0.5 0.5
vt 0.5 0.5
vt 0.5 0.5
vt 0.5 0.5
vt 0.5 0.5
vt 0.5 0.5
vt 0.5 0.5
vt 0.5 0.5
vt 0.5 0.5
vt 0.5 0.5
vt 1 0.5
vt 0.9619397521018982 0.30865827202796936
vt 0.8535534143447876 0.1464466154575348
vt 0.6913416981697083 0.03806023299694061
vt 0.5 0
vt 0.30865827202796936 0.03806023299694061
vt 0.1464466154575348 0.1464466154575348
vt 0.03806023299694061 0.30865827202796936
vt 0 0.5
vt 0.03806023299694061 0.6913416981697083
vt 0.1464466154575348 0.8535534143447876
vt 0.30865827202796936 0.9619397521018982
vt 0.5 1
vt 0.6913416981697083 0.9619397521018982
vt 0.8535534143447876 0.8535534143447876
vt 0.9619397521018982 0.6913416981697083
vt 1 0.5
vn -1 0 2.220446049250313e-16
vn -0.9238795305660376 0 0.3826834370613371
vn -0.7071067811865475 0 0.7071067811865477
vn -0.3826834370613367 0 0.9238795305660378
vn 1.6081226229577292e-16 0 1
vn 0.3826834370613371 0 0.9238795305660376
vn 0.7071067811865477 0 0.7071067811865475
vn 0.9238795305660378 0 0.3826834370613367
vn 1 0 -9.957991966651452e-17
vn 0.9238795305660376 0 -0.3826834370613371
vn 0.7071067811865475 0 -0.7071067811865477
vn 0.3826834370613367 0 -0.9238795305660378
vn -3.834759027214593e-17 0 -1
vn -0.3826834370613371 0 -0.9238795305660376
vn -0.7071067811865477 0 -0.7071067811865475
vn -0.9238795305660378 0 -0.3826834370613367
vn -1 0 -2.2884765592002263e-17
vn -1 0 2.220446049250313e-16
vn -0.9238795305660376 0 0.3826834370613371
vn -0.7071067811865475 0 0.7071067811865477
vn -0.3826834370613367 0 0.9238795305660378
vn 1.6081226229577292e-16 0 1
vn 0.3826834370613371 0 0.9238795305660376
vn 0.7071067811865477 0 0.7071067811865475
vn 0.9238795305660378 0 0.3826834370613367
vn 1 0 -9.957991966651452e-17
vn 0.9238795305660376 0 -0.3826834370613371
vn 0.7071067811865475 0 -0.7071067811865477
vn 0.3826834370613367 0 -0.9238795305660378
vn -3.834759027214593e-17 0 -1
vn -0.3826834370613371 0 -0.9238795305660376
vn -0.7071067811865477 0 -0.7071067811865475
vn -0.9238795305660378 0 -0.3826834370613367
vn -1 0 -2.2884765592002263e-17
vn 0 1 0
vn 0 1 0
vn 0 1 0
vn 0 1 0
vn 0 1 0
vn 0 1 0
vn 0 1 0
vn 0 1 0
vn 0 1 0
vn 0 1 0
vn 0 1 0
vn 0 1 0
vn 0 1 0
vn 0 1 0
vn 0 1 0
vn 0 1 0
vn 0 1 0
vn 0 1 0
vn 0 1 0
vn 0 1 0
vn 0 1 0
vn 0 1 0
vn 0 1 0
vn 0 1 0
vn 0 1 0
vn 0 1 0
vn 0 1 0
vn 0 1 0
vn 0 1 0
vn 0 1 0
vn 0 1 0
vn 0 1 0
vn 0 1 0
vn 0 -1 0
vn 0 -1 0
vn 0 -1 0
vn 0 -1 0
vn 0 -1 0
vn 0 -1 0
vn 0 -1 0
vn 0 -1 0
vn 0 -1 0
vn 0 -1 0
vn 0 -1 0
vn 0 -1 0
vn 0 -1 0
vn 0 -1 0
vn 0 -1 0
vn 0 -1 0
vn 0 -1 0
vn 0 -1 0
vn 0 -1 0
vn 0 -1 0
vn 0 -1 0
vn 0 -1 0
vn 0 -1 0
vn 0 -1 0
vn 0 -1 0
vn 0 -1 0
vn 0 -1 0
vn 0 -1 0
vn 0 -1 0
vn 0 -1 0
vn 0 -1 0
vn 0 -1 0
vn 0 -1 0
f 2673/2673/2673 2690/2690/2690 2674/2674/2674
f 2690/2690/2690 2691/2691/2691 2674/2674/2674
f 2674/2674/2674 2691/2691/2691 2675/2675/2675
f 2691/2691/2691 2692/2692/2692 2675/2675/2675
f 2675/2675/2675 2692/2692/2692 2676/2676/2676
f 2692/2692/2692 2693/2693/2693 2676/2676/2676
f 2676/2676/2676 2693/2693/2693 2677/2677/2677
f 2693/2693/2693 2694/2694/2694 2677/2677/2677
f 2677/2677/2677 2694/2694/2694 2678/2678/2678
f 2694/2694/2694 2695/2695/2695 2678/2678/2678
f 2678/2678/2678 2695/2695/2695 2679/2679/2679
f 2695/2695/2695 2696/2696/2696 2679/2679/2679
f 2679/2679/2679 2696/2696/2696 2680/2680/2680
f 2696/2696/2696 2697/2697/2697 2680/2680/2680
f 2680/2680/2680 2697/2697/2697 2681/2681/2681
f 2697/2697/2697 2698/2698/2698 2681/2681/2681
f 2681/2681/2681 2698/2698/2698 2682/2682/2682
f 2698/2698/2698 2699/2699/2699 2682/2682/2682
f 2682/2682/2682 2699/2699/2699 2683/2683/2683
f 2699/2699/2699 2700/2700/2700 2683/2683/2683
f 2683/2683/2683 2700/2700/2700 2684/2684/2684
f 2700/2700/2700 2701/2701/2701 2684/2684/2684
f 2684/2684/2684 2701/2701/2701 2685/2685/2685
f 2701/2701/2701 2702/2702/2702 2685/2685/2685
f 2685/2685/2685 2702/2702/2702 2686/2686/2686
f 2702/2702/2702 2703/2703/2703 2686/2686/2686
f 2686/2686/2686 2703/2703/2703 2687/2687/2687
f 2703/2703/2703 2704/2704/2704 2687/2687/2687
f 2687/2687/2687 2704/2704/2704 2688/2688/2688
f 2704/2704/2704 2705/2705/2705 2688/2688/2688
f 2688/2688/2688 2705/2705/2705 2689/2689/2689
f 2705/2705/2705 2706/2706/2706 2689/2689/2689
f 2723/2723/2723 2724/2724/2724 2707/2707/2707
f 2724/2724/2724 2725/2725/2725 2708/2708/2708
f 2725/2725/2725 2726/2726/2726 2709/2709/2709
f 2726/2726/2726 2727/2727/2727 2710/2710/2710
f 2727/2727/2727 2728/2728/2728 2711/2711/2711
f 2728/2728/2728 2729/2729/2729 2712/2712/2712
f 2729/2729/2729 2730/2730/2730 2713/2713/2713
f 2730/2730/2730 2731/2731/2731 2714/2714/2714
f 2731/2731/2731 2732/2732/2732 2715/2715/2715
f 2732/2732/2732 2733/2733/2733 2716/2716/2716
f 2733/2733/2733 2734/2734/2734 2717/2717/2717
f 2734/2734/2734 2735/2735/2735 2718/2718/2718
f 2735/2735/2735 2736/2736/2736 2719/2719/2719
f 2736/2736/2736 2737/2737/2737 2720/2720/2720
f 2737/2737/2737 2738/2738/2738 2721/2721/2721
f 2738/2738/2738 2739/2739/2739 2722/2722/2722
f 2757/2757/2757 2756/2756/2756 2740/2740/2740
f 2758/2758/2758 2757/2757/2757 2741/2741/2741
f 2759/2759/2759 2758/2758/2758 2742/2742/2742
f 2760/2760/2760 2759/2759/2759 2743/2743/2743
f 2761/2761/2761 2760/2760/2760 2744/2744/2744
f 2762/2762/2762 2761/2761/2761 2745/2745/2745
f 2763/2763/2763 2762/2762/2762 2746/2746/2746
f 2764/2764/2764 2763/2763/2763 2747/2747/2747
f 2765/2765/2765 2764/2764/2764 2748/2748/2748
f 2766/2766/2766 2765/2765/2765 2749/2749/2749
f 2767/2767/2767 2766/2766/2766 2750/2750/2750
f 2768/2768/2768 2767/2767/2767 2751/2751/2751
f 2769/2769/2769 2768/2768/2768 2752/2752/2752
f 2770/2770/2770 2769/2769/2769 2753/2753/2753
f 2771/2771/2771 2770/2770/2770 2754/2754/2754
f 2772/2772/2772 2771/2771/2771 2755/2755/2755
o reporting_chair_base
usemtl steel
v -2.0200000029802325 0.03999999955296517 -1.875
v -2.013185165524483 0.03999999955296517 -1.8232361897826195
v -1.993205077648163 0.03999999955296517 -1.7749999985098839
v -1.9614213627576829 0.03999999955296517 -1.7335786372423172
v -1.9200000014901162 0.03999999955296517 -1.7017949223518372
v -1.8717638102173806 0.03999999955296517 -1.6818148344755173
v -1.82 0.03999999955296517 -1.6749999970197678
v -1.7682361897826195 0.03999999955296517 -1.6818148344755173
v -1.719999998509884 0.03999999955296517 -1.7017949223518372
v -1.6785786372423173 0.03999999955296517 -1.7335786372423172
v -1.6467949223518372 0.03999999955296517 -1.7749999985098839
v -1.6268148344755173 0.03999999955296517 -1.8232361897826195
v -1.6199999970197678 0.03999999955296517 -1.875
v -1.6268148344755173 0.03999999955296517 -1.9267638102173805
v -1.6467949223518372 0.03999999955296517 -1.9750000014901161
v -1.6785786372423173 0.03999999955296517 -2.016421362757683
v -1.719999998509884 0.03999999955296517 -2.048205077648163
v -1.7682361897826195 0.03999999955296517 -2.0681851655244827
v -1.82 0.03999999955296517 -2.0750000029802322
v -1.8717638102173806 0.03999999955296517 -2.0681851655244827
v -1.9200000014901162 0.03999999955296517 -2.048205077648163
v -1.9614213627576829 0.03999999955296517 -2.016421362757683
v -1.993205077648163 0.03999999955296517 -1.9750000014901161
v -2.013185165524483 0.03999999955296517 -1.9267638102173805
v -2.0200000029802325 0.03999999955296517 -1.875
v -2.0200000029802325 4.470348362317633e-10 -1.875
v -2.013185165524483 4.470348362317633e-10 -1.8232361897826195
v -1.993205077648163 4.470348362317633e-10 -1.7749999985098839
v -1.9614213627576829 4.470348362317633e-10 -1.7335786372423172
v -1.9200000014901162 4.470348362317633e-10 -1.7017949223518372
v -1.8717638102173806 4.470348362317633e-10 -1.6818148344755173
v -1.82 4.470348362317633e-10 -1.6749999970197678
v -1.7682361897826195 4.470348362317633e-10 -1.6818148344755173
v -1.719999998509884 4.470348362317633e-10 -1.7017949223518372
v -1.6785786372423173 4.470348362317633e-10 -1.7335786372423172
v -1.6467949223518372 4.470348362317633e-10 -1.7749999985098839
v -1.6268148344755173 4.470348362317633e-10 -1.8232361897826195
v -1.6199999970197678 4.470348362317633e-10 -1.875
v -1.6268148344755173 4.470348362317633e-10 -1.9267638102173805
v -1.6467949223518372 4.470348362317633e-10 -1.9750000014901161
v -1.6785786372423173 4.470348362317633e-10 -2.016421362757683
v -1.719999998509884 4.470348362317633e-10 -2.048205077648163
v -1.7682361897826195 4.470348362317633e-10 -2.0681851655244827
v -1.82 4.470348362317633e-10 -2.0750000029802322
v -1.8717638102173806 4.470348362317633e-10 -2.0681851655244827
v -1.9200000014901162 4.470348362317633e-10 -2.048205077648163
v -1.9614213627576829 4.470348362317633e-10 -2.016421362757683
v -1.993205077648163 4.470348362317633e-10 -1.9750000014901161
v -2.013185165524483 4.470348362317633e-10 -1.9267638102173805
v -2.0200000029802325 4.470348362317633e-10 -1.875
v -1.82 0.03999999955296517 -1.875
v -1.82 0.03999999955296517 -1.875
v -1.82 0.03999999955296517 -1.875
v -1.82 0.03999999955296517 -1.875
v -1.82 0.03999999955296517 -1.875
v -1.82 0.03999999955296517 -1.875
v -1.82 0.03999999955296517 -1.875
v -1.82 0.03999999955296517 -1.875
v -1.82 0.03999999955296517 -1.875
v -1.82 0.03999999955296517 -1.875
v -1.82 0.03999999955296517 -1.875
v -1.82 0.03999999955296517 -1.875
v -1.82 0.03999999955296517 -1.875
v -1.82 0.03999999955296517 -1.875
v -1.82 0.03999999955296517 -1.875
v -1.82 0.03999999955296517 -1.875
v -1.82 0.03999999955296517 -1.875
v -1.82 0.03999999955296517 -1.875
v -1.82 0.03999999955296517 -1.875
v -1.82 0.03999999955296517 -1.875
v -1.82 0.03999999955296517 -1.875
v -1.82 0.03999999955296517 -1.875
v -1.82 0.03999999955296517 -1.875
v -1.82 0.03999999955296517 -1.875
v -2.0200000029802325 0.03999999955296517 -1.875
v -2.013185165524483 0.03999999955296517 -1.8232361897826195
v -1.993205077648163 0.03999999955296517 -1.7749999985098839
v -1.9614213627576829 0.03999999955296517 -1.7335786372423172
v -1.9200000014901162 0.03999999955296517 -1.7017949223518372
v -1.8717638102173806 0.03999999955296517 -1.6818148344755173
v -1.82 0.03999999955296517 -1.6749999970197678
v -1.7682361897826195 0.03999999955296517 -1.6818148344755173
v -1.719999998509884 0.03999999955296517 -1.7017949223518372
v -1.6785786372423173 0.03999999955296517 -1.7335786372423172
v -1.6467949223518372 0.03999999955296517 -1.7749999985098839
v -1.6268148344755173 0.03999999955296517 -1.8232361897826195
v -1.6199999970197678 0.03999999955296517 -1.875
v -1.6268148344755173 0.03999999955296517 -1.9267638102173805
v -1.6467949223518372 0.03999999955296517 -1.9750000014901161
v -1.6785786372423173 0.03999999955296517 -2.016421362757683
v -1.719999998509884 0.03999999955296517 -2.048205077648163
v -1.7682361897826195 0.03999999955296517 -2.0681851655244827
v -1.82 0.03999999955296517 -2.0750000029802322
v -1.8717638102173806 0.03999999955296517 -2.0681851655244827
v -1.9200000014901162 0.03999999955296517 -2.048205077648163
v -1.9614213627576829 0.03999999955296517 -2.016421362757683
v -1.993205077648163 0.03999999955296517 -1.9750000014901161
v -2.013185165524483 0.03999999955296517 -1.9267638102173805
v -2.0200000029802325 0.03999999955296517 -1.875
v -1.82 4.470348362317633e-10 -1.875
v -1.82 4.470348362317633e-10 -1.875
v -1.82 4.470348362317633e-10 -1.875
v -1.82 4.470348362317633e-10 -1.875
v -1.82 4.470348362317633e-10 -1.875
v -1.82 4.470348362317633e-10 -1.875
v -1.82 4.470348362317633e-10 -1.875
v -1.82 4.470348362317633e-10 -1.875
v -1.82 4.470348362317633e-10 -1.875
v -1.82 4.470348362317633e-10 -1.875
v -1.82 4.470348362317633e-10 -1.875
v -1.82 4.470348362317633e-10 -1.875
v -1.82 4.470348362317633e-10 -1.875
v -1.82 4.470348362317633e-10 -1.875
v -1.82 4.470348362317633e-10 -1.875
v -1.82 4.470348362317633e-10 -1.875
v -1.82 4.470348362317633e-10 -1.875
v -1.82 4.470348362317633e-10 -1.875
v -1.82 4.470348362317633e-10 -1.875
v -1.82 4.470348362317633e-10 -1.875
v -1.82 4.470348362317633e-10 -1.875
v -1.82 4.470348362317633e-10 -1.875
v -1.82 4.470348362317633e-10 -1.875
v -1.82 4.470348362317633e-10 -1.875
v -2.0200000029802325 4.470348362317633e-10 -1.875
v -2.013185165524483 4.470348362317633e-10 -1.8232361897826195
v -1.993205077648163 4.470348362317633e-10 -1.7749999985098839
v -1.9614213627576829 4.470348362317633e-10 -1.7335786372423172
v -1.9200000014901162 4.470348362317633e-10 -1.7017949223518372
v -1.8717638102173806 4.470348362317633e-10 -1.6818148344755173
v -1.82 4.470348362317633e-10 -1.6749999970197678
v -1.7682361897826195 4.470348362317633e-10 -1.6818148344755173
v -1.719999998509884 4.470348362317633e-10 -1.7017949223518372
v -1.6785786372423173 4.470348362317633e-10 -1.7335786372423172
v -1.6467949223518372 4.470348362317633e-10 -1.7749999985098839
v -1.6268148344755173 4.470348362317633e-10 -1.8232361897826195
v -1.6199999970197678 4.470348362317633e-10 -1.875
v -1.6268148344755173 4.470348362317633e-10 -1.9267638102173805
v -1.6467949223518372 4.470348362317633e-10 -1.9750000014901161
v -1.6785786372423173 4.470348362317633e-10 -2.016421362757683
v -1.719999998509884 4.470348362317633e-10 -2.048205077648163
v -1.7682361897826195 4.470348362317633e-10 -2.0681851655244827
v -1.82 4.470348362317633e-10 -2.0750000029802322
v -1.8717638102173806 4.470348362317633e-10 -2.0681851655244827
v -1.9200000014901162 4.470348362317633e-10 -2.048205077648163
v -1.9614213627576829 4.470348362317633e-10 -2.016421362757683
v -1.993205077648163 4.470348362317633e-10 -1.9750000014901161
v -2.013185165524483 4.470348362317633e-10 -1.9267638102173805
v -2.0200000029802325 4.470348362317633e-10 -1.875
vt 0 1
vt 0.0416666679084301 1
vt 0.0833333358168602 1
vt 0.125 1
vt 0.1666666716337204 1
vt 0.2083333283662796 1
vt 0.25 1
vt 0.2916666567325592 1
vt 0.3333333432674408 1
vt 0.375 1
vt 0.4166666567325592 1
vt 0.4583333432674408 1
vt 0.5 1
vt 0.5416666865348816 1
vt 0.5833333134651184 1
vt 0.625 1
vt 0.6666666865348816 1
vt 0.7083333134651184 1
vt 0.75 1
vt 0.7916666865348816 1
vt 0.8333333134651184 1
vt 0.875 1
vt 0.9166666865348816 1
vt 0.9583333134651184 1
vt 1 1
vt 0 0
vt 0.0416666679084301 0
vt 0.0833333358168602 0
vt 0.125 0
vt 0.1666666716337204 0
vt 0.2083333283662796 0
vt 0.25 0
vt 0.2916666567325592 0
vt 0.3333333432674408 0
vt 0.375 0
vt 0.4166666567325592 0
vt 0.4583333432674408 0
vt 0.5 0
vt 0.5416666865348816 0
vt 0.5833333134651184 0
vt 0.625 0
vt 0.6666666865348816 0
vt 0.7083333134651184 0
vt 0.75 0
vt 0.7916666865348816 0
vt 0.8333333134651184 0
vt 0.875 0
vt 0.9166666865348816 0
vt 0.9583333134651184 0
vt 1 0
vt 0.5 0.5
vt 0.5 0.5
vt 0.5 0.5
vt 0.5 0.5
vt 0.5 0.5
vt 0.5 0.5
vt 0.5 0.5
vt 0.5 0.5
vt 0.5 0.5
vt 0.5 0.5
vt 0.5 0.5
vt 0.5 0.5
vt 0.5 0.5
vt 0.5 0.5
vt 0.5 0.5
vt 0.5 0.5
vt 0.5 0.5
vt 0.5 0.5
vt 0.5 0.5
vt 0.5 0.5
vt 0.5 0.5
vt 0.5 0.5
vt 0.5 0.5
vt 0.5 0.5
vt 1 0.5
vt 0.9829629063606262 0.6294095516204834
vt 0.9330127239227295 0.75
vt 0.8535534143447876 0.8535534143447876
vt 0.75 0.9330127239227295
vt 0.6294095516204834 0.9829629063606262
vt 0.5 1
vt 0.370590478181839 0.9829629063606262
vt 0.25 0.9330127239227295
vt 0.1464466154575348 0.8535534143447876
vt 0.0669872984290123 0.75
vt 0.017037086188793182 0.6294095516204834
vt 0 0.5
vt 0.017037086188793182 0.370590478181839
vt 0.0669872984290123 0.25
vt 0.1464466154575348 0.1464466154575348
vt 0.25 0.0669872984290123
vt 0.370590478181839 0.017037086188793182
vt 0.5 0
vt 0.6294095516204834 0.017037086188793182
vt 0.75 0.0669872984290123
vt 0.8535534143447876 0.1464466154575348
vt 0.9330127239227295 0.25
vt 0.9829629063606262 0.370590478181839
vt 1 0.5
vt 0.5 0.5
vt 0.5 0.5
vt 0.5 0.5
vt 0.5 0.5
vt 0.5 0.5
vt 0.5 0.5
vt 0.5 0.5
vt 0.5 0.5
vt 0.5 0.5
vt 0.5 0.5
vt 0.5 0.5
vt 0.5 0.5
vt 0.5 0.5
vt 0.5 0.5
vt 0.5 0.5
vt 0.5 0.5
vt 0.5 0.5
vt 0.5 0.5
vt 0.5 0.5
vt 0.5 0.5
vt 0.5 0.5
vt 0.5 0.5
vt 0.5 0.5
vt 0.5 0.5
vt 1 0.5
vt 0.9829629063606262 0.370590478181839
vt 0.9330127239227295 0.25
vt 0.8535534143447876 0.1464466154575348
vt 0.75 0.0669872984290123
vt 0.6294095516204834 0.017037086188793182
vt 0.5 0
vt 0.370590478181839 0.017037086188793182
vt 0.25 0.0669872984290123
vt 0.1464466154575348 0.1464466154575348
vt 0.0669872984290123 0.25
vt 0.017037086188793182 0.370590478181839
vt 0 0.5
vt 0.017037086188793182 0.6294095516204834
vt 0.0669872984290123 0.75
vt 0.1464466154575348 0.8535534143447876
vt 0.25 0.9330127239227295
vt 0.370590478181839 0.9829629063606262
vt 0.5 1
vt 0.6294095516204834 0.9829629063606262
vt 0.75 0.9330127239227295
vt 0.8535534143447876 0.8535534143447876
vt 0.9330127239227295 0.75
vt 0.9829629063606262 0.6294095516204834
vt 1 0.5
vn -1 0 2.220446049250313e-16
vn -0.9659258257467465 0 0.2588190471264929
vn -0.8660253998985323 0 0.5000000067305871
vn -0.7071067811865475 0 0.7071067811865477
vn -0.5000000067305866 0 0.8660253998985326
vn -0.25881904712649245 0 0.9659258257467467
vn 1.6081226229577292e-16 0 1
vn 0.2588190471264929 0 0.9659258257467465
vn 0.5000000067305871 0 0.8660253998985323
vn 0.7071067811865477 0 0.7071067811865475
vn 0.8660253998985326 0 0.5000000067305866
vn 0.9659258257467467 0 0.25881904712649245
vn 1 0 -9.957991966651452e-17
vn 0.9659258257467465 0 -0.2588190471264929
vn 0.8660253998985323 0 -0.5000000067305871
vn 0.7071067811865475 0 -0.7071067811865477
vn 0.5000000067305866 0 -0.8660253998985326
vn 0.25881904712649245 0 -0.9659258257467467
vn -3.834759027214593e-17 0 -1
vn -0.2588190471264929 0 -0.9659258257467465
vn -0.5000000067305871 0 -0.8660253998985323
vn -0.7071067811865477 0 -0.7071067811865475
vn -0.8660253998985326 0 -0.5000000067305866
vn -0.9659258257467467 0 -0.25881904712649245
vn -1 0 -2.2884765592002263e-17
vn -1 0 2.220446049250313e-16
vn -0.9659258257467465 0 0.2588190471264929
vn -0.8660253998985323 0 0.5000000067305871
vn -0.7071067811865475 0 0.7071067811865477
vn -0.5000000067305866 0 0.8660253998985326
vn -0.25881904712649245 0 0.9659258257467467
vn 1.6081226229577292e-16 0 1
vn 0.2588190471264929 0 0.9659258257467465
vn 0.5000000067305871 0 0.8660253998985323
vn 0.7071067811865477 0 0.7071067811865475
vn 0.8660253998985326 0 0.5000000067305866
vn 0.9659258257467467 0 0.25881904712649245
vn 1 0 -9.957991966651452e-17
vn 0.9659258257467465 0 -0.2588190471264929
vn 0.8660253998985323 0 -0.5000000067305871
vn 0.7071067811865475 0 -0.7071067811865477
vn 0.5000000067305866 0 -0.8660253998985326
vn 0.25881904712649245 0 -0.9659258257467467
vn -3.834759027214593e-17 0 -1
vn -0.2588190471264929 0 -0.9659258257467465
vn -0.5000000067305871 0 -0.8660253998985323
vn -0.7071067811865477 0 -0.7071067811865475
vn -0.8660253998985326 0 -0.5000000067305866
vn -0.9659258257467467 0 -0.25881904712649245
vn -1 0 -2.2884765592002263e-17
vn 0 1 0
vn 0 1 0
vn 0 1 0
vn 0 1 0
vn 0 1 0
vn 0 1 0
vn 0 1 0
vn 0 1 0
vn 0 1 0
vn 0 1 0
vn 0 1 0
vn 0 1 0
vn 0 1 0
vn 0 1 0
vn 0 1 0
vn 0 1 0
vn 0 1 0
vn 0 1 0
vn 0 1 0
vn 0 1 0
vn 0 1 0
vn 0 1 0
vn 0 1 0
vn 0 1 0
vn 0 1 0
vn 0 1 0
vn 0 1 0
vn 0 1 0
vn 0 1 0
vn 0 1 0
vn 0 1 0
vn 0 1 0
vn 0 1 0
vn 0 1 0
vn 0 1 0
vn 0 1 0
vn 0 1 0
vn 0 1 0
vn 0 1 0
vn 0 1 0
vn 0 1 0
vn 0 1 0
vn 0 1 0
vn 0 1 0
vn 0 1 0
vn 0 1 0
vn 0 1 0
vn 0 1 0
vn 0 1 0
vn 0 -1 0
vn 0 -1 0
vn 0 -1 0
vn 0 -1 0
vn 0 -1 0
vn 0 -1 0
vn 0 -1 0
vn 0 -1 0
vn 0 -1 0
vn 0 -1 0
vn 0 -1 0
vn 0 -1 0
vn 0 -1 0
vn 0 -1 0
vn 0 -1 0
vn 0 -1 0
vn 0 -1 0
vn 0 -1 0
vn 0 -1 0
vn 0 -1 0
vn 0 -1 0
vn 0 -1 0
vn 0 -1 0
vn 0 -1 0
vn 0 -1 0
vn 0 -1 0
vn 0 -1 0
vn 0 -1 0
vn 0 -1 0
vn 0 -1 0
vn 0 -1 0
vn 0 -1 0
vn 0 -1 0
vn 0 -1 0
vn 0 -1 0
vn 0 -1 0
vn 0 -1 0
vn 0 -1 0
vn 0 -1 0
vn 0 -1 0
vn 0 -1 0
vn 0 -1 0
vn 0 -1 0
vn 0 -1 0
vn 0 -1 0
vn 0 -1 0
vn 0 -1 0
vn 0 -1 0
vn 0 -1 0
f 2773/2773/2773 2798/2798/2798 2774/2774/2774
f 2798/2798/2798 2799/2799/2799 2774/2774/2774
f 2774/2774/2774 2799/2799/2799 2775/2775/2775
f 2799/2799/2799 2800/2800/2800 2775/2775/2775
f 2775/2775/2775 2800/2800/2800 2776/2776/2776
f 2800/2800/2800 2801/2801/2801 2776/2776/2776
f 2776/2776/2776 2801/2801/2801 2777/2777/2777
f 2801/2801/2801 2802/2802/2802 2777/2777/2777
f 2777/2777/2777 2802/2802/2802 2778/2778/2778
f 2802/2802/2802 2803/2803/2803 2778/2778/2778
f 2778/2778/2778 2803/2803/2803 2779/2779/2779
f 2803/2803/2803 2804/2804/2804 2779/2779/2779
f 2779/2779/2779 2804/2804/2804 2780/2780/2780
f 2804/2804/2804 2805/2805/2805 2780/2780/2780
f 2780/2780/2780 2805/2805/2805 2781/2781/2781
f 2805/2805/2805 2806/2806/2806 2781/2781/2781
f 2781/2781/2781 2806/2806/2806 2782/2782/2782
f 2806/2806/2806 2807/2807/2807 2782/2782/2782
f 2782/2782/2782 2807/2807/2807 2783/2783/2783
f 2807/2807/2807 2808/2808/2808 2783/2783/2783
f 2783/2783/2783 2808/2808/2808 2784/2784/2784
f 2808/2808/2808 2809/2809/2809 2784/2784/2784
f 2784/2784/2784 2809/2809/2809 2785/2785/2785
f 2809/2809/2809 2810/2810/2810 2785/2785/2785
f 2785/2785/2785 2810/2810/2810 2786/2786/2786
f 2810/2810/2810 2811/2811/2811 2786/2786/2786
f 2786/2786/2786 2811/2811/2811 2787/2787/2787
f 2811/2811/2811 2812/2812/2812 2787/2787/2787
f 2787/2787/2787 2812/2812/2812 2788/2788/2788
f 2812/2812/2812 2813/2813/2813 2788/2788/2788
f 2788/2788/2788 2813/2813/2813 2789/2789/2789
f 2813/2813/2813 2814/2814/2814 2789/2789/2789
f 2789/2789/2789 2814/2814/2814 2790/2790/2790
f 2814/2814/2814 2815/2815/2815 2790/2790/2790
f 2790/2790/2790 2815/2815/2815 2791/2791/2791
f 2815/2815/2815 2816/2816/2816 2791/2791/2791
f 2791/2791/2791 2816/2816/2816 2792/2792/2792
f 2816/2816/2816 2817/2817/2817 2792/2792/2792
f 2792/2792/2792 2817/2817/2817 2793/2793/2793
f 2817/2817/2817 2818/2818/2818 2793/2793/2793
f 2793/2793/2793 2818/2818/2818 2794/2794/2794
f 2818/2818/2818 2819/2819/2819 2794/2794/2794
f 2794/2794/2794 2819/2819/2819 2795/2795/2795
f 2819/2819/2819 2820/2820/2820 2795/2795/2795
f 2795/2795/2795 2820/2820/2820 2796/2796/2796
f 2820/2820/2820 2821/2821/2821 2796/2796/2796
f 2796/2796/2796 2821/2821/2821 2797/2797/2797
f 2821/2821/2821 2822/2822/2822 2797/2797/2797
f 2847/2847/2847 2848/2848/2848 2823/2823/2823
f 2848/2848/2848 2849/2849/2849 2824/2824/2824
f 2849/2849/2849 2850/2850/2850 2825/2825/2825
f 2850/2850/2850 2851/2851/2851 2826/2826/2826
f 2851/2851/2851 2852/2852/2852 2827/2827/2827
f 2852/2852/2852 2853/2853/2853 2828/2828/2828
f 2853/2853/2853 2854/2854/2854 2829/2829/2829
f 2854/2854/2854 2855/2855/2855 2830/2830/2830
f 2855/2855/2855 2856/2856/2856 2831/2831/2831
f 2856/2856/2856 2857/2857/2857 2832/2832/2832
f 2857/2857/2857 2858/2858/2858 2833/2833/2833
f 2858/2858/2858 2859/2859/2859 2834/2834/2834
f 2859/2859/2859 2860/2860/2860 2835/2835/2835
f 2860/2860/2860 2861/2861/2861 2836/2836/2836
f 2861/2861/2861 2862/2862/2862 2837/2837/2837
f 2862/2862/2862 2863/2863/2863 2838/2838/2838
f 2863/2863/2863 2864/2864/2864 2839/2839/2839
f 2864/2864/2864 2865/2865/2865 2840/2840/2840
f 2865/2865/2865 2866/2866/2866 2841/2841/2841
f 2866/2866/2866 2867/2867/2867 2842/2842/2842
f 2867/2867/2867 2868/2868/2868 2843/2843/2843
f 2868/2868/2868 2869/2869/2869 2844/2844/2844
f 2869/2869/2869 2870/2870/2870 2845/2845/2845
f 2870/2870/2870 2871/2871/2871 2846/2846/2846
f 2897/2897/2897 2896/2896/2896 2872/2872/2872
f 2898/2898/2898 2897/2897/2897 2873/2873/2873
f 2899/2899/2899 2898/2898/2898 2874/2874/2874
f 2900/2900/2900 2899/2899/2899 2875/2875/2875
f 2901/2901/2901 2900/2900/2900 2876/2876/2876
f 2902/2902/2902 2901/2901/2901 2877/2877/2877
f 2903/2903/2903 2902/2902/2902 2878/2878/2878
f 2904/2904/2904 2903/2903/2903 2879/2879/2879
f 2905/2905/2905 2904/2904/2904 2880/2880/2880
f 2906/2906/2906 2905/2905/2905 2881/2881/2881
f 2907/2907/2907 2906/2906/2906 2882/2882/2882
f 2908/2908/2908 2907/2907/2907 2883/2883/2883
f 2909/2909/2909 2908/2908/2908 2884/2884/2884
f 2910/2910/2910 2909/2909/2909 2885/2885/2885
f 2911/2911/2911 2910/2910/2910 2886/2886/2886
f 2912/2912/2912 2911/2911/2911 2887/2887/2887
f 2913/2913/2913 2912/2912/2912 2888/2888/2888
f 2914/2914/2914 2913/2913/2913 2889/2889/2889
f 2915/2915/2915 2914/2914/2914 2890/2890/2890
f 2916/2916/2916 2915/2915/2915 2891/2891/2891
f 2917/2917/2917 2916/2916/2916 2892/2892/2892
f 2918/2918/2918 2917/2917/2917 2893/2893/2893
f 2919/2919/2919 2918/2918/2918 2894/2894/2894
f 2920/2920/2920 2919/2919/2919 2895/2895/2895
o sample_fridge
usemtl cabinet
v 0.19000001192092897 1.600000011920929 -2.5249999880790712
v 0.19000001192092897 1.600000011920929 -3.125000011920929
v 0.19000001192092897 -1.1920928910669204e-8 -2.5249999880790712
v 0.19000001192092897 -1.1920928910669204e-8 -3.125000011920929
v -0.41000001192092894 1.600000011920929 -3.125000011920929
v -0.41000001192092894 1.600000011920929 -2.5249999880790712
v -0.41000001192092894 -1.1920928910669204e-8 -3.125000011920929
v -0.41000001192092894 -1.1920928910669204e-8 -2.5249999880790712
v -0.41000001192092894 1.600000011920929 -3.125000011920929
v 0.19000001192092897 1.600000011920929 -3.125000011920929
v -0.41000001192092894 1.600000011920929 -2.5249999880790712
v 0.19000001192092897 1.600000011920929 -2.5249999880790712
v -0.41000001192092894 -1.1920928910669204e-8 -2.5249999880790712
v 0.19000001192092897 -1.1920928910669204e-8 -2.5249999880790712
v -0.41000001192092894 -1.1920928910669204e-8 -3.125000011920929
v 0.19000001192092897 -1.1920928910669204e-8 -3.125000011920929
v -0.41000001192092894 1.600000011920929 -2.5249999880790712
v 0.19000001192092897 1.600000011920929 -2.5249999880790712
v -0.41000001192092894 -1.1920928910669204e-8 -2.5249999880790712
v 0.19000001192092897 -1.1920928910669204e-8 -2.5249999880790712
v 0.19000001192092897 1.600000011920929 -3.125000011920929
v -0.41000001192092894 1.600000011920929 -3.125000011920929
v 0.19000001192092897 -1.1920928910669204e-8 -3.125000011920929
v -0.41000001192092894 -1.1920928910669204e-8 -3.125000011920929
vt 0 1
vt 1 1
vt 0 0
vt 1 0
vt 0 1
vt 1 1
vt 0 0
vt 1 0
vt 0 1
vt 1 1
vt 0 0
vt 1 0
vt 0 1
vt 1 1
vt 0 0
vt 1 0
vt 0 1
vt 1 1
vt 0 0
vt 1 0
vt 0 1
vt 1 1
vt 0 0
vt 1 0
vn 1 0 0
vn 1 0 0
vn 1 0 0
vn 1 0 0
vn -1 0 0
vn -1 0 0
vn -1 0 0
vn -1 0 0
vn 0 1 0
vn 0 1 0
vn 0 1 0
vn 0 1 0
vn 0 -1 0
vn 0 -1 0
vn 0 -1 0
vn 0 -1 0
vn 0 0 1
vn 0 0 1
vn 0 0 1
vn 0 0 1
vn 0 0 -1
vn 0 0 -1
vn 0 0 -1
vn 0 0 -1
f 2921/2921/2921 2923/2923/2923 2922/2922/2922
f 2923/2923/2923 2924/2924/2924 2922/2922/2922
f 2925/2925/2925 2927/2927/2927 2926/2926/2926
f 2927/2927/2927 2928/2928/2928 2926/2926/2926
f 2929/2929/2929 2931/2931/2931 2930/2930/2930
f 2931/2931/2931 2932/2932/2932 2930/2930/2930
f 2933/2933/2933 2935/2935/2935 2934/2934/2934
f 2935/2935/2935 2936/2936/2936 2934/2934/2934
f 2937/2937/2937 2939/2939/2939 2938/2938/2938
f 2939/2939/2939 2940/2940/2940 2938/2938/2938
f 2941/2941/2941 2943/2943/2943 2942/2942/2942
f 2943/2943/2943 2944/2944/2944 2942/2942/2942
o sample_fridge_door
usemtl steel
v -0.39000000022351744 1.5400000095367432 -2.5249999880790712
v -0.39000000022351744 1.5400000095367432 -3.125000011920929
v -0.39000000022351744 0.05999999046325688 -2.5249999880790712
v -0.39000000022351744 0.05999999046325688 -3.125000011920929
v -0.4099999997764826 1.5400000095367432 -3.125000011920929
v -0.4099999997764826 1.5400000095367432 -2.5249999880790712
v -0.4099999997764826 0.05999999046325688 -3.125000011920929
v -0.4099999997764826 0.05999999046325688 -2.5249999880790712
v -0.4099999997764826 1.5400000095367432 -3.125000011920929
v -0.39000000022351744 1.5400000095367432 -3.125000011920929
v -0.4099999997764826 1.5400000095367432 -2.5249999880790712
v -0.39000000022351744 1.5400000095367432 -2.5249999880790712
v -0.4099999997764826 0.05999999046325688 -2.5249999880790712
v -0.39000000022351744 0.05999999046325688 -2.5249999880790712
v -0.4099999997764826 0.05999999046325688 -3.125000011920929
v -0.39000000022351744 0.05999999046325688 -3.125000011920929
v -0.4099999997764826 1.5400000095367432 -2.5249999880790712
v -0.39000000022351744 1.5400000095367432 -2.5249999880790712
v -0.4099999997764826 0.05999999046325688 -2.5249999880790712
v -0.39000000022351744 0.05999999046325688 -2.5249999880790712
v -0.39000000022351744 1.5400000095367432 -3.125000011920929
v -0.4099999997764826 1.5400000095367432 -3.125000011920929
v -0.39000000022351744 0.05999999046325688 -3.125000011920929
v -0.4099999997764826 0.05999999046325688 -3.125000011920929
vt 0 1
vt 1 1
vt 0 0
vt 1 0
vt 0 1
vt 1 1
vt 0 0
vt 1 0
vt 0 1
vt 1 1
vt 0 0
vt 1 0
vt 0 1
vt 1 1
vt 0 0
vt 1 0
vt 0 1
vt 1 1
vt 0 0
vt 1 0
vt 0 1
vt 1 1
vt 0 0
vt 1 0
vn 1 0 0
vn 1 0 0
vn 1 0 0
vn 1 0 0
vn -1 0 0
vn -1 0 0
vn -1 0 0
vn -1 0 0
vn 0 1 0
vn 0 1 0
vn 0 1 0
vn 0 1 0
vn 0 -1 0
vn 0 -1 0
vn 0 -1 0
vn 0 -1 0
vn 0 0 1
vn 0 0 1
vn 0 0 1
vn 0 0 1
vn 0 0 -1
vn 0 0 -1
vn 0 0 -1
vn 0 0 -1
f 2945/2945/2945 2947/2947/2947 2946/2946/2946
f 2947/2947/2947 2948/2948/2948 2946/2946/2946
f 2949/2949/2949 2951/2951/2951 2950/2950/2950
f 2951/2951/2951 2952/2952/2952 2950/2950/2950
f 2953/2953/2953 2955/2955/2955 2954/2954/2954
f 2955/2955/2955 2956/2956/2956 2954/2954/2954
f 2957/2957/2957 2959/2959/2959 2958/2958/2958
f 2959/2959/2959 2960/2960/2960 2958/2958/2958
f 2961/2961/2961 2963/2963/2963 2962/2962/2962
f 2963/2963/2963 2964/2964/2964 2962/2962/2962
f 2965/2965/2965 2967/2967/2967 2966/2966/2966
f 2967/2967/2967 2968/2968/2968 2966/2966/2966
o waste_bin_biohazard
usemtl accent
v -1.4 0.5 0.15500000715255738
v -1.344376941770315 0.5 0.14619017243385315
v -1.2941986560821532 0.5 0.12062305808067322
v -1.2543769419193267 0.5 0.08080134391784669
v -1.2288098275661468 0.5 0.03062305822968483
v -1.2199999928474425 0.5 -0.02499999999999999
v -1.2288098275661468 0.5 -0.08062305822968482
v -1.2543769419193267 0.5 -0.13080134391784667
v -1.2941986560821532 0.5 -0.1706230580806732
v -1.344376941770315 0.5 -0.19619017243385314
v -1.4 0.5 -0.20500000715255737
v -1.4556230582296847 0.5 -0.19619017243385314
v -1.5058013439178466 0.5 -0.1706230580806732
v -1.5456230580806731 0.5 -0.13080134391784667
v -1.571190172433853 0.5 -0.08062305822968482
v -1.5800000071525573 0.5 -0.025000000000000036
v -1.571190172433853 0.5 0.03062305822968483
v -1.5456230580806731 0.5 0.08080134391784669
v -1.5058013439178466 0.5 0.12062305808067322
v -1.4556230582296847 0.5 0.14619017243385315
v -1.4 0.5 0.15500000715255738
v -1.4 0 0.15500000715255738
v -1.344376941770315 0 0.14619017243385315
v -1.2941986560821532 0 0.12062305808067322
v -1.2543769419193267 0 0.08080134391784669
v -1.2288098275661468 0 0.03062305822968483
v -1.2199999928474425 0 -0.02499999999999999
v -1.2288098275661468 0 -0.08062305822968482
v -1.2543769419193267 0 -0.13080134391784667
v -1.2941986560821532 0 -0.1706230580806732
v -1.344376941770315 0 -0.19619017243385314
v -1.4 0 -0.20500000715255737
v -1.4556230582296847 0 -0.19619017243385314
v -1.5058013439178466 0 -0.1706230580806732
v -1.5456230580806731 0 -0.13080134391784667
v -1.571190172433853 0 -0.08062305822968482
v -1.5800000071525573 0 -0.025000000000000036
v -1.571190172433853 0 0.03062305822968483
v -1.5456230580806731 0 0.08080134391784669
v -1.5058013439178466 0 0.12062305808067322
v -1.4556230582296847 0 0.14619017243385315
v -1.4 0 0.15500000715255738
v -1.4 0.5 -0.025
v -1.4 0.5 -0.025
v -1.4 0.5 -0.025
v -1.4 0.5 -0.025
v -1.4 0.5 -0.025
v -1.4 0.5 -0.025
v -1.4 0.5 -0.025
v -1.4 0.5 -0.025
v -1.4 0.5 -0.025
v -1.4 0.5 -0.025
v -1.4 0.5 -0.025
v -1.4 0.5 -0.025
v -1.4 0.5 -0.025
v -1.4 0.5 -0.025
v -1.4 0.5 -0.025
v -1.4 0.5 -0.025
v -1.4 0.5 -0.025
v -1.4 0.5 -0.025
v -1.4 0.5 -0.025
v -1.4 0.5 -0.025
v -1.4 0.5 0.15500000715255738
v -1.344376941770315 0.5 0.14619017243385315
v -1.2941986560821532 0.5 0.12062305808067322
v -1.2543769419193267 0.5 0.08080134391784669
v -1.2288098275661468 0.5 0.03062305822968483
v -1.2199999928474425 0.5 -0.02499999999999999
v -1.2288098275661468 0.5 -0.08062305822968482
v -1.2543769419193267 0.5 -0.13080134391784667
v -1.2941986560821532 0.5 -0.1706230580806732
v -1.344376941770315 0.5 -0.19619017243385314
v -1.4 0.5 -0.20500000715255737
v -1.4556230582296847 0.5 -0.19619017243385314
v -1.5058013439178466 0.5 -0.1706230580806732
v -1.5456230580806731 0.5 -0.13080134391784667
v -1.571190172433853 0.5 -0.08062305822968482
v -1.5800000071525573 0.5 -0.025000000000000036
v -1.571190172433853 0.5 0.03062305822968483
v -1.5456230580806731 0.5 0.08080134391784669
v -1.5058013439178466 0.5 0.12062305808067322
v -1.4556230582296847 0.5 0.14619017243385315
v -1.4 0.5 0.15500000715255738
v -1.4 0 -0.025
v -1.4 0 -0.025
v -1.4 0 -0.025
v -1.4 0 -0.025
v -1.4 0 -0.025
v -1.4 0 -0.025
v -1.4 0 -0.025
v -1.4 0 -0.025
v -1.4 0 -0.025
v -1.4 0 -0.025
v -1.4 0 -0.025
v -1.4 0 -0.025
v -1.4 0 -0.025
v -1.4 0 -0.025
v -1.4 0 -0.025
v -1.4 0 -0.025
v -1.4 0 -0.025
v -1.4 0 -0.025
v -1.4 0 -0.025
v -1.4 0 -0.025
v -1.4 0 0.15500000715255738
v -1.344376941770315 0 0.14619017243385315
v -1.2941986560821532 0 0.12062305808067322
v -1.2543769419193267 0 0.08080134391784669
v -1.2288098275661468 0 0.03062305822968483
v -1.2199999928474425 0 -0.02499999999999999
v -1.2288098275661468 0 -0.08062305822968482
v -1.2543769419193267 0 -0.13080134391784667
v -1.2941986560821532 0 -0.1706230580806732
v -1.344376941770315 0 -0.19619017243385314
v -1.4 0 -0.20500000715255737
v -1.4556230582296847 0 -0.19619017243385314
v -1.5058013439178466 0 -0.1706230580806732
v -1.5456230580806731 0 -0.13080134391784667
v -1.571190172433853 0 -0.08062305822968482
v -1.5800000071525573 0 -0.025000000000000036
v -1.571190172433853 0 0.03062305822968483
v -1.5456230580806731 0 0.08080134391784669
v -1.5058013439178466 0 0.12062305808067322
v -1.4556230582296847 0 0.14619017243385315
v -1.4 0 0.15500000715255738
vt 0 1
vt 0.05000000074505806 1
vt 0.10000000149011612 1
vt 0.15000000596046448 1
vt 0.20000000298023224 1
vt 0.25 1
vt 0.30000001192092896 1
vt 0.3499999940395355 1
vt 0.4000000059604645 1
vt 0.44999998807907104 1
vt 0.5 1
vt 0.550000011920929 1
vt 0.6000000238418579 1
vt 0.6499999761581421 1
vt 0.699999988079071 1
vt 0.75 1
vt 0.800000011920929 1
vt 0.8500000238418579 1
vt 0.8999999761581421 1
vt 0.949999988079071 1
vt 1 1
vt 0 0
vt 0.05000000074505806 0
vt 0.10000000149011612 0
vt 0.15000000596046448 0
vt 0.20000000298023224 0
vt 0.25 0
vt 0.30000001192092896 0
vt 0.3499999940395355 0
vt 0.4000000059604645 0
vt 0.44999998807907104 0
vt 0.5 0
vt 0.550000011920929 0
vt 0.6000000238418579 0
vt 0.6499999761581421 0
vt 0.699999988079071 0
vt 0.75 0
vt 0.800000011920929 0
vt 0.8500000238418579 0
vt 0.8999999761581421 0
vt 0.949999988079071 0
vt 1 0
vt 0.5 0.5
vt 0.5 0.5
vt 0.5 0.5
vt 0.5 0.5
vt 0.5 0.5
vt 0.5 0.5
vt 0.5 0.5
vt 0.5 0.5
vt 0.5 0.5
vt 0.5 0.5
vt 0.5 0.5
vt 0.5 0.5
vt 0.5 0.5
vt 0.5 0.5
vt 0.5 0.5
vt 0.5 0.5
vt 0.5 0.5
vt 0.5 0.5
vt 0.5 0.5
vt 0.5 0.5
vt 1 0.5
vt 0.9755282402038574 0.6545084714889526
vt 0.9045084714889526 0.7938926219940186
vt 0.7938926219940186 0.9045084714889526
vt 0.6545084714889526 0.9755282402038574
vt 0.5 1
vt 0.345491498708725 0.9755282402038574
vt 0.20610737800598145 0.9045084714889526
vt 0.09549150615930557 0.7938926219940186
vt 0.024471741169691086 0.6545084714889526
vt 0 0.5
vt 0.024471741169691086 0.345491498708725
vt 0.09549150615930557 0.20610737800598145
vt 0.20610737800598145 0.09549150615930557
vt 0.345491498708725 0.024471741169691086
vt 0.5 0
vt 0.6545084714889526 0.024471741169691086
vt 0.7938926219940186 0.09549150615930557
vt 0.9045084714889526 0.20610737800598145
vt 0.9755282402038574 0.345491498708725
vt 1 0.5
vt 0.5 0.5
vt 0.5 0.5
vt 0.5 0.5
vt 0.5 0.5
vt 0.5 0.5
vt 0.5 0.5
vt 0.5 0.5
vt 0.5 0.5
vt 0.5 0.5
vt 0.5 0.5
vt 0.5 0.5
vt 0.5 0.5
vt 0.5 0.5
vt 0.5 0.5
vt 0.5 0.5
vt 0.5 0.5
vt 0.5 0.5
vt 0.5 0.5
vt 0.5 0.5
vt 0.5 0.5
vt 1 0.5
vt 0.9755282402038574 0.345491498708725
vt 0.9045084714889526 0.20610737800598145
vt 0.7938926219940186 0.09549150615930557
vt 0.6545084714889526 0.024471741169691086
vt 0.5 0
vt 0.345491498708725 0.024471741169691086
vt 0.20610737800598145 0.09549150615930557
vt 0.09549150615930557 0.20610737800598145
vt 0.024471741169691086 0.345491498708725
vt 0 0.5
vt 0.024471741169691086 0.6545084714889526
vt 0.09549150615930557 0.7938926219940186
vt 0.20610737800598145 0.9045084714889526
vt 0.345491498708725 0.9755282402038574
vt 0.5 1
vt 0.6545084714889526 0.9755282402038574
vt 0.7938926219940186 0.9045084714889526
vt 0.9045084714889526 0.7938926219940186
vt 0.9755282402038574 0.6545084714889526
vt 1 0.5
vn 0 0 1
vn 0.3090169948284817 0 0.9510565161477913
vn 0.5877852429542022 0 0.8090170011595983
vn 0.8090170011595983 0 0.5877852429542022
vn 0.9510565161477913 0 0.3090169948284817
vn 1 0 6.123234262925839e-17
vn 0.9510565161477913 0 -0.3090169948284817
vn 0.8090170011595983 0 -0.5877852429542022
vn 0.5877852429542022 0 -0.8090170011595983
vn 0.3090169948284817 0 -0.9510565161477913
vn 1.2246468525851679e-16 0 -1
vn -0.3090169948284817 0 -0.9510565161477913
vn -0.5877852429542022 0 -0.8090170011595983
vn -0.8090170011595983 0 -0.5877852429542022
vn -0.9510565161477913 0 -0.3090169948284817
vn -1 0 -1.8369701465288538e-16
vn -0.9510565161477913 0 0.3090169948284817
vn -0.8090170011595983 0 0.5877852429542022
vn -0.5877852429542022 0 0.8090170011595983
vn -0.3090169948284817 0 0.9510565161477913
vn -2.4492937051703357e-16 0 1
vn 0 0 1
vn 0.3090169948284817 0 0.9510565161477913
vn 0.5877852429542022 0 0.8090170011595983
vn 0.8090170011595983 0 0.5877852429542022
vn 0.9510565161477913 0 0.3090169948284817
vn 1 0 6.123234262925839e-17
vn 0.9510565161477913 0 -0.3090169948284817
vn 0.8090170011595983 0 -0.5877852429542022
vn 0.5877852429542022 0 -0.8090170011595983
vn 0.3090169948284817 0 -0.9510565161477913
vn 1.2246468525851679e-16 0 -1
vn -0.3090169948284817 0 -0.9510565161477913
vn -0.5877852429542022 0 -0.8090170011595983
vn -0.8090170011595983 0 -0.5877852429542022
vn -0.9510565161477913 0 -0.3090169948284817
vn -1 0 -1.8369701465288538e-16
vn -0.9510565161477913 0 0.3090169948284817
vn -0.8090170011595983 0 0.5877852429542022
vn -0.5877852429542022 0 0.8090170011595983
vn -0.3090169948284817 0 0.9510565161477913
vn -2.4492937051703357e-16 0 1
vn 0 1 0
vn 0 1 0
vn 0 1 0
vn 0 1 0
vn 0 1 0
vn 0 1 0
vn 0 1 0
vn 0 1 0
vn 0 1 0
vn 0 1 0
vn 0 1 0
vn 0 1 0
vn 0 1 0
vn 0 1 0
vn 0 1 0
vn 0 1 0
vn 0 1 0
vn 0 1 0
vn 0 1 0
vn 0 1 0
vn 0 1 0
vn 0 1 0
vn 0 1 0
vn 0 1 0
vn 0 1 0
vn 0 1 0
vn 0 1 0
vn 0 1 0
vn 0 1 0
vn 0 1 0
vn 0 1 0
vn 0 1 0
vn 0 1 0
vn 0 1 0
vn 0 1 0
vn 0 1 0
vn 0 1 0
vn 0 1 0
vn 0 1 0
vn 0 1 0
vn 0 1 0
vn 0 -1 0
vn 0 -1 0
vn 0 -1 0
vn 0 -1 0
vn 0 -1 0
vn 0 -1 0
vn 0 -1 0
vn 0 -1 0
vn 0 -1 0
vn 0 -1 0
vn 0 -1 0
vn 0 -1 0
vn 0 -1 0
vn 0 -1 0
vn 0 -1 0
vn 0 -1 0
vn 0 -1 0
vn 0 -1 0
vn 0 -1 0
vn 0 -1 0
vn 0 -1 0
vn 0 -1 0
vn 0 -1 0
vn 0 -1 0
vn 0 -1 0
vn 0 -1 0
vn 0 -1 0
vn 0 -1 0
vn 0 -1 0
vn 0 -1 0
vn 0 -1 0
vn 0 -1 0
vn 0 -1 0
vn 0 -1 0
vn 0 -1 0
vn 0 -1 0
vn 0 -1 0
vn 0 -1 0
vn 0 -1 0
vn 0 -1 0
vn 0 -1 0
f 2969/2969/2969 2990/2990/2990 2970/2970/2970
f 2990/2990/2990 2991/2991/2991 2970/2970/2970
f 2970/2970/2970 2991/2991/2991 2971/2971/2971
f 2991/2991/2991 2992/2992/2992 2971/2971/2971
f 2971/2971/2971 2992/2992/2992 2972/2972/2972
f 2992/2992/2992 2993/2993/2993 2972/2972/2972
f 2972/2972/2972 2993/2993/2993 2973/2973/2973
f 2993/2993/2993 2994/2994/2994 2973/2973/2973
f 2973/2973/2973 2994/2994/2994 2974/2974/2974
f 2994/2994/2994 2995/2995/2995 2974/2974/2974
f 2974/2974/2974 2995/2995/2995 2975/2975/2975
f 2995/2995/2995 2996/2996/2996 2975/2975/2975
f 2975/2975/2975 2996/2996/2996 2976/2976/2976
f 2996/2996/2996 2997/2997/2997 2976/2976/2976
f 2976/2976/2976 2997/2997/2997 2977/2977/2977
f 2997/2997/2997 2998/2998/2998 2977/2977/2977
f 2977/2977/2977 2998/2998/2998 2978/2978/2978
f 2998/2998/2998 2999/2999/2999 2978/2978/2978
f 2978/2978/2978 2999/2999/2999 2979/2979/2979
f 2999/2999/2999 3000/3000/3000 2979/2979/2979
f 2979/2979/2979 3000/3000/3000 2980/2980/2980
f 3000/3000/3000 3001/3001/3001 2980/2980/2980
f 2980/2980/2980 3001/3001/3001 2981/2981/2981
f 3001/3001/3001 3002/3002/3002 2981/2981/2981
f 2981/2981/2981 3002/3002/3002 2982/2982/2982
f 3002/3002/3002 3003/3003/3003 2982/2982/2982
f 2982/2982/2982 3003/3003/3003 2983/2983/2983
f 3003/3003/3003 3004/3004/3004 2983/2983/2983
f 2983/2983/2983 3004/3004/3004 2984/2984/2984
f 3004/3004/3004 3005/3005/3005 2984/2984/2984
f 2984/2984/2984 3005/3005/3005 2985/2985/2985
f 3005/3005/3005 3006/3006/3006 2985/2985/2985
f 2985/2985/2985 3006/3006/3006 2986/2986/2986
f 3006/3006/3006 3007/3007/3007 2986/2986/2986
f 2986/2986/2986 3007/3007/3007 2987/2987/2987
f 3007/3007/3007 3008/3008/3008 2987/2987/2987
f 2987/2987/2987 3008/3008/3008 2988/2988/2988
f 3008/3008/3008 3009/3009/3009 2988/2988/2988
f 2988/2988/2988 3009/3009/3009 2989/2989/2989
f 3009/3009/3009 3010/3010/3010 2989/2989/2989
f 3031/3031/3031 3032/3032/3032 3011/3011/3011
f 3032/3032/3032 3033/3033/3033 3012/3012/3012
f 3033/3033/3033 3034/3034/3034 3013/3013/3013
f 3034/3034/3034 3035/3035/3035 3014/3014/3014
f 3035/3035/3035 3036/3036/3036 3015/3015/3015
f 3036/3036/3036 3037/3037/3037 3016/3016/3016
f 3037/3037/3037 3038/3038/3038 3017/3017/3017
f 3038/3038/3038 3039/3039/3039 3018/3018/3018
f 3039/3039/3039 3040/3040/3040 3019/3019/3019
f 3040/3040/3040 3041/3041/3041 3020/3020/3020
f 3041/3041/3041 3042/3042/3042 3021/3021/3021
f 3042/3042/3042 3043/3043/3043 3022/3022/3022
f 3043/3043/3043 3044/3044/3044 3023/3023/3023
f 3044/3044/3044 3045/3045/3045 3024/3024/3024
f 3045/3045/3045 3046/3046/3046 3025/3025/3025
f 3046/3046/3046 3047/3047/3047 3026/3026/3026
f 3047/3047/3047 3048/3048/3048 3027/3027/3027
f 3048/3048/3048 3049/3049/3049 3028/3028/3028
f 3049/3049/3049 3050/3050/3050 3029/3029/3029
f 3050/3050/3050 3051/3051/3051 3030/3030/3030
f 3073/3073/3073 3072/3072/3072 3052/3052/3052
f 3074/3074/3074 3073/3073/3073 3053/3053/3053
f 3075/3075/3075 3074/3074/3074 3054/3054/3054
f 3076/3076/3076 3075/3075/3075 3055/3055/3055
f 3077/3077/3077 3076/3076/3076 3056/3056/3056
f 3078/3078/3078 3077/3077/3077 3057/3057/3057
f 3079/3079/3079 3078/3078/3078 3058/3058/3058
f 3080/3080/3080 3079/3079/3079 3059/3059/3059
f 3081/3081/3081 3080/3080/3080 3060/3060/3060
f 3082/3082/3082 3081/3081/3081 3061/3061/3061
f 3083/3083/3083 3082/3082/3082 3062/3062/3062
f 3084/3084/3084 3083/3083/3083 3063/3063/3063
f 3085/3085/3085 3084/3084/3084 3064/3064/3064
f 3086/3086/3086 3085/3085/3085 3065/3065/3065
f 3087/3087/3087 3086/3086/3086 3066/3066/3066
f 3088/3088/3088 3087/3087/3087 3067/3067/3067
f 3089/3089/3089 3088/3088/3088 3068/3068/3068
f 3090/3090/3090 3089/3089/3089 3069/3069/3069
f 3091/3091/3091 3090/3090/3090 3070/3070/3070
f 3092/3092/3092 3091/3091/3091 3071/3071/3071
o waste_bin_general
usemtl equip_dark
v -0.95 0.5 0.15500000715255738
v -0.8943769417703151 0.5 0.14619017243385315
v -0.8441986560821533 0.5 0.12062305808067322
v -0.8043769419193267 0.5 0.08080134391784669
v -0.7788098275661468 0.5 0.03062305822968483
v -0.7699999928474426 0.5 -0.02499999999999999
v -0.7788098275661468 0.5 -0.08062305822968482
v -0.8043769419193267 0.5 -0.13080134391784667
v -0.8441986560821533 0.5 -0.1706230580806732
v -0.8943769417703151 0.5 -0.19619017243385314
v -0.95 0.5 -0.20500000715255737
v -1.0056230582296848 0.5 -0.19619017243385314
v -1.0558013439178466 0.5 -0.1706230580806732
v -1.0956230580806732 0.5 -0.13080134391784667
v -1.121190172433853 0.5 -0.08062305822968482
v -1.1300000071525573 0.5 -0.025000000000000036
v -1.121190172433853 0.5 0.03062305822968483
v -1.0956230580806732 0.5 0.08080134391784669
v -1.0558013439178466 0.5 0.12062305808067322
v -1.0056230582296848 0.5 0.14619017243385315
v -0.95 0.5 0.15500000715255738
v -0.95 0 0.15500000715255738
v -0.8943769417703151 0 0.14619017243385315
v -0.8441986560821533 0 0.12062305808067322
v -0.8043769419193267 0 0.08080134391784669
v -0.7788098275661468 0 0.03062305822968483
v -0.7699999928474426 0 -0.02499999999999999
v -0.7788098275661468 0 -0.08062305822968482
v -0.8043769419193267 0 -0.13080134391784667
v -0.8441986560821533 0 -0.1706230580806732
v -0.8943769417703151 0 -0.19619017243385314
v -0.95 0 -0.20500000715255737
v -1.0056230582296848 0 -0.19619017243385314
v -1.0558013439178466 0 -0.1706230580806732
v -1.0956230580806732 0 -0.13080134391784667
v -1.121190172433853 0 -0.08062305822968482
v -1.1300000071525573 0 -0.025000000000000036
v -1.121190172433853 0 0.03062305822968483
v -1.0956230580806732 0 0.08080134391784669
v -1.0558013439178466 0 0.12062305808067322
v -1.0056230582296848 0 0.14619017243385315
v -0.95 0 0.15500000715255738
v -0.95 0.5 -0.025
v -0.95 0.5 -0.025
v -0.95 0.5 -0.025
v -0.95 0.5 -0.025
v -0.95 0.5 -0.025
v -0.95 0.5 -0.025
v -0.95 0.5 -0.025
v -0.95 0.5 -0.025
v -0.95 0.5 -0.025
v -0.95 0.5 -0.025
v -0.95 0.5 -0.025
v -0.95 0.5 -0.025
v -0.95 0.5 -0.025
v -0.95 0.5 -0.025
v -0.95 0.5 -0.025
v -0.95 0.5 -0.025
v -0.95 0.5 -0.025
v -0.95 0.5 -0.025
v -0.95 0.5 -0.025
v -0.95 0.5 -0.025
v -0.95 0.5 0.15500000715255738
v -0.8943769417703151 0.5 0.14619017243385315
v -0.8441986560821533 0.5 0.12062305808067322
v -0.8043769419193267 0.5 0.08080134391784669
v -0.7788098275661468 0.5 0.03062305822968483
v -0.7699999928474426 0.5 -0.02499999999999999
v -0.7788098275661468 0.5 -0.08062305822968482
v -0.8043769419193267 0.5 -0.13080134391784667
v -0.8441986560821533 0.5 -0.1706230580806732
v -0.8943769417703151 0.5 -0.19619017243385314
v -0.95 0.5 -0.20500000715255737
v -1.0056230582296848 0.5 -0.19619017243385314
v -1.0558013439178466 0.5 -0.1706230580806732
v -1.0956230580806732 0.5 -0.13080134391784667
v -1.121190172433853 0.5 -0.08062305822968482
v -1.1300000071525573 0.5 -0.025000000000000036
v -1.121190172433853 0.5 0.03062305822968483
v -1.0956230580806732 0.5 0.08080134391784669
v -1.0558013439178466 0.5 0.12062305808067322
v -1.0056230582296848 0.5 0.14619017243385315
v -0.95 0.5 0.15500000715255738
v -0.95 0 -0.025
v -0.95 0 -0.025
v -0.95 0 -0.025
v -0.95 0 -0.025
v -0.95 0 -0.025
v -0.95 0 -0.025
v -0.95 0 -0.025
v -0.95 0 -0.025
v -0.95 0 -0.025
v -0.95 0 -0.025
v -0.95 0 -0.025
v -0.95 0 -0.025
v -0.95 0 -0.025
v -0.95 0 -0.025
v -0.95 0 -0.025
v -0.95 0 -0.025
v -0.95 0 -0.025
v -0.95 0 -0.025
v -0.95 0 -0.025
v -0.95 0 -0.025
v -0.95 0 0.15500000715255738
v -0.8943769417703151 0 0.14619017243385315
v -0.8441986560821533 0 0.12062305808067322
v -0.8043769419193267 0 0.08080134391784669
v -0.7788098275661468 0 0.03062305822968483
v -0.7699999928474426 0 -0.02499999999999999
v -0.7788098275661468 0 -0.08062305822968482
v -0.8043769419193267 0 -0.13080134391784667
v -0.8441986560821533 0 -0.1706230580806732
v -0.8943769417703151 0 -0.19619017243385314
v -0.95 0 -0.20500000715255737
v -1.0056230582296848 0 -0.19619017243385314
v -1.0558013439178466 0 -0.1706230580806732
v -1.0956230580806732 0 -0.13080134391784667
v -1.121190172433853 0 -0.08062305822968482
v -1.1300000071525573 0 -0.025000000000000036
v -1.121190172433853 0 0.03062305822968483
v -1.0956230580806732 0 0.08080134391784669
v -1.0558013439178466 0 0.12062305808067322
v -1.0056230582296848 0 0.14619017243385315
v -0.95 0 0.15500000715255738
vt 0 1
vt 0.05000000074505806 1
vt 0.10000000149011612 1
vt 0.15000000596046448 1
vt 0.20000000298023224 1
vt 0.25 1
vt 0.30000001192092896 1
vt 0.3499999940395355 1
vt 0.4000000059604645 1
vt 0.44999998807907104 1
vt 0.5 1
vt 0.550000011920929 1
vt 0.6000000238418579 1
vt 0.6499999761581421 1
vt 0.699999988079071 1
vt 0.75 1
vt 0.800000011920929 1
vt 0.8500000238418579 1
vt 0.8999999761581421 1
vt 0.949999988079071 1
vt 1 1
vt 0 0
vt 0.05000000074505806 0
vt 0.10000000149011612 0
vt 0.15000000596046448 0
vt 0.20000000298023224 0
vt 0.25 0
vt 0.30000001192092896 0
vt 0.3499999940395355 0
vt 0.4000000059604645 0
vt 0.44999998807907104 0
vt 0.5 0
vt 0.550000011920929 0
vt 0.6000000238418579 0
vt 0.6499999761581421 0
vt 0.699999988079071 0
vt 0.75 0
vt 0.800000011920929 0
vt 0.8500000238418579 0
vt 0.8999999761581421 0
vt 0.949999988079071 0
vt 1 0
vt 0.5 0.5
vt 0.5 0.5
vt 0.5 0.5
vt 0.5 0.5
vt 0.5 0.5
vt 0.5 0.5
vt 0.5 0.5
vt 0.5 0.5
vt 0.5 0.5
vt 0.5 0.5
vt 0.5 0.5
vt 0.5 0.5
vt 0.5 0.5
vt 0.5 0.5
vt 0.5 0.5
vt 0.5 0.5
vt 0.5 0.5
vt 0.5 0.5
vt 0.5 0.5
vt 0.5 0.5
vt 1 0.5
vt 0.9755282402038574 0.6545084714889526
vt 0.9045084714889526 0.7938926219940186
vt 0.7938926219940186 0.9045084714889526
vt 0.6545084714889526 0.9755282402038574
vt 0.5 1
vt 0.345491498708725 0.9755282402038574
vt 0.20610737800598145 0.9045084714889526
vt 0.09549150615930557 0.7938926219940186
vt 0.024471741169691086 0.6545084714889526
vt 0 0.5
vt 0.024471741169691086 0.345491498708725
vt 0.09549150615930557 0.20610737800598145
vt 0.20610737800598145 0.09549150615930557
vt 0.345491498708725 0.024471741169691086
vt 0.5 0
vt 0.6545084714889526 0.024471741169691086
vt 0.7938926219940186 0.09549150615930557
vt 0.9045084714889526 0.20610737800598145
vt 0.9755282402038574 0.345491498708725
vt 1 0.5
vt 0.5 0.5
vt 0.5 0.5
vt 0.5 0.5
vt 0.5 0.5
vt 0.5 0.5
vt 0.5 0.5
vt 0.5 0.5
vt 0.5 0.5
vt 0.5 0.5
vt 0.5 0.5
vt 0.5 0.5
vt 0.5 0.5
vt 0.5 0.5
vt 0.5 0.5
vt 0.5 0.5
vt 0.5 0.5
vt 0.5 0.5
vt 0.5 0.5
vt 0.5 0.5
vt 0.5 0.5
vt 1 0.5
vt 0.9755282402038574 0.345491498708725
vt 0.9045084714889526 0.20610737800598145
vt 0.7938926219940186 0.09549150615930557
vt 0.6545084714889526 0.024471741169691086
vt 0.5 0
vt 0.345491498708725 0.024471741169691086
vt 0.20610737800598145 0.09549150615930557
vt 0.09549150615930557 0.20610737800598145
vt 0.024471741169691086 0.345491498708725
vt 0 0.5
vt 0.024471741169691086 0.6545084714889526
vt 0.09549150615930557 0.7938926219940186
vt 0.20610737800598145 0.9045084714889526
vt 0.345491498708725 0.9755282402038574
vt 0.5 1
vt 0.6545084714889526 0.9755282402038574
vt 0.7938926219940186 0.9045084714889526
vt 0.9045084714889526 0.7938926219940186
vt 0.9755282402038574 0.6545084714889526
vt 1 0.5
vn 0 0 1
vn 0.3090169948284817 0 0.9510565161477913
vn 0.5877852429542022 0 0.8090170011595983
vn 0.8090170011595983 0 0.5877852429542022
vn 0.9510565161477913 0 0.3090169948284817
vn 1 0 6.123234262925839e-17
vn 0.9510565161477913 0 -0.3090169948284817
vn 0.8090170011595983 0 -0.5877852429542022
vn 0.5877852429542022 0 -0.8090170011595983
vn 0.3090169948284817 0 -0.9510565161477913
vn 1.2246468525851679e-16 0 -1
vn -0.3090169948284817 0 -0.9510565161477913
vn -0.5877852429542022 0 -0.8090170011595983
vn -0.8090170011595983 0 -0.5877852429542022
vn -0.9510565161477913 0 -0.3090169948284817
vn -1 0 -1.8369701465288538e-16
vn -0.9510565161477913 0 0.3090169948284817
vn -0.8090170011595983 0 0.5877852429542022
vn -0.5877852429542022 0 0.8090170011595983
vn -0.3090169948284817 0 0.9510565161477913
vn -2.4492937051703357e-16 0 1
vn 0 0 1
vn 0.3090169948284817 0 0.9510565161477913
vn 0.5877852429542022 0 0.8090170011595983
vn 0.8090170011595983 0 0.5877852429542022
vn 0.9510565161477913 0 0.3090169948284817
vn 1 0 6.123234262925839e-17
vn 0.9510565161477913 0 -0.3090169948284817
vn 0.8090170011595983 0 -0.5877852429542022
vn 0.5877852429542022 0 -0.8090170011595983
vn 0.3090169948284817 0 -0.9510565161477913
vn 1.2246468525851679e-16 0 -1
vn -0.3090169948284817 0 -0.9510565161477913
vn -0.5877852429542022 0 -0.8090170011595983
vn -0.8090170011595983 0 -0.5877852429542022
vn -0.9510565161477913 0 -0.3090169948284817
vn -1 0 -1.8369701465288538e-16
vn -0.9510565161477913 0 0.3090169948284817
vn -0.8090170011595983 0 0.5877852429542022
vn -0.5877852429542022 0 0.8090170011595983
vn -0.3090169948284817 0 0.9510565161477913
vn -2.4492937051703357e-16 0 1
vn 0 1 0
vn 0 1 0
vn 0 1 0
vn 0 1 0
vn 0 1 0
vn 0 1 0
vn 0 1 0
vn 0 1 0
vn 0 1 0
vn 0 1 0
vn 0 1 0
vn 0 1 0
vn 0 1 0
vn 0 1 0
vn 0 1 0
vn 0 1 0
vn 0 1 0
vn 0 1 0
vn 0 1 0
vn 0 1 0
vn 0 1 0
vn 0 1 0
vn 0 1 0
vn 0 1 0
vn 0 1 0
vn 0 1 0
vn 0 1 0
vn 0 1 0
vn 0 1 0
vn 0 1 0
vn 0 1 0
vn 0 1 0
vn 0 1 0
vn 0 1 0
vn 0 1 0
vn 0 1 0
vn 0 1 0
vn 0 1 0
vn 0 1 0
vn 0 1 0
vn 0 1 0
vn 0 -1 0
vn 0 -1 0
vn 0 -1 0
vn 0 -1 0
vn 0 -1 0
vn 0 -1 0
vn 0 -1 0
vn 0 -1 0
vn 0 -1 0
vn 0 -1 0
vn 0 -1 0
vn 0 -1 0
vn 0 -1 0
vn 0 -1 0
vn 0 -1 0
vn 0 -1 0
vn 0 -1 0
vn 0 -1 0
vn 0 -1 0
vn 0 -1 0
vn 0 -1 0
vn 0 -1 0
vn 0 -1 0
vn 0 -1 0
vn 0 -1 0
vn 0 -1 0
vn 0 -1 0
vn 0 -1 0
vn 0 -1 0
vn 0 -1 0
vn 0 -1 0
vn 0 -1 0
vn 0 -1 0
vn 0 -1 0
vn 0 -1 0
vn 0 -1 0
vn 0 -1 0
vn 0 -1 0
vn 0 -1 0
vn 0 -1 0
vn 0 -1 0
f 3093/3093/3093 3114/3114/3114 3094/3094/3094
f 3114/3114/3114 3115/3115/3115 3094/3094/3094
f 3094/3094/3094 3115/3115/3115 3095/3095/3095
f 3115/3115/3115 3116/3116/3116 3095/3095/3095
f 3095/3095/3095 3116/3116/3116 3096/3096/3096
f 3116/3116/3116 3117/3117/3117 3096/3096/3096
f 3096/3096/3096 3117/3117/3117 3097/3097/3097
f 3117/3117/3117 3118/3118/3118 3097/3097/3097
f 3097/3097/3097 3118/3118/3118 3098/3098/3098
f 3118/3118/3118 3119/3119/3119 3098/3098/3098
f 3098/3098/3098 3119/3119/3119 3099/3099/3099
f 3119/3119/3119 3120/3120/3120 3099/3099/3099
f 3099/3099/3099 3120/3120/3120 3100/3100/3100
f 3120/3120/3120 3121/3121/3121 3100/3100/3100
f 3100/3100/3100 3121/3121/3121 3101/3101/3101
f 3121/3121/3121 3122/3122/3122 3101/3101/3101
f 3101/3101/3101 3122/3122/3122 3102/3102/3102
f 3122/3122/3122 3123/3123/3123 3102/3102/3102
f 3102/3102/3102 3123/3123/3123 3103/3103/3103
f 3123/3123/3123 3124/3124/3124 3103/3103/3103
f 3103/3103/3103 3124/3124/3124 3104/3104/3104
f 3124/3124/3124 3125/3125/3125 3104/3104/3104
f 3104/3104/3104 3125/3125/3125 3105/3105/3105
f 3125/3125/3125 3126/3126/3126 3105/3105/3105
f 3105/3105/3105 3126/3126/3126 3106/3106/3106
f 3126/3126/3126 3127/3127/3127 3106/3106/3106
f 3106/3106/3106 3127/3127/3127 3107/3107/3107
f 3127/3127/3127 3128/3128/3128 3107/3107/3107
f 3107/3107/3107 3128/3128/3128 3108/3108/3108
f 3128/3128/3128 3129/3129/3129 3108/3108/3108
f 3108/3108/3108 3129/3129/3129 3109/3109/3109
f 3129/3129/3129 3130/3130/3130 3109/3109/3109
f 3109/3109/3109 3130/3130/3130 3110/3110/3110
f 3130/3130/3130 3131/3131/3131 3110/3110/3110
f 3110/3110/3110 3131/3131/3131 3111/3111/3111
f 3131/3131/3131 3132/3132/3132 3111/3111/3111
f 3111/3111/3111 3132/3132/3132 3112/3112/3112
f 3132/3132/3132 3133/3133/3133 3112/3112/3112
f 3112/3112/3112 3133/3133/3133 3113/3113/3113
f 3133/3133/3133 3134/3134/3134 3113/3113/3113
f 3155/3155/3155 3156/3156/3156 3135/3135/3135
f 3156/3156/3156 3157/3157/3157 3136/3136/3136
f 3157/3157/3157 3158/3158/3158 3137/3137/3137
f 3158/3158/3158 3159/3159/3159 3138/3138/3138
f 3159/3159/3159 3160/3160/3160 3139/3139/3139
f 3160/3160/3160 3161/3161/3161 3140/3140/3140
f 3161/3161/3161 3162/3162/3162 3141/3141/3141
f 3162/3162/3162 3163/3163/3163 3142/3142/3142
f 3163/3163/3163 3164/3164/3164 3143/3143/3143
f 3164/3164/3164 3165/3165/3165 3144/3144/3144
f 3165/3165/3165 3166/3166/3166 3145/3145/3145
f 3166/3166/3166 3167/3167/3167 3146/3146/3146
f 3167/3167/3167 3168/3168/3168 3147/3147/3147
f 3168/3168/3168 3169/3169/3169 3148/3148/3148
f 3169/3169/3169 3170/3170/3170 3149/3149/3149
f 3170/3170/3170 3171/3171/3171 3150/3150/3150
f 3171/3171/3171 3172/3172/3172 3151/3151/3151
f 3172/3172/3172 3173/3173/3173 3152/3152/3152
f 3173/3173/3173 3174/3174/3174 3153/3153/3153
f 3174/3174/3174 3175/3175/3175 3154/3154/3154
f 3197/3197/3197 3196/3196/3196 3176/3176/3176
f 3198/3198/3198 3197/3197/3197 3177/3177/3177
f 3199/3199/3199 3198/3198/3198 3178/3178/3178
f 3200/3200/3200 3199/3199/3199 3179/3179/3179
f 3201/3201/3201 3200/3200/3200 3180/3180/3180
f 3202/3202/3202 3201/3201/3201 3181/3181/3181
f 3203/3203/3203 3202/3202/3202 3182/3182/3182
f 3204/3204/3204 3203/3203/3203 3183/3183/3183
f 3205/3205/3205 3204/3204/3204 3184/3184/3184
f 3206/3206/3206 3205/3205/3205 3185/3185/3185
f 3207/3207/3207 3206/3206/3206 3186/3186/3186
f 3208/3208/3208 3207/3207/3207 3187/3187/3187
f 3209/3209/3209 3208/3208/3208 3188/3188/3188
f 3210/3210/3210 3209/3209/3209 3189/3189/3189
f 3211/3211/3211 3210/3210/3210 3190/3190/3190
f 3212/3212/3212 3211/3211/3211 3191/3191/3191
f 3213/3213/3213 3212/3212/3212 3192/3192/3192
f 3214/3214/3214 3213/3213/3213 3193/3193/3193
f 3215/3215/3215 3214/3214/3214 3194/3194/3194
f 3216/3216/3216 3215/3215/3215 3195/3195/3195
o storage_rack_a
usemtl cabinet
v -2.479999997019768 1.5 2.125
v -2.479999997019768 1.5 0.625
v -2.479999997019768 0 2.125
v -2.479999997019768 0 0.625
v -2.8800000029802324 1.5 0.625
v -2.8800000029802324 1.5 2.125
v -2.8800000029802324 0 0.625
v -2.8800000029802324 0 2.125
v -2.8800000029802324 1.5 0.625
v -2.479999997019768 1.5 0.625
v -2.8800000029802324 1.5 2.125
v -2.479999997019768 1.5 2.125
v -2.8800000029802324 0 2.125
v -2.479999997019768 0 2.125
v -2.8800000029802324 0 0.625
v -2.479999997019768 0 0.625
v -2.8800000029802324 1.5 2.125
v -2.479999997019768 1.5 2.125
v -2.8800000029802324 0 2.125
v -2.479999997019768 0 2.125
v -2.479999997019768 1.5 0.625
v -2.8800000029802324 1.5 0.625
v -2.479999997019768 0 0.625
v -2.8800000029802324 0 0.625
vt 0 1
vt 1 1
vt 0 0
vt 1 0
vt 0 1
vt 1 1
vt 0 0
vt 1 0
vt 0 1
vt 1 1
vt 0 0
vt 1 0
vt 0 1
vt 1 1
vt 0 0
vt 1 0
vt 0 1
vt 1 1
vt 0 0
vt 1 0
vt 0 1
vt 1 1
vt 0 0
vt 1 0
vn 1 0 0
vn 1 0 0
vn 1 0 0
vn 1 0 0
vn -1 0 0
vn -1 0 0
vn -1 0 0
vn -1 0 0
vn 0 1 0
vn 0 1 0
vn 0 1 0
vn 0 1 0
vn 0 -1 0
vn 0 -1 0
vn 0 -1 0
vn 0 -1 0
vn 0 0 1
vn 0 0 1
vn 0 0 1
vn 0 0 1
vn 0 0 -1
vn 0 0 -1
vn 0 0 -1
vn 0 0 -1
f 3217/3217/3217 3219/3219/3219 3218/3218/3218
f 3219/3219/3219 3220/3220/3220 3218/3218/3218
f 3221/3221/3221 3223/3223/3223 3222/3222/3222
f 3223/3223/3223 3224/3224/3224 3222/3222/3222
f 3225/3225/3225 3227/3227/3227 3226/3226/3226
f 3227/3227/3227 3228/3228/3228 3226/3226/3226
f 3229/3229/3229 3231/3231/3231 3230/3230/3230
f 3231/3231/3231 3232/3232/3232 3230/3230/3230
f 3233/3233/3233 3235/3235/3235 3234/3234/3234
f 3235/3235/3235 3236/3236/3236 3234/3234/3234
f 3237/3237/3237 3239/3239/3239 3238/3238/3238
f 3239/3239/3239 3240/3240/3240 3238/3238/3238
o storage_rack_b
usemtl cabinet
v -1.4799999916553497 1.5 0.9850000029802323
v -1.4799999916553497 1.5 0.5849999970197678
v -1.4799999916553497 0 0.9850000029802323
v -1.4799999916553497 0 0.5849999970197678
v -2.40000000834465 1.5 0.5849999970197678
v -2.40000000834465 1.5 0.9850000029802323
v -2.40000000834465 0 0.5849999970197678
v -2.40000000834465 0 0.9850000029802323
v -2.40000000834465 1.5 0.5849999970197678
v -1.4799999916553497 1.5 0.5849999970197678
v -2.40000000834465 1.5 0.9850000029802323
v -1.4799999916553497 1.5 0.9850000029802323
v -2.40000000834465 0 0.9850000029802323
v -1.4799999916553497 0 0.9850000029802323
v -2.40000000834465 0 0.5849999970197678
v -1.4799999916553497 0 0.5849999970197678
v -2.40000000834465 1.5 0.9850000029802323
v -1.4799999916553497 1.5 0.9850000029802323
v -2.40000000834465 0 0.9850000029802323
v -1.4799999916553497 0 0.9850000029802323
v -1.4799999916553497 1.5 0.5849999970197678
v -2.40000000834465 1.5 0.5849999970197678
v -1.4799999916553497 0 0.5849999970197678
v -2.40000000834465 0 0.5849999970197678
vt 0 1
vt 1 1
vt 0 0
vt 1 0
vt 0 1
vt 1 1
vt 0 0
vt 1 0
vt 0 1
vt 1 1
vt 0 0
vt 1 0
vt 0 1
vt 1 1
vt 0 0
vt 1 0
vt 0 1
vt 1 1
vt 0 0
vt 1 0
vt 0 1
vt 1 1
vt 0 0
vt 1 0
vn 1 0 0
vn 1 0 0
vn 1 0 0
vn 1 0 0
vn -1 0 0
vn -1 0 0
vn -1 0 0
vn -1 0 0
vn 0 1 0
vn 0 1 0
vn 0 1 0
vn 0 1 0
vn 0 -1 0
vn 0 -1 0
vn 0 -1 0
vn 0 -1 0
vn 0 0 1
vn 0 0 1
vn 0 0 1
vn 0 0 1
vn 0 0 -1
vn 0 0 -1
vn 0 0 -1
vn 0 0 -1
f 3241/3241/3241 3243/3243/3243 3242/3242/3242
f 3243/3243/3243 3244/3244/3244 3242/3242/3242
f 3245/3245/3245 3247/3247/3247 3246/3246/3246
f 3247/3247/3247 3248/3248/3248 3246/3246/3246
f 3249/3249/3249 3251/3251/3251 3250/3250/3250
f 3251/3251/3251 3252/3252/3252 3250/3250/3250
f 3253/3253/3253 3255/3255/3255 3254/3254/3254
f 3255/3255/3255 3256/3256/3256 3254/3254/3254
f 3257/3257/3257 3259/3259/3259 3258/3258/3258
f 3259/3259/3259 3260/3260/3260 3258/3258/3258
f 3261/3261/3261 3263/3263/3263 3262/3262/3262
f 3263/3263/3263 3264/3264/3264 3262/3262/3262
o storage_rack_a_shelf_0
usemtl steel
v -2.460000001192093 0.4699999996647239 2.125
v -2.460000001192093 0.4699999996647239 0.625
v -2.460000001192093 0.44000000033527614 2.125
v -2.460000001192093 0.44000000033527614 0.625
v -2.8999999988079073 0.4699999996647239 0.625
v -2.8999999988079073 0.4699999996647239 2.125
v -2.8999999988079073 0.44000000033527614 0.625
v -2.8999999988079073 0.44000000033527614 2.125
v -2.8999999988079073 0.4699999996647239 0.625
v -2.460000001192093 0.4699999996647239 0.625
v -2.8999999988079073 0.4699999996647239 2.125
v -2.460000001192093 0.4699999996647239 2.125
v -2.8999999988079073 0.44000000033527614 2.125
v -2.460000001192093 0.44000000033527614 2.125
v -2.8999999988079073 0.44000000033527614 0.625
v -2.460000001192093 0.44000000033527614 0.625
v -2.8999999988079073 0.4699999996647239 2.125
v -2.460000001192093 0.4699999996647239 2.125
v -2.8999999988079073 0.44000000033527614 2.125
v -2.460000001192093 0.44000000033527614 2.125
v -2.460000001192093 0.4699999996647239 0.625
v -2.8999999988079073 0.4699999996647239 0.625
v -2.460000001192093 0.44000000033527614 0.625
v -2.8999999988079073 0.44000000033527614 0.625
vt 0 1
vt 1 1
vt 0 0
vt 1 0
vt 0 1
vt 1 1
vt 0 0
vt 1 0
vt 0 1
vt 1 1
vt 0 0
vt 1 0
vt 0 1
vt 1 1
vt 0 0
vt 1 0
vt 0 1
vt 1 1
vt 0 0
vt 1 0
vt 0 1
vt 1 1
vt 0 0
vt 1 0
vn 1 0 0
vn 1 0 0
vn 1 0 0
vn 1 0 0
vn -1 0 0
vn -1 0 0
vn -1 0 0
vn -1 0 0
vn 0 1 0
vn 0 1 0
vn 0 1 0
vn 0 1 0
vn 0 -1 0
vn 0 -1 0
vn 0 -1 0
vn 0 -1 0
vn 0 0 1
vn 0 0 1
vn 0 0 1
vn 0 0 1
vn 0 0 -1
vn 0 0 -1
vn 0 0 -1
vn 0 0 -1
f 3265/3265/3265 3267/3267/3267 3266/3266/3266
f 3267/3267/3267 3268/3268/3268 3266/3266/3266
f 3269/3269/3269 3271/3271/3271 3270/3270/3270
f 3271/3271/3271 3272/3272/3272 3270/3270/3270
f 3273/3273/3273 3275/3275/3275 3274/3274/3274
f 3275/3275/3275 3276/3276/3276 3274/3274/3274
f 3277/3277/3277 3279/3279/3279 3278/3278/3278
f 3279/3279/3279 3280/3280/3280 3278/3278/3278
f 3281/3281/3281 3283/3283/3283 3282/3282/3282
f 3283/3283/3283 3284/3284/3284 3282/3282/3282
f 3285/3285/3285 3287/3287/3287 3286/3286/3286
f 3287/3287/3287 3288/3288/3288 3286/3286/3286
o storage_rack_b_shelf_0
usemtl steel
v -1.4799999916553497 0.4699999996647239 1.0049999988079072
v -1.4799999916553497 0.4699999996647239 0.5650000011920929
v -1.4799999916553497 0.44000000033527614 1.0049999988079072
v -1.4799999916553497 0.44000000033527614 0.5650000011920929
v -2.40000000834465 0.4699999996647239 0.5650000011920929
v -2.40000000834465 0.4699999996647239 1.0049999988079072
v -2.40000000834465 0.44000000033527614 0.5650000011920929
v -2.40000000834465 0.44000000033527614 1.0049999988079072
v -2.40000000834465 0.4699999996647239 0.5650000011920929
v -1.4799999916553497 0.4699999996647239 0.5650000011920929
v -2.40000000834465 0.4699999996647239 1.0049999988079072
v -1.4799999916553497 0.4699999996647239 1.0049999988079072
v -2.40000000834465 0.44000000033527614 1.0049999988079072
v -1.4799999916553497 0.44000000033527614 1.0049999988079072
v -2.40000000834465 0.44000000033527614 0.5650000011920929
v -1.4799999916553497 0.44000000033527614 0.5650000011920929
v -2.40000000834465 0.4699999996647239 1.0049999988079072
v -1.4799999916553497 0.4699999996647239 1.0049999988079072
v -2.40000000834465 0.44000000033527614 1.0049999988079072
v -1.4799999916553497 0.44000000033527614 1.0049999988079072
v -1.4799999916553497 0.4699999996647239 0.5650000011920929
v -2.40000000834465 0.4699999996647239 0.5650000011920929
v -1.4799999916553497 0.44000000033527614 0.5650000011920929
v -2.40000000834465 0.44000000033527614 0.5650000011920929
vt 0 1
vt 1 1
vt 0 0
vt 1 0
vt 0 1
vt 1 1
vt 0 0
vt 1 0
vt 0 1
vt 1 1
vt 0 0
vt 1 0
vt 0 1
vt 1 1
vt 0 0
vt 1 0
vt 0 1
vt 1 1
vt 0 0
vt 1 0
vt 0 1
vt 1 1
vt 0 0
vt 1 0
vn 1 0 0
vn 1 0 0
vn 1 0 0
vn 1 0 0
vn -1 0 0
vn -1 0 0
vn -1 0 0
vn -1 0 0
vn 0 1 0
vn 0 1 0
vn 0 1 0
vn 0 1 0
vn 0 -1 0
vn 0 -1 0
vn 0 -1 0
vn 0 -1 0
vn 0 0 1
vn 0 0 1
vn 0 0 1
vn 0 0 1
vn 0 0 -1
vn 0 0 -1
vn 0 0 -1
vn 0 0 -1
f 3289/3289/3289 3291/3291/3291 3290/3290/3290
f 3291/3291/3291 3292/3292/3292 3290/3290/3290
f 3293/3293/3293 3295/3295/3295 3294/3294/3294
f 3295/3295/3295 3296/3296/3296 3294/3294/3294
f 3297/3297/3297 3299/3299/3299 3298/3298/3298
f 3299/3299/3299 3300/3300/3300 3298/3298/3298
f 3301/3301/3301 3303/3303/3303 3302/3302/3302
f 3303/3303/3303 3304/3304/3304 3302/3302/3302
f 3305/3305/3305 3307/3307/3307 3306/3306/3306
f 3307/3307/3307 3308/3308/3308 3306/3306/3306
f 3309/3309/3309 3311/3311/3311 3310/3310/3310
f 3311/3311/3311 3312/3312/3312 3310/3310/3310
o storage_rack_a_shelf_1
usemtl steel
v -2.460000001192093 0.8899999996647239 2.125
v -2.460000001192093 0.8899999996647239 0.625
v -2.460000001192093 0.8600000003352761 2.125
v -2.460000001192093 0.8600000003352761 0.625
v -2.8999999988079073 0.8899999996647239 0.625
v -2.8999999988079073 0.8899999996647239 2.125
v -2.8999999988079073 0.8600000003352761 0.625
v -2.8999999988079073 0.8600000003352761 2.125
v -2.8999999988079073 0.8899999996647239 0.625
v -2.460000001192093 0.8899999996647239 0.625
v -2.8999999988079073 0.8899999996647239 2.125
v -2.460000001192093 0.8899999996647239 2.125
v -2.8999999988079073 0.8600000003352761 2.125
v -2.460000001192093 0.8600000003352761 2.125
v -2.8999999988079073 0.8600000003352761 0.625
v -2.460000001192093 0.8600000003352761 0.625
v -2.8999999988079073 0.8899999996647239 2.125
v -2.460000001192093 0.8899999996647239 2.125
v -2.8999999988079073 0.8600000003352761 2.125
v -2.460000001192093 0.8600000003352761 2.125
v -2.460000001192093 0.8899999996647239 0.625
v -2.8999999988079073 0.8899999996647239 0.625
v -2.460000001192093 0.8600000003352761 0.625
v -2.8999999988079073 0.8600000003352761 0.625
vt 0 1
vt 1 1
vt 0 0
vt 1 0
vt 0 1
vt 1 1
vt 0 0
vt 1 0
vt 0 1
vt 1 1
vt 0 0
vt 1 0
vt 0 1
vt 1 1
vt 0 0
vt 1 0
vt 0 1
vt 1 1
vt 0 0
vt 1 0
vt 0 1
vt 1 1
vt 0 0
vt 1 0
vn 1 0 0
vn 1 0 0
vn 1 0 0
vn 1 0 0
vn -1 0 0
vn -1 0 0
vn -1 0 0
vn -1 0 0
vn 0 1 0
vn 0 1 0
vn 0 1 0
vn 0 1 0
vn 0 -1 0
vn 0 -1 0
vn 0 -1 0
vn 0 -1 0
vn 0 0 1
vn 0 0 1
vn 0 0 1
vn 0 0 1
vn 0 0 -1
vn 0 0 -1
vn 0 0 -1
vn 0 0 -1
f 3313/3313/3313 3315/3315/3315 3314/3314/3314
f 3315/3315/3315 3316/3316/3316 3314/3314/3314
f 3317/3317/3317 3319/3319/3319 3318/3318/3318
f 3319/3319/3319 3320/3320/3320 3318/3318/3318
f 3321/3321/3321 3323/3323/3323 3322/3322/3322
f 3323/3323/3323 3324/3324/3324 3322/3322/3322
f 3325/3325/3325 3327/3327/3327 3326/3326/3326
f 3327/3327/3327 3328/3328/3328 3326/3326/3326
f 3329/3329/3329 3331/3331/3331 3330/3330/3330
f 3331/3331/3331 3332/3332/3332 3330/3330/3330
f 3333/3333/3333 3335/3335/3335 3334/3334/3334
f 3335/3335/3335 3336/3336/3336 3334/3334/3334
o storage_rack_b_shelf_1
usemtl steel
v -1.4799999916553497 0.8899999996647239 1.0049999988079072
v -1.4799999916553497 0.8899999996647239 0.5650000011920929
v -1.4799999916553497 0.8600000003352761 1.0049999988079072
v -1.4799999916553497 0.8600000003352761 0.5650000011920929
v -2.40000000834465 0.8899999996647239 0.5650000011920929
v -2.40000000834465 0.8899999996647239 1.0049999988079072
v -2.40000000834465 0.8600000003352761 0.5650000011920929
v -2.40000000834465 0.8600000003352761 1.0049999988079072
v -2.40000000834465 0.8899999996647239 0.5650000011920929
v -1.4799999916553497 0.8899999996647239 0.5650000011920929
v -2.40000000834465 0.8899999996647239 1.0049999988079072
v -1.4799999916553497 0.8899999996647239 1.0049999988079072
v -2.40000000834465 0.8600000003352761 1.0049999988079072
v -1.4799999916553497 0.8600000003352761 1.0049999988079072
v -2.40000000834465 0.8600000003352761 0.5650000011920929
v -1.4799999916553497 0.8600000003352761 0.5650000011920929
v -2.40000000834465 0.8899999996647239 1.0049999988079072
v -1.4799999916553497 0.8899999996647239 1.0049999988079072
v -2.40000000834465 0.8600000003352761 1.0049999988079072
v -1.4799999916553497 0.8600000003352761 1.0049999988079072
v -1.4799999916553497 0.8899999996647239 0.5650000011920929
v -2.40000000834465 0.8899999996647239 0.5650000011920929
v -1.4799999916553497 0.8600000003352761 0.5650000011920929
v -2.40000000834465 0.8600000003352761 0.5650000011920929
vt 0 1
vt 1 1
vt 0 0
vt 1 0
vt 0 1
vt 1 1
vt 0 0
vt 1 0
vt 0 1
vt 1 1
vt 0 0
vt 1 0
vt 0 1
vt 1 1
vt 0 0
vt 1 0
vt 0 1
vt 1 1
vt 0 0
vt 1 0
vt 0 1
vt 1 1
vt 0 0
vt 1 0
vn 1 0 0
vn 1 0 0
vn 1 0 0
vn 1 0 0
vn -1 0 0
vn -1 0 0
vn -1 0 0
vn -1 0 0
vn 0 1 0
vn 0 1 0
vn 0 1 0
vn 0 1 0
vn 0 -1 0
vn 0 -1 0
vn 0 -1 0
vn 0 -1 0
vn 0 0 1
vn 0 0 1
vn 0 0 1
vn 0 0 1
vn 0 0 -1
vn 0 0 -1
vn 0 0 -1
vn 0 0 -1
f 3337/3337/3337 3339/3339/3339 3338/3338/3338
f 3339/3339/3339 3340/3340/3340 3338/3338/3338
f 3341/3341/3341 3343/3343/3343 3342/3342/3342
f 3343/3343/3343 3344/3344/3344 3342/3342/3342
f 3345/3345/3345 3347/3347/3347 3346/3346/3346
f 3347/3347/3347 3348/3348/3348 3346/3346/3346
f 3349/3349/3349 3351/3351/3351 3350/3350/3350
f 3351/3351/3351 3352/3352/3352 3350/3350/3350
f 3353/3353/3353 3355/3355/3355 3354/3354/3354
f 3355/3355/3355 3356/3356/3356 3354/3354/3354
f 3357/3357/3357 3359/3359/3359 3358/3358/3358
f 3359/3359/3359 3360/3360/3360 3358/3358/3358
o storage_rack_a_shelf_2
usemtl steel
v -2.460000001192093 1.3099999996647238 2.125
v -2.460000001192093 1.3099999996647238 0.625
v -2.460000001192093 1.280000000335276 2.125
v -2.460000001192093 1.280000000335276 0.625
v -2.8999999988079073 1.3099999996647238 0.625
v -2.8999999988079073 1.3099999996647238 2.125
v -2.8999999988079073 1.280000000335276 0.625
v -2.8999999988079073 1.280000000335276 2.125
v -2.8999999988079073 1.3099999996647238 0.625
v -2.460000001192093 1.3099999996647238 0.625
v -2.8999999988079073 1.3099999996647238 2.125
v -2.460000001192093 1.3099999996647238 2.125
v -2.8999999988079073 1.280000000335276 2.125
v -2.460000001192093 1.280000000335276 2.125
v -2.8999999988079073 1.280000000335276 0.625
v -2.460000001192093 1.280000000335276 0.625
v -2.8999999988079073 1.3099999996647238 2.125
v -2.460000001192093 1.3099999996647238 2.125
v -2.8999999988079073 1.280000000335276 2.125
v -2.460000001192093 1.280000000335276 2.125
v -2.460000001192093 1.3099999996647238 0.625
v -2.8999999988079073 1.3099999996647238 0.625
v -2.460000001192093 1.280000000335276 0.625
v -2.8999999988079073 1.280000000335276 0.625
vt 0 1
vt 1 1
vt 0 0
vt 1 0
vt 0 1
vt 1 1
vt 0 0
vt 1 0
vt 0 1
vt 1 1
vt 0 0
vt 1 0
vt 0 1
vt 1 1
vt 0 0
vt 1 0
vt 0 1
vt 1 1
vt 0 0
vt 1 0
vt 0 1
vt 1 1
vt 0 0
vt 1 0
vn 1 0 0
vn 1 0 0
vn 1 0 0
vn 1 0 0
vn -1 0 0
vn -1 0 0
vn -1 0 0
vn -1 0 0
vn 0 1 0
vn 0 1 0
vn 0 1 0
vn 0 1 0
vn 0 -1 0
vn 0 -1 0
vn 0 -1 0
vn 0 -1 0
vn 0 0 1
vn 0 0 1
vn 0 0 1
vn 0 0 1
vn 0 0 -1
vn 0 0 -1
vn 0 0 -1
vn 0 0 -1
f 3361/3361/3361 3363/3363/3363 3362/3362/3362
f 3363/3363/3363 3364/3364/3364 3362/3362/3362
f 3365/3365/3365 3367/3367/3367 3366/3366/3366
f 3367/3367/3367 3368/3368/3368 3366/3366/3366
f 3369/3369/3369 3371/3371/3371 3370/3370/3370
f 3371/3371/3371 3372/3372/3372 3370/3370/3370
f 3373/3373/3373 3375/3375/3375 3374/3374/3374
f 3375/3375/3375 3376/3376/3376 3374/3374/3374
f 3377/3377/3377 3379/3379/3379 3378/3378/3378
f 3379/3379/3379 3380/3380/3380 3378/3378/3378
f 3381/3381/3381 3383/3383/3383 3382/3382/3382
f 3383/3383/3383 3384/3384/3384 3382/3382/3382
o storage_rack_b_shelf_2
usemtl steel
v -1.4799999916553497 1.3099999996647238 1.0049999988079072
v -1.4799999916553497 1.3099999996647238 0.5650000011920929
v -1.4799999916553497 1.280000000335276 1.0049999988079072
v -1.4799999916553497 1.280000000335276 0.5650000011920929
v -2.40000000834465 1.3099999996647238 0.5650000011920929
v -2.40000000834465 1.3099999996647238 1.0049999988079072
v -2.40000000834465 1.280000000335276 0.5650000011920929
v -2.40000000834465 1.280000000335276 1.0049999988079072
v -2.40000000834465 1.3099999996647238 0.5650000011920929
v -1.4799999916553497 1.3099999996647238 0.5650000011920929
v -2.40000000834465 1.3099999996647238 1.0049999988079072
v -1.4799999916553497 1.3099999996647238 1.0049999988079072
v -2.40000000834465 1.280000000335276 1.0049999988079072
v -1.4799999916553497 1.280000000335276 1.0049999988079072
v -2.40000000834465 1.280000000335276 0.5650000011920929
v -1.4799999916553497 1.280000000335276 0.5650000011920929
v -2.40000000834465 1.3099999996647238 1.0049999988079072
v -1.4799999916553497 1.3099999996647238 1.0049999988079072
v -2.40000000834465 1.280000000335276 1.0049999988079072
v -1.4799999916553497 1.280000000335276 1.0049999988079072
v -1.4799999916553497 1.3099999996647238 0.5650000011920929
v -2.40000000834465 1.3099999996647238 0.5650000011920929
v -1.4799999916553497 1.280000000335276 0.5650000011920929
v -2.40000000834465 1.280000000335276 0.5650000011920929
vt 0 1
vt 1 1
vt 0 0
vt 1 0
vt 0 1
vt 1 1
vt 0 0
vt 1 0
vt 0 1
vt 1 1
vt 0 0
vt 1 0
vt 0 1
vt 1 1
vt 0 0
vt 1 0
vt 0 1
vt 1 1
vt 0 0
vt 1 0
vt 0 1
vt 1 1
vt 0 0
vt 1 0
vn 1 0 0
vn 1 0 0
vn 1 0 0
vn 1 0 0
vn -1 0 0
vn -1 0 0
vn -1 0 0
vn -1 0 0
vn 0 1 0
vn 0 1 0
vn 0 1 0
vn 0 1 0
vn 0 -1 0
vn 0 -1 0
vn 0 -1 0
vn 0 -1 0
vn 0 0 1
vn 0 0 1
vn 0 0 1
vn 0 0 1
vn 0 0 -1
vn 0 0 -1
vn 0 0 -1
vn 0 0 -1
f 3385/3385/3385 3387/3387/3387 3386/3386/3386
f 3387/3387/3387 3388/3388/3388 3386/3386/3386
f 3389/3389/3389 3391/3391/3391 3390/3390/3390
f 3391/3391/3391 3392/3392/3392 3390/3390/3390
f 3393/3393/3393 3395/3395/3395 3394/3394/3394
f 3395/3395/3395 3396/3396/3396 3394/3394/3394
f 3397/3397/3397 3399/3399/3399 3398/3398/3398
f 3399/3399/3399 3400/3400/3400 3398/3398/3398
f 3401/3401/3401 3403/3403/3403 3402/3402/3402
f 3403/3403/3403 3404/3404/3404 3402/3402/3402
f 3405/3405/3405 3407/3407/3407 3406/3406/3406
f 3407/3407/3407 3408/3408/3408 3406/3406/3406
o storage_records_cabinet
usemtl equip_dark
v -1.4800000035762786 1.100000011920929 2.125
v -1.4800000035762786 1.100000011920929 1.625
v -1.4800000035762786 -1.1920928910669204e-8 2.125
v -1.4800000035762786 -1.1920928910669204e-8 1.625
v -2.049999996423721 1.100000011920929 1.625
v -2.049999996423721 1.100000011920929 2.125
v -2.049999996423721 -1.1920928910669204e-8 1.625
v -2.049999996423721 -1.1920928910669204e-8 2.125
v -2.049999996423721 1.100000011920929 1.625
v -1.4800000035762786 1.100000011920929 1.625
v -2.049999996423721 1.100000011920929 2.125
v -1.4800000035762786 1.100000011920929 2.125
v -2.049999996423721 -1.1920928910669204e-8 2.125
v -1.4800000035762786 -1.1920928910669204e-8 2.125
v -2.049999996423721 -1.1920928910669204e-8 1.625
v -1.4800000035762786 -1.1920928910669204e-8 1.625
v -2.049999996423721 1.100000011920929 2.125
v -1.4800000035762786 1.100000011920929 2.125
v -2.049999996423721 -1.1920928910669204e-8 2.125
v -1.4800000035762786 -1.1920928910669204e-8 2.125
v -1.4800000035762786 1.100000011920929 1.625
v -2.049999996423721 1.100000011920929 1.625
v -1.4800000035762786 -1.1920928910669204e-8 1.625
v -2.049999996423721 -1.1920928910669204e-8 1.625
vt 0 1
vt 1 1
vt 0 0
vt 1 0
vt 0 1
vt 1 1
vt 0 0
vt 1 0
vt 0 1
vt 1 1
vt 0 0
vt 1 0
vt 0 1
vt 1 1
vt 0 0
vt 1 0
vt 0 1
vt 1 1
vt 0 0
vt 1 0
vt 0 1
vt 1 1
vt 0 0
vt 1 0
vn 1 0 0
vn 1 0 0
vn 1 0 0
vn 1 0 0
vn -1 0 0
vn -1 0 0
vn -1 0 0
vn -1 0 0
vn 0 1 0
vn 0 1 0
vn 0 1 0
vn 0 1 0
vn 0 -1 0
vn 0 -1 0
vn 0 -1 0
vn 0 -1 0
vn 0 0 1
vn 0 0 1
vn 0 0 1
vn 0 0 1
vn 0 0 -1
vn 0 0 -1
vn 0 0 -1
vn 0 0 -1
f 3409/3409/3409 3411/3411/3411 3410/3410/3410
f 3411/3411/3411 3412/3412/3412 3410/3410/3410
f 3413/3413/3413 3415/3415/3415 3414/3414/3414
f 3415/3415/3415 3416/3416/3416 3414/3414/3414
f 3417/3417/3417 3419/3419/3419 3418/3418/3418
f 3419/3419/3419 3420/3420/3420 3418/3418/3418
f 3421/3421/3421 3423/3423/3423 3422/3422/3422
f 3423/3423/3423 3424/3424/3424 3422/3422/3422
f 3425/3425/3425 3427/3427/3427 3426/3426/3426
f 3427/3427/3427 3428/3428/3428 3426/3426/3426
f 3429/3429/3429 3431/3431/3431 3430/3430/3430
f 3431/3431/3431 3432/3432/3432 3430/3430/3430
o phleb_chair_seat
usemtl seat
v -0.34999998807907107 0.5999999986588955 1.775000011920929
v -0.34999998807907107 0.5999999986588955 1.1749999880790711
v -0.34999998807907107 0.48000000134110454 1.775000011920929
v -0.34999998807907107 0.48000000134110454 1.1749999880790711
v -0.950000011920929 0.5999999986588955 1.1749999880790711
v -0.950000011920929 0.5999999986588955 1.775000011920929
v -0.950000011920929 0.48000000134110454 1.1749999880790711
v -0.950000011920929 0.48000000134110454 1.775000011920929
v -0.950000011920929 0.5999999986588955 1.1749999880790711
v -0.34999998807907107 0.5999999986588955 1.1749999880790711
v -0.950000011920929 0.5999999986588955 1.775000011920929
v -0.34999998807907107 0.5999999986588955 1.775000011920929
v -0.950000011920929 0.48000000134110454 1.775000011920929
v -0.34999998807907107 0.48000000134110454 1.775000011920929
v -0.950000011920929 0.48000000134110454 1.1749999880790711
v -0.34999998807907107 0.48000000134110454 1.1749999880790711
v -0.950000011920929 0.5999999986588955 1.775000011920929
v -0.34999998807907107 0.5999999986588955 1.775000011920929
v -0.950000011920929 0.48000000134110454 1.775000011920929
v -0.34999998807907107 0.48000000134110454 1.775000011920929
v -0.34999998807907107 0.5999999986588955 1.1749999880790711
v -0.950000011920929 0.5999999986588955 1.1749999880790711
v -0.34999998807907107 0.48000000134110454 1.1749999880790711
v -0.950000011920929 0.48000000134110454 1.1749999880790711
vt 0 1
vt 1 1
vt 0 0
vt 1 0
vt 0 1
vt 1 1
vt 0 0
vt 1 0
vt 0 1
vt 1 1
vt 0 0
vt 1 0
vt 0 1
vt 1 1
vt 0 0
vt 1 0
vt 0 1
vt 1 1
vt 0 0
vt 1 0
vt 0 1
vt 1 1
vt 0 0
vt 1 0
vn 1 0 0
vn 1 0 0
vn 1 0 0
vn 1 0 0
vn -1 0 0
vn -1 0 0
vn -1 0 0
vn -1 0 0
vn 0 1 0
vn 0 1 0
vn 0 1 0
vn 0 1 0
vn 0 -1 0
vn 0 -1 0
vn 0 -1 0
vn 0 -1 0
vn 0 0 1
vn 0 0 1
vn 0 0 1
vn 0 0 1
vn 0 0 -1
vn 0 0 -1
vn 0 0 -1
vn 0 0 -1
f 3433/3433/3433 3435/3435/3435 3434/3434/3434
f 3435/3435/3435 3436/3436/3436 3434/3434/3434
f 3437/3437/3437 3439/3439/3439 3438/3438/3438
f 3439/3439/3439 3440/3440/3440 3438/3438/3438
f 3441/3441/3441 3443/3443/3443 3442/3442/3442
f 3443/3443/3443 3444/3444/3444 3442/3442/3442
f 3445/3445/3445 3447/3447/3447 3446/3446/3446
f 3447/3447/3447 3448/3448/3448 3446/3446/3446
f 3449/3449/3449 3451/3451/3451 3450/3450/3450
f 3451/3451/3451 3452/3452/3452 3450/3450/3450
f 3453/3453/3453 3455/3455/3455 3454/3454/3454
f 3455/3455/3455 3456/3456/3456 3454/3454/3454
o phleb_chair_back
usemtl seat
v -0.34999998807907107 1.220000002384186 1.835000000745058
v -0.34999998807907107 1.220000002384186 1.7349999992549419
v -0.34999998807907107 0.5999999976158142 1.835000000745058
v -0.34999998807907107 0.5999999976158142 1.7349999992549419
v -0.950000011920929 1.220000002384186 1.7349999992549419
v -0.950000011920929 1.220000002384186 1.835000000745058
v -0.950000011920929 0.5999999976158142 1.7349999992549419
v -0.950000011920929 0.5999999976158142 1.835000000745058
v -0.950000011920929 1.220000002384186 1.7349999992549419
v -0.34999998807907107 1.220000002384186 1.7349999992549419
v -0.950000011920929 1.220000002384186 1.835000000745058
v -0.34999998807907107 1.220000002384186 1.835000000745058
v -0.950000011920929 0.5999999976158142 1.835000000745058
v -0.34999998807907107 0.5999999976158142 1.835000000745058
v -0.950000011920929 0.5999999976158142 1.7349999992549419
v -0.34999998807907107 0.5999999976158142 1.7349999992549419
v -0.950000011920929 1.220000002384186 1.835000000745058
v -0.34999998807907107 1.220000002384186 1.835000000745058
v -0.950000011920929 0.5999999976158142 1.835000000745058
v -0.34999998807907107 0.5999999976158142 1.835000000745058
v -0.34999998807907107 1.220000002384186 1.7349999992549419
v -0.950000011920929 1.220000002384186 1.7349999992549419
v -0.34999998807907107 0.5999999976158142 1.7349999992549419
v -0.950000011920929 0.5999999976158142 1.7349999992549419
vt 0 1
vt 1 1
vt 0 0
vt 1 0
vt 0 1
vt 1 1
vt 0 0
vt 1 0
vt 0 1
vt 1 1
vt 0 0
vt 1 0
vt 0 1
vt 1 1
vt 0 0
vt 1 0
vt 0 1
vt 1 1
vt 0 0
vt 1 0
vt 0 1
vt 1 1
vt 0 0
vt 1 0
vn 1 0 0
vn 1 0 0
vn 1 0 0
vn 1 0 0
vn -1 0 0
vn -1 0 0
vn -1 0 0
vn -1 0 0
vn 0 1 0
vn 0 1 0
vn 0 1 0
vn 0 1 0
vn 0 -1 0
vn 0 -1 0
vn 0 -1 0
vn 0 -1 0
vn 0 0 1
vn 0 0 1
vn 0 0 1
vn 0 0 1
vn 0 0 -1
vn 0 0 -1
vn 0 0 -1
vn 0 0 -1
f 3457/3457/3457 3459/3459/3459 3458/3458/3458
f 3459/3459/3459 3460/3460/3460 3458/3458/3458
f 3461/3461/3461 3463/3463/3463 3462/3462/3462
f 3463/3463/3463 3464/3464/3464 3462/3462/3462
f 3465/3465/3465 3467/3467/3467 3466/3466/3466
f 3467/3467/3467 3468/3468/3468 3466/3466/3466
f 3469/3469/3469 3471/3471/3471 3470/3470/3470
f 3471/3471/3471 3472/3472/3472 3470/3470/3470
f 3473/3473/3473 3475/3475/3475 3474/3474/3474
f 3475/3475/3475 3476/3476/3476 3474/3474/3474
f 3477/3477/3477 3479/3479/3479 3478/3478/3478
f 3479/3479/3479 3480/3480/3480 3478/3478/3478
o phleb_chair_armL
usemtl equip_dark
v -0.9099999992549419 0.6999999991059304 1.735000011920929
v -0.9099999992549419 0.6999999991059304 1.134999988079071
v -0.9099999992549419 0.6200000008940697 1.735000011920929
v -0.9099999992549419 0.6200000008940697 1.134999988079071
v -1.010000000745058 0.6999999991059304 1.134999988079071
v -1.010000000745058 0.6999999991059304 1.735000011920929
v -1.010000000745058 0.6200000008940697 1.134999988079071
v -1.010000000745058 0.6200000008940697 1.735000011920929
v -1.010000000745058 0.6999999991059304 1.134999988079071
v -0.9099999992549419 0.6999999991059304 1.134999988079071
v -1.010000000745058 0.6999999991059304 1.735000011920929
v -0.9099999992549419 0.6999999991059304 1.735000011920929
v -1.010000000745058 0.6200000008940697 1.735000011920929
v -0.9099999992549419 0.6200000008940697 1.735000011920929
v -1.010000000745058 0.6200000008940697 1.134999988079071
v -0.9099999992549419 0.6200000008940697 1.134999988079071
v -1.010000000745058 0.6999999991059304 1.735000011920929
v -0.9099999992549419 0.6999999991059304 1.735000011920929
v -1.010000000745058 0.6200000008940697 1.735000011920929
v -0.9099999992549419 0.6200000008940697 1.735000011920929
v -0.9099999992549419 0.6999999991059304 1.134999988079071
v -1.010000000745058 0.6999999991059304 1.134999988079071
v -0.9099999992549419 0.6200000008940697 1.134999988079071
v -1.010000000745058 0.6200000008940697 1.134999988079071
vt 0 1
vt 1 1
vt 0 0
vt 1 0
vt 0 1
vt 1 1
vt 0 0
vt 1 0
vt 0 1
vt 1 1
vt 0 0
vt 1 0
vt 0 1
vt 1 1
vt 0 0
vt 1 0
vt 0 1
vt 1 1
vt 0 0
vt 1 0
vt 0 1
vt 1 1
vt 0 0
vt 1 0
vn 1 0 0
vn 1 0 0
vn 1 0 0
vn 1 0 0
vn -1 0 0
vn -1 0 0
vn -1 0 0
vn -1 0 0
vn 0 1 0
vn 0 1 0
vn 0 1 0
vn 0 1 0
vn 0 -1 0
vn 0 -1 0
vn 0 -1 0
vn 0 -1 0
vn 0 0 1
vn 0 0 1
vn 0 0 1
vn 0 0 1
vn 0 0 -1
vn 0 0 -1
vn 0 0 -1
vn 0 0 -1
f 3481/3481/3481 3483/3483/3483 3482/3482/3482
f 3483/3483/3483 3484/3484/3484 3482/3482/3482
f 3485/3485/3485 3487/3487/3487 3486/3486/3486
f 3487/3487/3487 3488/3488/3488 3486/3486/3486
f 3489/3489/3489 3491/3491/3491 3490/3490/3490
f 3491/3491/3491 3492/3492/3492 3490/3490/3490
f 3493/3493/3493 3495/3495/3495 3494/3494/3494
f 3495/3495/3495 3496/3496/3496 3494/3494/3494
f 3497/3497/3497 3499/3499/3499 3498/3498/3498
f 3499/3499/3499 3500/3500/3500 3498/3498/3498
f 3501/3501/3501 3503/3503/3503 3502/3502/3502
f 3503/3503/3503 3504/3504/3504 3502/3502/3502
o phleb_chair_armR
usemtl equip_dark
v -0.28999999925494196 0.6999999991059304 1.735000011920929
v -0.28999999925494196 0.6999999991059304 1.134999988079071
v -0.28999999925494196 0.6200000008940697 1.735000011920929
v -0.28999999925494196 0.6200000008940697 1.134999988079071
v -0.3900000007450581 0.6999999991059304 1.134999988079071
v -0.3900000007450581 0.6999999991059304 1.735000011920929
v -0.3900000007450581 0.6200000008940697 1.134999988079071
v -0.3900000007450581 0.6200000008940697 1.735000011920929
v -0.3900000007450581 0.6999999991059304 1.134999988079071
v -0.28999999925494196 0.6999999991059304 1.134999988079071
v -0.3900000007450581 0.6999999991059304 1.735000011920929
v -0.28999999925494196 0.6999999991059304 1.735000011920929
v -0.3900000007450581 0.6200000008940697 1.735000011920929
v -0.28999999925494196 0.6200000008940697 1.735000011920929
v -0.3900000007450581 0.6200000008940697 1.134999988079071
v -0.28999999925494196 0.6200000008940697 1.134999988079071
v -0.3900000007450581 0.6999999991059304 1.735000011920929
v -0.28999999925494196 0.6999999991059304 1.735000011920929
v -0.3900000007450581 0.6200000008940697 1.735000011920929
v -0.28999999925494196 0.6200000008940697 1.735000011920929
v -0.28999999925494196 0.6999999991059304 1.134999988079071
v -0.3900000007450581 0.6999999991059304 1.134999988079071
v -0.28999999925494196 0.6200000008940697 1.134999988079071
v -0.3900000007450581 0.6200000008940697 1.134999988079071
vt 0 1
vt 1 1
vt 0 0
vt 1 0
vt 0 1
vt 1 1
vt 0 0
vt 1 0
vt 0 1
vt 1 1
vt 0 0
vt 1 0
vt 0 1
vt 1 1
vt 0 0
vt 1 0
vt 0 1
vt 1 1
vt 0 0
vt 1 0
vt 0 1
vt 1 1
vt 0 0
vt 1 0
vn 1 0 0
vn 1 0 0
vn 1 0 0
vn 1 0 0
vn -1 0 0
vn -1 0 0
vn -1 0 0
vn -1 0 0
vn 0 1 0
vn 0 1 0
vn 0 1 0
vn 0 1 0
vn 0 -1 0
vn 0 -1 0
vn 0 -1 0
vn 0 -1 0
vn 0 0 1
vn 0 0 1
vn 0 0 1
vn 0 0 1
vn 0 0 -1
vn 0 0 -1
vn 0 0 -1
vn 0 0 -1
f 3505/3505/3505 3507/3507/3507 3506/3506/3506
f 3507/3507/3507 3508/3508/3508 3506/3506/3506
f 3509/3509/3509 3511/3511/3511 3510/3510/3510
f 3511/3511/3511 3512/3512/3512 3510/3510/3510
f 3513/3513/3513 3515/3515/3515 3514/3514/3514
f 3515/3515/3515 3516/3516/3516 3514/3514/3514
f 3517/3517/3517 3519/3519/3519 3518/3518/3518
f 3519/3519/3519 3520/3520/3520 3518/3518/3518
f 3521/3521/3521 3523/3523/3523 3522/3522/3522
f 3523/3523/3523 3524/3524/3524 3522/3522/3522
f 3525/3525/3525 3527/3527/3527 3526/3526/3526
f 3527/3527/3527 3528/3528/3528 3526/3526/3526
o phleb_chair_pedestal
usemtl steel
v -0.4900000035762787 0.47999999463558196 1.6550000071525575
v -0.4900000035762787 0.47999999463558196 1.2949999928474427
v -0.4900000035762787 5.364418020903372e-9 1.6550000071525575
v -0.4900000035762787 5.364418020903372e-9 1.2949999928474427
v -0.8099999964237213 0.47999999463558196 1.2949999928474427
v -0.8099999964237213 0.47999999463558196 1.6550000071525575
v -0.8099999964237213 5.364418020903372e-9 1.2949999928474427
v -0.8099999964237213 5.364418020903372e-9 1.6550000071525575
v -0.8099999964237213 0.47999999463558196 1.2949999928474427
v -0.4900000035762787 0.47999999463558196 1.2949999928474427
v -0.8099999964237213 0.47999999463558196 1.6550000071525575
v -0.4900000035762787 0.47999999463558196 1.6550000071525575
v -0.8099999964237213 5.364418020903372e-9 1.6550000071525575
v -0.4900000035762787 5.364418020903372e-9 1.6550000071525575
v -0.8099999964237213 5.364418020903372e-9 1.2949999928474427
v -0.4900000035762787 5.364418020903372e-9 1.2949999928474427
v -0.8099999964237213 0.47999999463558196 1.6550000071525575
v -0.4900000035762787 0.47999999463558196 1.6550000071525575
v -0.8099999964237213 5.364418020903372e-9 1.6550000071525575
v -0.4900000035762787 5.364418020903372e-9 1.6550000071525575
v -0.4900000035762787 0.47999999463558196 1.2949999928474427
v -0.8099999964237213 0.47999999463558196 1.2949999928474427
v -0.4900000035762787 5.364418020903372e-9 1.2949999928474427
v -0.8099999964237213 5.364418020903372e-9 1.2949999928474427
vt 0 1
vt 1 1
vt 0 0
vt 1 0
vt 0 1
vt 1 1
vt 0 0
vt 1 0
vt 0 1
vt 1 1
vt 0 0
vt 1 0
vt 0 1
vt 1 1
vt 0 0
vt 1 0
vt 0 1
vt 1 1
vt 0 0
vt 1 0
vt 0 1
vt 1 1
vt 0 0
vt 1 0
vn 1 0 0
vn 1 0 0
vn 1 0 0
vn 1 0 0
vn -1 0 0
vn -1 0 0
vn -1 0 0
vn -1 0 0
vn 0 1 0
vn 0 1 0
vn 0 1 0
vn 0 1 0
vn 0 -1 0
vn 0 -1 0
vn 0 -1 0
vn 0 -1 0
vn 0 0 1
vn 0 0 1
vn 0 0 1
vn 0 0 1
vn 0 0 -1
vn 0 0 -1
vn 0 0 -1
vn 0 0 -1
f 3529/3529/3529 3531/3531/3531 3530/3530/3530
f 3531/3531/3531 3532/3532/3532 3530/3530/3530
f 3533/3533/3533 3535/3535/3535 3534/3534/3534
f 3535/3535/3535 3536/3536/3536 3534/3534/3534
f 3537/3537/3537 3539/3539/3539 3538/3538/3538
f 3539/3539/3539 3540/3540/3540 3538/3538/3538
f 3541/3541/3541 3543/3543/3543 3542/3542/3542
f 3543/3543/3543 3544/3544/3544 3542/3542/3542
f 3545/3545/3545 3547/3547/3547 3546/3546/3546
f 3547/3547/3547 3548/3548/3548 3546/3546/3546
f 3549/3549/3549 3551/3551/3551 3550/3550/3550
f 3551/3551/3551 3552/3552/3552 3550/3550/3550
o phleb_trolley
usemtl steel
v 0.16999999642372132 0.8199999964237212 1.6249999940395354
v 0.16999999642372132 0.8199999964237212 1.1750000059604644
v 0.16999999642372132 3.576278662098531e-9 1.6249999940395354
v 0.16999999642372132 3.576278662098531e-9 1.1750000059604644
v -0.1499999964237213 0.8199999964237212 1.1750000059604644
v -0.1499999964237213 0.8199999964237212 1.6249999940395354
v -0.1499999964237213 3.576278662098531e-9 1.1750000059604644
v -0.1499999964237213 3.576278662098531e-9 1.6249999940395354
v -0.1499999964237213 0.8199999964237212 1.1750000059604644
v 0.16999999642372132 0.8199999964237212 1.1750000059604644
v -0.1499999964237213 0.8199999964237212 1.6249999940395354
v 0.16999999642372132 0.8199999964237212 1.6249999940395354
v -0.1499999964237213 3.576278662098531e-9 1.6249999940395354
v 0.16999999642372132 3.576278662098531e-9 1.6249999940395354
v -0.1499999964237213 3.576278662098531e-9 1.1750000059604644
v 0.16999999642372132 3.576278662098531e-9 1.1750000059604644
v -0.1499999964237213 0.8199999964237212 1.6249999940395354
v 0.16999999642372132 0.8199999964237212 1.6249999940395354
v -0.1499999964237213 3.576278662098531e-9 1.6249999940395354
v 0.16999999642372132 3.576278662098531e-9 1.6249999940395354
v 0.16999999642372132 0.8199999964237212 1.1750000059604644
v -0.1499999964237213 0.8199999964237212 1.1750000059604644
v 0.16999999642372132 3.576278662098531e-9 1.1750000059604644
v -0.1499999964237213 3.576278662098531e-9 1.1750000059604644
vt 0 1
vt 1 1
vt 0 0
vt 1 0
vt 0 1
vt 1 1
vt 0 0
vt 1 0
vt 0 1
vt 1 1
vt 0 0
vt 1 0
vt 0 1
vt 1 1
vt 0 0
vt 1 0
vt 0 1
vt 1 1
vt 0 0
vt 1 0
vt 0 1
vt 1 1
vt 0 0
vt 1 0
vn 1 0 0
vn 1 0 0
vn 1 0 0
vn 1 0 0
vn -1 0 0
vn -1 0 0
vn -1 0 0
vn -1 0 0
vn 0 1 0
vn 0 1 0
vn 0 1 0
vn 0 1 0
vn 0 -1 0
vn 0 -1 0
vn 0 -1 0
vn 0 -1 0
vn 0 0 1
vn 0 0 1
vn 0 0 1
vn 0 0 1
vn 0 0 -1
vn 0 0 -1
vn 0 0 -1
vn 0 0 -1
f 3553/3553/3553 3555/3555/3555 3554/3554/3554
f 3555/3555/3555 3556/3556/3556 3554/3554/3554
f 3557/3557/3557 3559/3559/3559 3558/3558/3558
f 3559/3559/3559 3560/3560/3560 3558/3558/3558
f 3561/3561/3561 3563/3563/3563 3562/3562/3562
f 3563/3563/3563 3564/3564/3564 3562/3562/3562
f 3565/3565/3565 3567/3567/3567 3566/3566/3566
f 3567/3567/3567 3568/3568/3568 3566/3566/3566
f 3569/3569/3569 3571/3571/3571 3570/3570/3570
f 3571/3571/3571 3572/3572/3572 3570/3570/3570
f 3573/3573/3573 3575/3575/3575 3574/3574/3574
f 3575/3575/3575 3576/3576/3576 3574/3574/3574
o phleb_trolley_tray
usemtl porcelain
v 0.19000000715255738 0.8499999996647238 1.6450000047683715
v 0.19000000715255738 0.8499999996647238 1.1549999952316283
v 0.19000000715255738 0.8200000003352761 1.6450000047683715
v 0.19000000715255738 0.8200000003352761 1.1549999952316283
v -0.17000000715255736 0.8499999996647238 1.1549999952316283
v -0.17000000715255736 0.8499999996647238 1.6450000047683715
v -0.17000000715255736 0.8200000003352761 1.1549999952316283
v -0.17000000715255736 0.8200000003352761 1.6450000047683715
v -0.17000000715255736 0.8499999996647238 1.1549999952316283
v 0.19000000715255738 0.8499999996647238 1.1549999952316283
v -0.17000000715255736 0.8499999996647238 1.6450000047683715
v 0.19000000715255738 0.8499999996647238 1.6450000047683715
v -0.17000000715255736 0.8200000003352761 1.6450000047683715
v 0.19000000715255738 0.8200000003352761 1.6450000047683715
v -0.17000000715255736 0.8200000003352761 1.1549999952316283
v 0.19000000715255738 0.8200000003352761 1.1549999952316283
v -0.17000000715255736 0.8499999996647238 1.6450000047683715
v 0.19000000715255738 0.8499999996647238 1.6450000047683715
v -0.17000000715255736 0.8200000003352761 1.6450000047683715
v 0.19000000715255738 0.8200000003352761 1.6450000047683715
v 0.19000000715255738 0.8499999996647238 1.1549999952316283
v -0.17000000715255736 0.8499999996647238 1.1549999952316283
v 0.19000000715255738 0.8200000003352761 1.1549999952316283
v -0.17000000715255736 0.8200000003352761 1.1549999952316283
vt 0 1
vt 1 1
vt 0 0
vt 1 0
vt 0 1
vt 1 1
vt 0 0
vt 1 0
vt 0 1
vt 1 1
vt 0 0
vt 1 0
vt 0 1
vt 1 1
vt 0 0
vt 1 0
vt 0 1
vt 1 1
vt 0 0
vt 1 0
vt 0 1
vt 1 1
vt 0 0
vt 1 0
vn 1 0 0
vn 1 0 0
vn 1 0 0
vn 1 0 0
vn -1 0 0
vn -1 0 0
vn -1 0 0
vn -1 0 0
vn 0 1 0
vn 0 1 0
vn 0 1 0
vn 0 1 0
vn 0 -1 0
vn 0 -1 0
vn 0 -1 0
vn 0 -1 0
vn 0 0 1
vn 0 0 1
vn 0 0 1
vn 0 0 1
vn 0 0 -1
vn 0 0 -1
vn 0 0 -1
vn 0 0 -1
f 3577/3577/3577 3579/3579/3579 3578/3578/3578
f 3579/3579/3579 3580/3580/3580 3578/3578/3578
f 3581/3581/3581 3583/3583/3583 3582/3582/3582
f 3583/3583/3583 3584/3584/3584 3582/3582/3582
f 3585/3585/3585 3587/3587/3587 3586/3586/3586
f 3587/3587/3587 3588/3588/3588 3586/3586/3586
f 3589/3589/3589 3591/3591/3591 3590/3590/3590
f 3591/3591/3591 3592/3592/3592 3590/3590/3590
f 3593/3593/3593 3595/3595/3595 3594/3594/3594
f 3595/3595/3595 3596/3596/3596 3594/3594/3594
f 3597/3597/3597 3599/3599/3599 3598/3598/3598
f 3599/3599/3599 3600/3600/3600 3598/3598/3598
o phleb_bench
usemtl cabinet
v 0.18000000000000005 0.8600000071525573 0.9850000029802323
v 0.18000000000000005 0.8600000071525573 0.5849999970197678
v 0.18000000000000005 -7.152557379708213e-9 0.9850000029802323
v 0.18000000000000005 -7.152557379708213e-9 0.5849999970197678
v -1.3199999999999998 0.8600000071525573 0.5849999970197678
v -1.3199999999999998 0.8600000071525573 0.9850000029802323
v -1.3199999999999998 -7.152557379708213e-9 0.5849999970197678
v -1.3199999999999998 -7.152557379708213e-9 0.9850000029802323
v -1.3199999999999998 0.8600000071525573 0.5849999970197678
v 0.18000000000000005 0.8600000071525573 0.5849999970197678
v -1.3199999999999998 0.8600000071525573 0.9850000029802323
v 0.18000000000000005 0.8600000071525573 0.9850000029802323
v -1.3199999999999998 -7.152557379708213e-9 0.9850000029802323
v 0.18000000000000005 -7.152557379708213e-9 0.9850000029802323
v -1.3199999999999998 -7.152557379708213e-9 0.5849999970197678
v 0.18000000000000005 -7.152557379708213e-9 0.5849999970197678
v -1.3199999999999998 0.8600000071525573 0.9850000029802323
v 0.18000000000000005 0.8600000071525573 0.9850000029802323
v -1.3199999999999998 -7.152557379708213e-9 0.9850000029802323
v 0.18000000000000005 -7.152557379708213e-9 0.9850000029802323
v 0.18000000000000005 0.8600000071525573 0.5849999970197678
v -1.3199999999999998 0.8600000071525573 0.5849999970197678
v 0.18000000000000005 -7.152557379708213e-9 0.5849999970197678
v -1.3199999999999998 -7.152557379708213e-9 0.5849999970197678
vt 0 1
vt 1 1
vt 0 0
vt 1 0
vt 0 1
vt 1 1
vt 0 0
vt 1 0
vt 0 1
vt 1 1
vt 0 0
vt 1 0
vt 0 1
vt 1 1
vt 0 0
vt 1 0
vt 0 1
vt 1 1
vt 0 0
vt 1 0
vt 0 1
vt 1 1
vt 0 0
vt 1 0
vn 1 0 0
vn 1 0 0
vn 1 0 0
vn 1 0 0
vn -1 0 0
vn -1 0 0
vn -1 0 0
vn -1 0 0
vn 0 1 0
vn 0 1 0
vn 0 1 0
vn 0 1 0
vn 0 -1 0
vn 0 -1 0
vn 0 -1 0
vn 0 -1 0
vn 0 0 1
vn 0 0 1
vn 0 0 1
vn 0 0 1
vn 0 0 -1
vn 0 0 -1
vn 0 0 -1
vn 0 0 -1
f 3601/3601/3601 3603/3603/3603 3602/3602/3602
f 3603/3603/3603 3604/3604/3604 3602/3602/3602
f 3605/3605/3605 3607/3607/3607 3606/3606/3606
f 3607/3607/3607 3608/3608/3608 3606/3606/3606
f 3609/3609/3609 3611/3611/3611 3610/3610/3610
f 3611/3611/3611 3612/3612/3612 3610/3610/3610
f 3613/3613/3613 3615/3615/3615 3614/3614/3614
f 3615/3615/3615 3616/3616/3616 3614/3614/3614
f 3617/3617/3617 3619/3619/3619 3618/3618/3618
f 3619/3619/3619 3620/3620/3620 3618/3618/3618
f 3621/3621/3621 3623/3623/3623 3622/3622/3622
f 3623/3623/3623 3624/3624/3624 3622/3622/3622
o phleb_bench_top
usemtl bench_top
v 0.19999998092651372 0.8999999995529652 1.0049999988079072
v 0.19999998092651372 0.8999999995529652 0.5650000011920929
v 0.19999998092651372 0.8600000004470348 1.0049999988079072
v 0.19999998092651372 0.8600000004470348 0.5650000011920929
v -1.3399999809265135 0.8999999995529652 0.5650000011920929
v -1.3399999809265135 0.8999999995529652 1.0049999988079072
v -1.3399999809265135 0.8600000004470348 0.5650000011920929
v -1.3399999809265135 0.8600000004470348 1.0049999988079072
v -1.3399999809265135 0.8999999995529652 0.5650000011920929
v 0.19999998092651372 0.8999999995529652 0.5650000011920929
v -1.3399999809265135 0.8999999995529652 1.0049999988079072
v 0.19999998092651372 0.8999999995529652 1.0049999988079072
v -1.3399999809265135 0.8600000004470348 1.0049999988079072
v 0.19999998092651372 0.8600000004470348 1.0049999988079072
v -1.3399999809265135 0.8600000004470348 0.5650000011920929
v 0.19999998092651372 0.8600000004470348 0.5650000011920929
v -1.3399999809265135 0.8999999995529652 1.0049999988079072
v 0.19999998092651372 0.8999999995529652 1.0049999988079072
v -1.3399999809265135 0.8600000004470348 1.0049999988079072
v 0.19999998092651372 0.8600000004470348 1.0049999988079072
v 0.19999998092651372 0.8999999995529652 0.5650000011920929
v -1.3399999809265135 0.8999999995529652 0.5650000011920929
v 0.19999998092651372 0.8600000004470348 0.5650000011920929
v -1.3399999809265135 0.8600000004470348 0.5650000011920929
vt 0 1
vt 1 1
vt 0 0
vt 1 0
vt 0 1
vt 1 1
vt 0 0
vt 1 0
vt 0 1
vt 1 1
vt 0 0
vt 1 0
vt 0 1
vt 1 1
vt 0 0
vt 1 0
vt 0 1
vt 1 1
vt 0 0
vt 1 0
vt 0 1
vt 1 1
vt 0 0
vt 1 0
vn 1 0 0
vn 1 0 0
vn 1 0 0
vn 1 0 0
vn -1 0 0
vn -1 0 0
vn -1 0 0
vn -1 0 0
vn 0 1 0
vn 0 1 0
vn 0 1 0
vn 0 1 0
vn 0 -1 0
vn 0 -1 0
vn 0 -1 0
vn 0 -1 0
vn 0 0 1
vn 0 0 1
vn 0 0 1
vn 0 0 1
vn 0 0 -1
vn 0 0 -1
vn 0 0 -1
vn 0 0 -1
f 3625/3625/3625 3627/3627/3627 3626/3626/3626
f 3627/3627/3627 3628/3628/3628 3626/3626/3626
f 3629/3629/3629 3631/3631/3631 3630/3630/3630
f 3631/3631/3631 3632/3632/3632 3630/3630/3630
f 3633/3633/3633 3635/3635/3635 3634/3634/3634
f 3635/3635/3635 3636/3636/3636 3634/3634/3634
f 3637/3637/3637 3639/3639/3639 3638/3638/3638
f 3639/3639/3639 3640/3640/3640 3638/3638/3638
f 3641/3641/3641 3643/3643/3643 3642/3642/3642
f 3643/3643/3643 3644/3644/3644 3642/3642/3642
f 3645/3645/3645 3647/3647/3647 3646/3646/3646
f 3647/3647/3647 3648/3648/3648 3646/3646/3646
o phleb_sharps_box
usemtl accent
v 0.10000000149011612 1.1199999994039536 0.8750000014901161
v 0.10000000149011612 1.1199999994039536 0.6749999985098839
v 0.10000000149011612 0.9000000005960465 0.8750000014901161
v 0.10000000149011612 0.9000000005960465 0.6749999985098839
v -0.10000000149011612 1.1199999994039536 0.6749999985098839
v -0.10000000149011612 1.1199999994039536 0.8750000014901161
v -0.10000000149011612 0.9000000005960465 0.6749999985098839
v -0.10000000149011612 0.9000000005960465 0.8750000014901161
v -0.10000000149011612 1.1199999994039536 0.6749999985098839
v 0.10000000149011612 1.1199999994039536 0.6749999985098839
v -0.10000000149011612 1.1199999994039536 0.8750000014901161
v 0.10000000149011612 1.1199999994039536 0.8750000014901161
v -0.10000000149011612 0.9000000005960465 0.8750000014901161
v 0.10000000149011612 0.9000000005960465 0.8750000014901161
v -0.10000000149011612 0.9000000005960465 0.6749999985098839
v 0.10000000149011612 0.9000000005960465 0.6749999985098839
v -0.10000000149011612 1.1199999994039536 0.8750000014901161
v 0.10000000149011612 1.1199999994039536 0.8750000014901161
v -0.10000000149011612 0.9000000005960465 0.8750000014901161
v 0.10000000149011612 0.9000000005960465 0.8750000014901161
v 0.10000000149011612 1.1199999994039536 0.6749999985098839
v -0.10000000149011612 1.1199999994039536 0.6749999985098839
v 0.10000000149011612 0.9000000005960465 0.6749999985098839
v -0.10000000149011612 0.9000000005960465 0.6749999985098839
vt 0 1
vt 1 1
vt 0 0
vt 1 0
vt 0 1
vt 1 1
vt 0 0
vt 1 0
vt 0 1
vt 1 1
vt 0 0
vt 1 0
vt 0 1
vt 1 1
vt 0 0
vt 1 0
vt 0 1
vt 1 1
vt 0 0
vt 1 0
vt 0 1
vt 1 1
vt 0 0
vt 1 0
vn 1 0 0
vn 1 0 0
vn 1 0 0
vn 1 0 0
vn -1 0 0
vn -1 0 0
vn -1 0 0
vn -1 0 0
vn 0 1 0
vn 0 1 0
vn 0 1 0
vn 0 1 0
vn 0 -1 0
vn 0 -1 0
vn 0 -1 0
vn 0 -1 0
vn 0 0 1
vn 0 0 1
vn 0 0 1
vn 0 0 1
vn 0 0 -1
vn 0 0 -1
vn 0 0 -1
vn 0 0 -1
f 3649/3649/3649 3651/3651/3651 3650/3650/3650
f 3651/3651/3651 3652/3652/3652 3650/3650/3650
f 3653/3653/3653 3655/3655/3655 3654/3654/3654
f 3655/3655/3655 3656/3656/3656 3654/3654/3654
f 3657/3657/3657 3659/3659/3659 3658/3658/3658
f 3659/3659/3659 3660/3660/3660 3658/3658/3658
f 3661/3661/3661 3663/3663/3663 3662/3662/3662
f 3663/3663/3663 3664/3664/3664 3662/3662/3662
f 3665/3665/3665 3667/3667/3667 3666/3666/3666
f 3667/3667/3667 3668/3668/3668 3666/3666/3666
f 3669/3669/3669 3671/3671/3671 3670/3670/3670
f 3671/3671/3671 3672/3672/3672 3670/3670/3670
o phleb_stool_seat
usemtl seat
v -1.24 0.6500000001490116 1.6550000071525575
v -1.204883740991354 0.6500000001490116 1.651541343331337
v -1.171116983294487 0.6500000001490116 1.6412983149290086
v -1.1399973610043526 0.6500000001490116 1.6246645361185075
v -1.1127207779884338 0.6500000001490116 1.6022792220115663
v -1.0903354638814926 0.6500000001490116 1.5750026389956475
v -1.0737016850709915 0.6500000001490116 1.543883016705513
v -1.063458656668663 0.6500000001490116 1.510116259008646
v -1.0599999928474426 0.6500000001490116 1.475
v -1.063458656668663 0.6500000001490116 1.439883740991354
v -1.0737016850709915 0.6500000001490116 1.406116983294487
v -1.0903354638814926 0.6500000001490116 1.3749973610043527
v -1.1127207779884338 0.6500000001490116 1.347720777988434
v -1.1399973610043526 0.6500000001490116 1.3253354638814927
v -1.171116983294487 0.6500000001490116 1.3087016850709916
v -1.204883740991354 0.6500000001490116 1.2984586566686631
v -1.24 0.6500000001490116 1.2949999928474427
v -1.275116259008646 0.6500000001490116 1.2984586566686631
v -1.308883016705513 0.6500000001490116 1.3087016850709916
v -1.3400026389956474 0.6500000001490116 1.3253354638814927
v -1.3672792220115662 0.6500000001490116 1.347720777988434
v -1.3896645361185074 0.6500000001490116 1.3749973610043527
v -1.4062983149290085 0.6500000001490116 1.406116983294487
v -1.416541343331337 0.6500000001490116 1.439883740991354
v -1.4200000071525574 0.6500000001490116 1.475
v -1.416541343331337 0.6500000001490116 1.510116259008646
v -1.4062983149290085 0.6500000001490116 1.543883016705513
v -1.3896645361185074 0.6500000001490116 1.5750026389956475
v -1.3672792220115662 0.6500000001490116 1.6022792220115663
v -1.3400026389956474 0.6500000001490116 1.6246645361185075
v -1.308883016705513 0.6500000001490116 1.6412983149290086
v -1.275116259008646 0.6500000001490116 1.651541343331337
v -1.24 0.6500000001490116 1.6550000071525575
v -1.24 0.5799999998509884 1.6550000071525575
v -1.204883740991354 0.5799999998509884 1.651541343331337
v -1.171116983294487 0.5799999998509884 1.6412983149290086
v -1.1399973610043526 0.5799999998509884 1.6246645361185075
v -1.1127207779884338 0.5799999998509884 1.6022792220115663
v -1.0903354638814926 0.5799999998509884 1.5750026389956475
v -1.0737016850709915 0.5799999998509884 1.543883016705513
v -1.063458656668663 0.5799999998509884 1.510116259008646
v -1.0599999928474426 0.5799999998509884 1.475
v -1.063458656668663 0.5799999998509884 1.439883740991354
v -1.0737016850709915 0.5799999998509884 1.406116983294487
v -1.0903354638814926 0.5799999998509884 1.3749973610043527
v -1.1127207779884338 0.5799999998509884 1.347720777988434
v -1.1399973610043526 0.5799999998509884 1.3253354638814927
v -1.171116983294487 0.5799999998509884 1.3087016850709916
v -1.204883740991354 0.5799999998509884 1.2984586566686631
v -1.24 0.5799999998509884 1.2949999928474427
v -1.275116259008646 0.5799999998509884 1.2984586566686631
v -1.308883016705513 0.5799999998509884 1.3087016850709916
v -1.3400026389956474 0.5799999998509884 1.3253354638814927
v -1.3672792220115662 0.5799999998509884 1.347720777988434
v -1.3896645361185074 0.5799999998509884 1.3749973610043527
v -1.4062983149290085 0.5799999998509884 1.406116983294487
v -1.416541343331337 0.5799999998509884 1.439883740991354
v -1.4200000071525574 0.5799999998509884 1.475
v -1.416541343331337 0.5799999998509884 1.510116259008646
v -1.4062983149290085 0.5799999998509884 1.543883016705513
v -1.3896645361185074 0.5799999998509884 1.5750026389956475
v -1.3672792220115662 0.5799999998509884 1.6022792220115663
v -1.3400026389956474 0.5799999998509884 1.6246645361185075
v -1.308883016705513 0.5799999998509884 1.6412983149290086
v -1.275116259008646 0.5799999998509884 1.651541343331337
v -1.24 0.5799999998509884 1.6550000071525575
v -1.24 0.6500000001490116 1.475
v -1.24 0.6500000001490116 1.475
v -1.24 0.6500000001490116 1.475
v -1.24 0.6500000001490116 1.475
v -1.24 0.6500000001490116 1.475
v -1.24 0.6500000001490116 1.475
v -1.24 0.6500000001490116 1.475
v -1.24 0.6500000001490116 1.475
v -1.24 0.6500000001490116 1.475
v -1.24 0.6500000001490116 1.475
v -1.24 0.6500000001490116 1.475
v -1.24 0.6500000001490116 1.475
v -1.24 0.6500000001490116 1.475
v -1.24 0.6500000001490116 1.475
v -1.24 0.6500000001490116 1.475
v -1.24 0.6500000001490116 1.475
v -1.24 0.6500000001490116 1.475
v -1.24 0.6500000001490116 1.475
v -1.24 0.6500000001490116 1.475
v -1.24 0.6500000001490116 1.475
v -1.24 0.6500000001490116 1.475
v -1.24 0.6500000001490116 1.475
v -1.24 0.6500000001490116 1.475
v -1.24 0.6500000001490116 1.475
v -1.24 0.6500000001490116 1.475
v -1.24 0.6500000001490116 1.475
v -1.24 0.6500000001490116 1.475
v -1.24 0.6500000001490116 1.475
v -1.24 0.6500000001490116 1.475
v -1.24 0.6500000001490116 1.475
v -1.24 0.6500000001490116 1.475
v -1.24 0.6500000001490116 1.475
v -1.24 0.6500000001490116 1.6550000071525575
v -1.204883740991354 0.6500000001490116 1.651541343331337
v -1.171116983294487 0.6500000001490116 1.6412983149290086
v -1.1399973610043526 0.6500000001490116 1.6246645361185075
v -1.1127207779884338 0.6500000001490116 1.6022792220115663
v -1.0903354638814926 0.6500000001490116 1.5750026389956475
v -1.0737016850709915 0.6500000001490116 1.543883016705513
v -1.063458656668663 0.6500000001490116 1.510116259008646
v -1.0599999928474426 0.6500000001490116 1.475
v -1.063458656668663 0.6500000001490116 1.439883740991354
v -1.0737016850709915 0.6500000001490116 1.406116983294487
v -1.0903354638814926 0.6500000001490116 1.3749973610043527
v -1.1127207779884338 0.6500000001490116 1.347720777988434
v -1.1399973610043526 0.6500000001490116 1.3253354638814927
v -1.171116983294487 0.6500000001490116 1.3087016850709916
v -1.204883740991354 0.6500000001490116 1.2984586566686631
v -1.24 0.6500000001490116 1.2949999928474427
v -1.275116259008646 0.6500000001490116 1.2984586566686631
v -1.308883016705513 0.6500000001490116 1.3087016850709916
v -1.3400026389956474 0.6500000001490116 1.3253354638814927
v -1.3672792220115662 0.6500000001490116 1.347720777988434
v -1.3896645361185074 0.6500000001490116 1.3749973610043527
v -1.4062983149290085 0.6500000001490116 1.406116983294487
v -1.416541343331337 0.6500000001490116 1.439883740991354
v -1.4200000071525574 0.6500000001490116 1.475
v -1.416541343331337 0.6500000001490116 1.510116259008646
v -1.4062983149290085 0.6500000001490116 1.543883016705513
v -1.3896645361185074 0.6500000001490116 1.5750026389956475
v -1.3672792220115662 0.6500000001490116 1.6022792220115663
v -1.3400026389956474 0.6500000001490116 1.6246645361185075
v -1.308883016705513 0.6500000001490116 1.6412983149290086
v -1.275116259008646 0.6500000001490116 1.651541343331337
v -1.24 0.6500000001490116 1.6550000071525575
v -1.24 0.5799999998509884 1.475
v -1.24 0.5799999998509884 1.475
v -1.24 0.5799999998509884 1.475
v -1.24 0.5799999998509884 1.475
v -1.24 0.5799999998509884 1.475
v -1.24 0.5799999998509884 1.475
v -1.24 0.5799999998509884 1.475
v -1.24 0.5799999998509884 1.475
v -1.24 0.5799999998509884 1.475
v -1.24 0.5799999998509884 1.475
v -1.24 0.5799999998509884 1.475
v -1.24 0.5799999998509884 1.475
v -1.24 0.5799999998509884 1.475
v -1.24 0.5799999998509884 1.475
v -1.24 0.5799999998509884 1.475
v -1.24 0.5799999998509884 1.475
v -1.24 0.5799999998509884 1.475
v -1.24 0.5799999998509884 1.475
v -1.24 0.5799999998509884 1.475
v -1.24 0.5799999998509884 1.475
v -1.24 0.5799999998509884 1.475
v -1.24 0.5799999998509884 1.475
v -1.24 0.5799999998509884 1.475
v -1.24 0.5799999998509884 1.475
v -1.24 0.5799999998509884 1.475
v -1.24 0.5799999998509884 1.475
v -1.24 0.5799999998509884 1.475
v -1.24 0.5799999998509884 1.475
v -1.24 0.5799999998509884 1.475
v -1.24 0.5799999998509884 1.475
v -1.24 0.5799999998509884 1.475
v -1.24 0.5799999998509884 1.475
v -1.24 0.5799999998509884 1.6550000071525575
v -1.204883740991354 0.5799999998509884 1.651541343331337
v -1.171116983294487 0.5799999998509884 1.6412983149290086
v -1.1399973610043526 0.5799999998509884 1.6246645361185075
v -1.1127207779884338 0.5799999998509884 1.6022792220115663
v -1.0903354638814926 0.5799999998509884 1.5750026389956475
v -1.0737016850709915 0.5799999998509884 1.543883016705513
v -1.063458656668663 0.5799999998509884 1.510116259008646
v -1.0599999928474426 0.5799999998509884 1.475
v -1.063458656668663 0.5799999998509884 1.439883740991354
v -1.0737016850709915 0.5799999998509884 1.406116983294487
v -1.0903354638814926 0.5799999998509884 1.3749973610043527
v -1.1127207779884338 0.5799999998509884 1.347720777988434
v -1.1399973610043526 0.5799999998509884 1.3253354638814927
v -1.171116983294487 0.5799999998509884 1.3087016850709916
v -1.204883740991354 0.5799999998509884 1.2984586566686631
v -1.24 0.5799999998509884 1.2949999928474427
v -1.275116259008646 0.5799999998509884 1.2984586566686631
v -1.308883016705513 0.5799999998509884 1.3087016850709916
v -1.3400026389956474 0.5799999998509884 1.3253354638814927
v -1.3672792220115662 0.5799999998509884 1.347720777988434
v -1.3896645361185074 0.5799999998509884 1.3749973610043527
v -1.4062983149290085 0.5799999998509884 1.406116983294487
v -1.416541343331337 0.5799999998509884 1.439883740991354
v -1.4200000071525574 0.5799999998509884 1.475
v -1.416541343331337 0.5799999998509884 1.510116259008646
v -1.4062983149290085 0.5799999998509884 1.543883016705513
v -1.3896645361185074 0.5799999998509884 1.5750026389956475
v -1.3672792220115662 0.5799999998509884 1.6022792220115663
v -1.3400026389956474 0.5799999998509884 1.6246645361185075
v -1.308883016705513 0.5799999998509884 1.6412983149290086
v -1.275116259008646 0.5799999998509884 1.651541343331337
v -1.24 0.5799999998509884 1.6550000071525575
vt 0 1
vt 0.03125 1
vt 0.0625 1
vt 0.09375 1
vt 0.125 1
vt 0.15625 1
vt 0.1875 1
vt 0.21875 1
vt 0.25 1
vt 0.28125 1
vt 0.3125 1
vt 0.34375 1
vt 0.375 1
vt 0.40625 1
vt 0.4375 1
vt 0.46875 1
vt 0.5 1
vt 0.53125 1
vt 0.5625 1
vt 0.59375 1
vt 0.625 1
vt 0.65625 1
vt 0.6875 1
vt 0.71875 1
vt 0.75 1
vt 0.78125 1
vt 0.8125 1
vt 0.84375 1
vt 0.875 1
vt 0.90625 1
vt 0.9375 1
vt 0.96875 1
vt 1 1
vt 0 0
vt 0.03125 0
vt 0.0625 0
vt 0.09375 0
vt 0.125 0
vt 0.15625 0
vt 0.1875 0
vt 0.21875 0
vt 0.25 0
vt 0.28125 0
vt 0.3125 0
vt 0.34375 0
vt 0.375 0
vt 0.40625 0
vt 0.4375 0
vt 0.46875 0
vt 0.5 0
vt 0.53125 0
vt 0.5625 0
vt 0.59375 0
vt 0.625 0
vt 0.65625 0
vt 0.6875 0
vt 0.71875 0
vt 0.75 0
vt 0.78125 0
vt 0.8125 0
vt 0.84375 0
vt 0.875 0
vt 0.90625 0
vt 0.9375 0
vt 0.96875 0
vt 1 0
vt 0.5 0.5
vt 0.5 0.5
vt 0.5 0.5
vt 0.5 0.5
vt 0.5 0.5
vt 0.5 0.5
vt 0.5 0.5
vt 0.5 0.5
vt 0.5 0.5
vt 0.5 0.5
vt 0.5 0.5
vt 0.5 0.5
vt 0.5 0.5
vt 0.5 0.5
vt 0.5 0.5
vt 0.5 0.5
vt 0.5 0.5
vt 0.5 0.5
vt 0.5 0.5
vt 0.5 0.5
vt 0.5 0.5
vt 0.5 0.5
vt 0.5 0.5
vt 0.5 0.5
vt 0.5 0.5
vt 0.5 0.5
vt 0.5 0.5
vt 0.5 0.5
vt 0.5 0.5
vt 0.5 0.5
vt 0.5 0.5
vt 0.5 0.5
vt 1 0.5
vt 0.9903926253318787 0.5975451469421387
vt 0.9619397521018982 0.6913416981697083
vt 0.9157348275184631 0.7777851223945618
vt 0.8535534143447876 0.8535534143447876
vt 0.7777851223945618 0.9157348275184631
vt 0.6913416981697083 0.9619397521018982
vt 0.5975451469421387 0.9903926253318787
vt 0.5 1
vt 0.40245485305786133 0.9903926253318787
vt 0.30865827202796936 0.9619397521018982
vt 0.22221487760543823 0.9157348275184631
vt 0.1464466154575348 0.8535534143447876
vt 0.08426519483327866 0.7777851223945618
vt 0.03806023299694061 0.6913416981697083
vt 0.009607359766960144 0.5975451469421387
vt 0 0.5
vt 0.009607359766960144 0.40245485305786133
vt 0.03806023299694061 0.30865827202796936
vt 0.08426519483327866 0.22221487760543823
vt 0.1464466154575348 0.1464466154575348
vt 0.22221487760543823 0.08426519483327866
vt 0.30865827202796936 0.03806023299694061
vt 0.40245485305786133 0.009607359766960144
vt 0.5 0
vt 0.5975451469421387 0.009607359766960144
vt 0.6913416981697083 0.03806023299694061
vt 0.7777851223945618 0.08426519483327866
vt 0.8535534143447876 0.1464466154575348
vt 0.9157348275184631 0.22221487760543823
vt 0.9619397521018982 0.30865827202796936
vt 0.9903926253318787 0.40245485305786133
vt 1 0.5
vt 0.5 0.5
vt 0.5 0.5
vt 0.5 0.5
vt 0.5 0.5
vt 0.5 0.5
vt 0.5 0.5
vt 0.5 0.5
vt 0.5 0.5
vt 0.5 0.5
vt 0.5 0.5
vt 0.5 0.5
vt 0.5 0.5
vt 0.5 0.5
vt 0.5 0.5
vt 0.5 0.5
vt 0.5 0.5
vt 0.5 0.5
vt 0.5 0.5
vt 0.5 0.5
vt 0.5 0.5
vt 0.5 0.5
vt 0.5 0.5
vt 0.5 0.5
vt 0.5 0.5
vt 0.5 0.5
vt 0.5 0.5
vt 0.5 0.5
vt 0.5 0.5
vt 0.5 0.5
vt 0.5 0.5
vt 0.5 0.5
vt 0.5 0.5
vt 1 0.5
vt 0.9903926253318787 0.40245485305786133
vt 0.9619397521018982 0.30865827202796936
vt 0.9157348275184631 0.22221487760543823
vt 0.8535534143447876 0.1464466154575348
vt 0.7777851223945618 0.08426519483327866
vt 0.6913416981697083 0.03806023299694061
vt 0.5975451469421387 0.009607359766960144
vt 0.5 0
vt 0.40245485305786133 0.009607359766960144
vt 0.30865827202796936 0.03806023299694061
vt 0.22221487760543823 0.08426519483327866
vt 0.1464466154575348 0.1464466154575348
vt 0.08426519483327866 0.22221487760543823
vt 0.03806023299694061 0.30865827202796936
vt 0.009607359766960144 0.40245485305786133
vt 0 0.5
vt 0.009607359766960144 0.5975451469421387
vt 0.03806023299694061 0.6913416981697083
vt 0.08426519483327866 0.7777851223945618
vt 0.1464466154575348 0.8535534143447876
vt 0.22221487760543823 0.9157348275184631
vt 0.30865827202796936 0.9619397521018982
vt 0.40245485305786133 0.9903926253318787
vt 0.5 1
vt 0.5975451469421387 0.9903926253318787
vt 0.6913416981697083 0.9619397521018982
vt 0.7777851223945618 0.9157348275184631
vt 0.8535534143447876 0.8535534143447876
vt 0.9157348275184631 0.7777851223945618
vt 0.9619397521018982 0.6913416981697083
vt 0.9903926253318787 0.5975451469421387
vt 1 0.5
vn 0 0 1
vn 0.19509032931342324 0 0.9807852789517083
vn 0.3826834370613369 0 0.9238795305660377
vn 0.555570248949409 0 0.8314696016585884
vn 0.7071067811865476 0 0.7071067811865476
vn 0.8314696016585884 0 0.555570248949409
vn 0.9238795305660377 0 0.3826834370613369
vn 0.9807852789517083 0 0.19509032931342324
vn 1 0 6.123234262925839e-17
vn 0.9807852789517083 0 -0.19509032931342324
vn 0.9238795305660377 0 -0.3826834370613369
vn 0.8314696016585884 0 -0.555570248949409
vn 0.7071067811865476 0 -0.7071067811865476
vn 0.555570248949409 0 -0.8314696016585884
vn 0.3826834370613369 0 -0.9238795305660377
vn 0.19509032931342324 0 -0.9807852789517083
vn 1.2246468525851679e-16 0 -1
vn -0.19509032931342324 0 -0.9807852789517083
vn -0.3826834370613369 0 -0.9238795305660377
vn -0.555570248949409 0 -0.8314696016585884
vn -0.7071067811865476 0 -0.7071067811865476
vn -0.8314696016585884 0 -0.555570248949409
vn -0.9238795305660377 0 -0.3826834370613369
vn -0.9807852789517083 0 -0.19509032931342324
vn -1 0 -1.8369701465288538e-16
vn -0.9807852789517083 0 0.19509032931342324
vn -0.9238795305660377 0 0.3826834370613369
vn -0.8314696016585884 0 0.555570248949409
vn -0.7071067811865476 0 0.7071067811865476
vn -0.555570248949409 0 0.8314696016585884
vn -0.3826834370613369 0 0.9238795305660377
vn -0.19509032931342324 0 0.9807852789517083
vn -2.4492937051703357e-16 0 1
vn 0 0 1
vn 0.19509032931342324 0 0.9807852789517083
vn 0.3826834370613369 0 0.9238795305660377
vn 0.555570248949409 0 0.8314696016585884
vn 0.7071067811865476 0 0.7071067811865476
vn 0.8314696016585884 0 0.555570248949409
vn 0.9238795305660377 0 0.3826834370613369
vn 0.9807852789517083 0 0.19509032931342324
vn 1 0 6.123234262925839e-17
vn 0.9807852789517083 0 -0.19509032931342324
vn 0.9238795305660377 0 -0.3826834370613369
vn 0.8314696016585884 0 -0.555570248949409
vn 0.7071067811865476 0 -0.7071067811865476
vn 0.555570248949409 0 -0.8314696016585884
vn 0.3826834370613369 0 -0.9238795305660377
vn 0.19509032931342324 0 -0.9807852789517083
vn 1.2246468525851679e-16 0 -1
vn -0.19509032931342324 0 -0.9807852789517083
vn -0.3826834370613369 0 -0.9238795305660377
vn -0.555570248949409 0 -0.8314696016585884
vn -0.7071067811865476 0 -0.7071067811865476
vn -0.8314696016585884 0 -0.555570248949409
vn -0.9238795305660377 0 -0.3826834370613369
vn -0.9807852789517083 0 -0.19509032931342324
vn -1 0 -1.8369701465288538e-16
vn -0.9807852789517083 0 0.19509032931342324
vn -0.9238795305660377 0 0.3826834370613369
vn -0.8314696016585884 0 0.555570248949409
vn -0.7071067811865476 0 0.7071067811865476
vn -0.555570248949409 0 0.8314696016585884
vn -0.3826834370613369 0 0.9238795305660377
vn -0.19509032931342324 0 0.9807852789517083
vn -2.4492937051703357e-16 0 1
vn 0 1 0
vn 0 1 0
vn 0 1 0
vn 0 1 0
vn 0 1 0
vn 0 1 0
vn 0 1 0
vn 0 1 0
vn 0 1 0
vn 0 1 0
vn 0 1 0
vn 0 1 0
vn 0 1 0
vn 0 1 0
vn 0 1 0
vn 0 1 0
vn 0 1 0
vn 0 1 0
vn 0 1 0
vn 0 1 0
vn 0 1 0
vn 0 1 0
vn 0 1 0
vn 0 1 0
vn 0 1 0
vn 0 1 0
vn 0 1 0
vn 0 1 0
vn 0 1 0
vn 0 1 0
vn 0 1 0
vn 0 1 0
vn 0 1 0
vn 0 1 0
vn 0 1 0
vn 0 1 0
vn 0 1 0
vn 0 1 0
vn 0 1 0
vn 0 1 0
vn 0 1 0
vn 0 1 0
vn 0 1 0
vn 0 1 0
vn 0 1 0
vn 0 1 0
vn 0 1 0
vn 0 1 0
vn 0 1 0
vn 0 1 0
vn 0 1 0
vn 0 1 0
vn 0 1 0
vn 0 1 0
vn 0 1 0
vn 0 1 0
vn 0 1 0
vn 0 1 0
vn 0 1 0
vn 0 1 0
vn 0 1 0
vn 0 1 0
vn 0 1 0
vn 0 1 0
vn 0 1 0
vn 0 -1 0
vn 0 -1 0
vn 0 -1 0
vn 0 -1 0
vn 0 -1 0
vn 0 -1 0
vn 0 -1 0
vn 0 -1 0
vn 0 -1 0
vn 0 -1 0
vn 0 -1 0
vn 0 -1 0
vn 0 -1 0
vn 0 -1 0
vn 0 -1 0
vn 0 -1 0
vn 0 -1 0
vn 0 -1 0
vn 0 -1 0
vn 0 -1 0
vn 0 -1 0
vn 0 -1 0
vn 0 -1 0
vn 0 -1 0
vn 0 -1 0
vn 0 -1 0
vn 0 -1 0
vn 0 -1 0
vn 0 -1 0
vn 0 -1 0
vn 0 -1 0
vn 0 -1 0
vn 0 -1 0
vn 0 -1 0
vn 0 -1 0
vn 0 -1 0
vn 0 -1 0
vn 0 -1 0
vn 0 -1 0
vn 0 -1 0
vn 0 -1 0
vn 0 -1 0
vn 0 -1 0
vn 0 -1 0
vn 0 -1 0
vn 0 -1 0
vn 0 -1 0
vn 0 -1 0
vn 0 -1 0
vn 0 -1 0
vn 0 -1 0
vn 0 -1 0
vn 0 -1 0
vn 0 -1 0
vn 0 -1 0
vn 0 -1 0
vn 0 -1 0
vn 0 -1 0
vn 0 -1 0
vn 0 -1 0
vn 0 -1 0
vn 0 -1 0
vn 0 -1 0
vn 0 -1 0
vn 0 -1 0
f 3673/3673/3673 3706/3706/3706 3674/3674/3674
f 3706/3706/3706 3707/3707/3707 3674/3674/3674
f 3674/3674/3674 3707/3707/3707 3675/3675/3675
f 3707/3707/3707 3708/3708/3708 3675/3675/3675
f 3675/3675/3675 3708/3708/3708 3676/3676/3676
f 3708/3708/3708 3709/3709/3709 3676/3676/3676
f 3676/3676/3676 3709/3709/3709 3677/3677/3677
f 3709/3709/3709 3710/3710/3710 3677/3677/3677
f 3677/3677/3677 3710/3710/3710 3678/3678/3678
f 3710/3710/3710 3711/3711/3711 3678/3678/3678
f 3678/3678/3678 3711/3711/3711 3679/3679/3679
f 3711/3711/3711 3712/3712/3712 3679/3679/3679
f 3679/3679/3679 3712/3712/3712 3680/3680/3680
f 3712/3712/3712 3713/3713/3713 3680/3680/3680
f 3680/3680/3680 3713/3713/3713 3681/3681/3681
f 3713/3713/3713 3714/3714/3714 3681/3681/3681
f 3681/3681/3681 3714/3714/3714 3682/3682/3682
f 3714/3714/3714 3715/3715/3715 3682/3682/3682
f 3682/3682/3682 3715/3715/3715 3683/3683/3683
f 3715/3715/3715 3716/3716/3716 3683/3683/3683
f 3683/3683/3683 3716/3716/3716 3684/3684/3684
f 3716/3716/3716 3717/3717/3717 3684/3684/3684
f 3684/3684/3684 3717/3717/3717 3685/3685/3685
f 3717/3717/3717 3718/3718/3718 3685/3685/3685
f 3685/3685/3685 3718/3718/3718 3686/3686/3686
f 3718/3718/3718 3719/3719/3719 3686/3686/3686
f 3686/3686/3686 3719/3719/3719 3687/3687/3687
f 3719/3719/3719 3720/3720/3720 3687/3687/3687
f 3687/3687/3687 3720/3720/3720 3688/3688/3688
f 3720/3720/3720 3721/3721/3721 3688/3688/3688
f 3688/3688/3688 3721/3721/3721 3689/3689/3689
f 3721/3721/3721 3722/3722/3722 3689/3689/3689
f 3689/3689/3689 3722/3722/3722 3690/3690/3690
f 3722/3722/3722 3723/3723/3723 3690/3690/3690
f 3690/3690/3690 3723/3723/3723 3691/3691/3691
f 3723/3723/3723 3724/3724/3724 3691/3691/3691
f 3691/3691/3691 3724/3724/3724 3692/3692/3692
f 3724/3724/3724 3725/3725/3725 3692/3692/3692
f 3692/3692/3692 3725/3725/3725 3693/3693/3693
f 3725/3725/3725 3726/3726/3726 3693/3693/3693
f 3693/3693/3693 3726/3726/3726 3694/3694/3694
f 3726/3726/3726 3727/3727/3727 3694/3694/3694
f 3694/3694/3694 3727/3727/3727 3695/3695/3695
f 3727/3727/3727 3728/3728/3728 3695/3695/3695
f 3695/3695/3695 3728/3728/3728 3696/3696/3696
f 3728/3728/3728 3729/3729/3729 3696/3696/3696
f 3696/3696/3696 3729/3729/3729 3697/3697/3697
f 3729/3729/3729 3730/3730/3730 3697/3697/3697
f 3697/3697/3697 3730/3730/3730 3698/3698/3698
f 3730/3730/3730 3731/3731/3731 3698/3698/3698
f 3698/3698/3698 3731/3731/3731 3699/3699/3699
f 3731/3731/3731 3732/3732/3732 3699/3699/3699
f 3699/3699/3699 3732/3732/3732 3700/3700/3700
f 3732/3732/3732 3733/3733/3733 3700/3700/3700
f 3700/3700/3700 3733/3733/3733 3701/3701/3701
f 3733/3733/3733 3734/3734/3734 3701/3701/3701
f 3701/3701/3701 3734/3734/3734 3702/3702/3702
f 3734/3734/3734 3735/3735/3735 3702/3702/3702
f 3702/3702/3702 3735/3735/3735 3703/3703/3703
f 3735/3735/3735 3736/3736/3736 3703/3703/3703
f 3703/3703/3703 3736/3736/3736 3704/3704/3704
f 3736/3736/3736 3737/3737/3737 3704/3704/3704
f 3704/3704/3704 3737/3737/3737 3705/3705/3705
f 3737/3737/3737 3738/3738/3738 3705/3705/3705
f 3771/3771/3771 3772/3772/3772 3739/3739/3739
f 3772/3772/3772 3773/3773/3773 3740/3740/3740
f 3773/3773/3773 3774/3774/3774 3741/3741/3741
f 3774/3774/3774 3775/3775/3775 3742/3742/3742
f 3775/3775/3775 3776/3776/3776 3743/3743/3743
f 3776/3776/3776 3777/3777/3777 3744/3744/3744
f 3777/3777/3777 3778/3778/3778 3745/3745/3745
f 3778/3778/3778 3779/3779/3779 3746/3746/3746
f 3779/3779/3779 3780/3780/3780 3747/3747/3747
f 3780/3780/3780 3781/3781/3781 3748/3748/3748
f 3781/3781/3781 3782/3782/3782 3749/3749/3749
f 3782/3782/3782 3783/3783/3783 3750/3750/3750
f 3783/3783/3783 3784/3784/3784 3751/3751/3751
f 3784/3784/3784 3785/3785/3785 3752/3752/3752
f 3785/3785/3785 3786/3786/3786 3753/3753/3753
f 3786/3786/3786 3787/3787/3787 3754/3754/3754
f 3787/3787/3787 3788/3788/3788 3755/3755/3755
f 3788/3788/3788 3789/3789/3789 3756/3756/3756
f 3789/3789/3789 3790/3790/3790 3757/3757/3757
f 3790/3790/3790 3791/3791/3791 3758/3758/3758
f 3791/3791/3791 3792/3792/3792 3759/3759/3759
f 3792/3792/3792 3793/3793/3793 3760/3760/3760
f 3793/3793/3793 3794/3794/3794 3761/3761/3761
f 3794/3794/3794 3795/3795/3795 3762/3762/3762
f 3795/3795/3795 3796/3796/3796 3763/3763/3763
f 3796/3796/3796 3797/3797/3797 3764/3764/3764
f 3797/3797/3797 3798/3798/3798 3765/3765/3765
f 3798/3798/3798 3799/3799/3799 3766/3766/3766
f 3799/3799/3799 3800/3800/3800 3767/3767/3767
f 3800/3800/3800 3801/3801/3801 3768/3768/3768
f 3801/3801/3801 3802/3802/3802 3769/3769/3769
f 3802/3802/3802 3803/3803/3803 3770/3770/3770
f 3837/3837/3837 3836/3836/3836 3804/3804/3804
f 3838/3838/3838 3837/3837/3837 3805/3805/3805
f 3839/3839/3839 3838/3838/3838 3806/3806/3806
f 3840/3840/3840 3839/3839/3839 3807/3807/3807
f 3841/3841/3841 3840/3840/3840 3808/3808/3808
f 3842/3842/3842 3841/3841/3841 3809/3809/3809
f 3843/3843/3843 3842/3842/3842 3810/3810/3810
f 3844/3844/3844 3843/3843/3843 3811/3811/3811
f 3845/3845/3845 3844/3844/3844 3812/3812/3812
f 3846/3846/3846 3845/3845/3845 3813/3813/3813
f 3847/3847/3847 3846/3846/3846 3814/3814/3814
f 3848/3848/3848 3847/3847/3847 3815/3815/3815
f 3849/3849/3849 3848/3848/3848 3816/3816/3816
f 3850/3850/3850 3849/3849/3849 3817/3817/3817
f 3851/3851/3851 3850/3850/3850 3818/3818/3818
f 3852/3852/3852 3851/3851/3851 3819/3819/3819
f 3853/3853/3853 3852/3852/3852 3820/3820/3820
f 3854/3854/3854 3853/3853/3853 3821/3821/3821
f 3855/3855/3855 3854/3854/3854 3822/3822/3822
f 3856/3856/3856 3855/3855/3855 3823/3823/3823
f 3857/3857/3857 3856/3856/3856 3824/3824/3824
f 3858/3858/3858 3857/3857/3857 3825/3825/3825
f 3859/3859/3859 3858/3858/3858 3826/3826/3826
f 3860/3860/3860 3859/3859/3859 3827/3827/3827
f 3861/3861/3861 3860/3860/3860 3828/3828/3828
f 3862/3862/3862 3861/3861/3861 3829/3829/3829
f 3863/3863/3863 3862/3862/3862 3830/3830/3830
f 3864/3864/3864 3863/3863/3863 3831/3831/3831
f 3865/3865/3865 3864/3864/3864 3832/3832/3832
f 3866/3866/3866 3865/3865/3865 3833/3833/3833
f 3867/3867/3867 3866/3866/3866 3834/3834/3834
f 3868/3868/3868 3867/3867/3867 3835/3835/3835
o phleb_stool_post
usemtl steel
v -1.24 0.5799999916553498 1.5149999991059304
v -1.2246926629543304 0.5799999916553498 1.5119551815092565
v -1.2117157296836376 0.5799999916553498 1.5032842703163625
v -1.2030448184907436 0.5799999916553498 1.4903073370456696
v -1.2000000008940697 0.5799999916553498 1.475
v -1.2030448184907436 0.5799999916553498 1.4596926629543305
v -1.2117157296836376 0.5799999916553498 1.4467157296836377
v -1.2246926629543304 0.5799999916553498 1.4380448184907437
v -1.24 0.5799999916553498 1.4350000008940698
v -1.2553073370456695 0.5799999916553498 1.4380448184907437
v -1.2682842703163624 0.5799999916553498 1.4467157296836377
v -1.2769551815092564 0.5799999916553498 1.4596926629543305
v -1.2799999991059303 0.5799999916553498 1.475
v -1.2769551815092564 0.5799999916553498 1.4903073370456696
v -1.2682842703163624 0.5799999916553498 1.5032842703163625
v -1.2553073370456695 0.5799999916553498 1.5119551815092565
v -1.24 0.5799999916553498 1.5149999991059304
v -1.24 8.344650248570673e-9 1.5149999991059304
v -1.2246926629543304 8.344650248570673e-9 1.5119551815092565
v -1.2117157296836376 8.344650248570673e-9 1.5032842703163625
v -1.2030448184907436 8.344650248570673e-9 1.4903073370456696
v -1.2000000008940697 8.344650248570673e-9 1.475
v -1.2030448184907436 8.344650248570673e-9 1.4596926629543305
v -1.2117157296836376 8.344650248570673e-9 1.4467157296836377
v -1.2246926629543304 8.344650248570673e-9 1.4380448184907437
v -1.24 8.344650248570673e-9 1.4350000008940698
v -1.2553073370456695 8.344650248570673e-9 1.4380448184907437
v -1.2682842703163624 8.344650248570673e-9 1.4467157296836377
v -1.2769551815092564 8.344650248570673e-9 1.4596926629543305
v -1.2799999991059303 8.344650248570673e-9 1.475
v -1.2769551815092564 8.344650248570673e-9 1.4903073370456696
v -1.2682842703163624 8.344650248570673e-9 1.5032842703163625
v -1.2553073370456695 8.344650248570673e-9 1.5119551815092565
v -1.24 8.344650248570673e-9 1.5149999991059304
v -1.24 0.5799999916553498 1.475
v -1.24 0.5799999916553498 1.475
v -1.24 0.5799999916553498 1.475
v -1.24 0.5799999916553498 1.475
v -1.24 0.5799999916553498 1.475
v -1.24 0.5799999916553498 1.475
v -1.24 0.5799999916553498 1.475
v -1.24 0.5799999916553498 1.475
v -1.24 0.5799999916553498 1.475
v -1.24 0.5799999916553498 1.475
v -1.24 0.5799999916553498 1.475
v -1.24 0.5799999916553498 1.475
v -1.24 0.5799999916553498 1.475
v -1.24 0.5799999916553498 1.475
v -1.24 0.5799999916553498 1.475
v -1.24 0.5799999916553498 1.475
v -1.24 0.5799999916553498 1.5149999991059304
v -1.2246926629543304 0.5799999916553498 1.5119551815092565
v -1.2117157296836376 0.5799999916553498 1.5032842703163625
v -1.2030448184907436 0.5799999916553498 1.4903073370456696
v -1.2000000008940697 0.5799999916553498 1.475
v -1.2030448184907436 0.5799999916553498 1.4596926629543305
v -1.2117157296836376 0.5799999916553498 1.4467157296836377
v -1.2246926629543304 0.5799999916553498 1.4380448184907437
v -1.24 0.5799999916553498 1.4350000008940698
v -1.2553073370456695 0.5799999916553498 1.4380448184907437
v -1.2682842703163624 0.5799999916553498 1.4467157296836377
v -1.2769551815092564 0.5799999916553498 1.4596926629543305
v -1.2799999991059303 0.5799999916553498 1.475
v -1.2769551815092564 0.5799999916553498 1.4903073370456696
v -1.2682842703163624 0.5799999916553498 1.5032842703163625
v -1.2553073370456695 0.5799999916553498 1.5119551815092565
v -1.24 0.5799999916553498 1.5149999991059304
v -1.24 8.344650248570673e-9 1.475
v -1.24 8.344650248570673e-9 1.475
v -1.24 8.344650248570673e-9 1.475
v -1.24 8.344650248570673e-9 1.475
v -1.24 8.344650248570673e-9 1.475
v -1.24 8.344650248570673e-9 1.475
v -1.24 8.344650248570673e-9 1.475
v -1.24 8.344650248570673e-9 1.475
v -1.24 8.344650248570673e-9 1.475
v -1.24 8.344650248570673e-9 1.475
v -1.24 8.344650248570673e-9 1.475
v -1.24 8.344650248570673e-9 1.475
v -1.24 8.344650248570673e-9 1.475
v -1.24 8.344650248570673e-9 1.475
v -1.24 8.344650248570673e-9 1.475
v -1.24 8.344650248570673e-9 1.475
v -1.24 8.344650248570673e-9 1.5149999991059304
v -1.2246926629543304 8.344650248570673e-9 1.5119551815092565
v -1.2117157296836376 8.344650248570673e-9 1.5032842703163625
v -1.2030448184907436 8.344650248570673e-9 1.4903073370456696
v -1.2000000008940697 8.344650248570673e-9 1.475
v -1.2030448184907436 8.344650248570673e-9 1.4596926629543305
v -1.2117157296836376 8.344650248570673e-9 1.4467157296836377
v -1.2246926629543304 8.344650248570673e-9 1.4380448184907437
v -1.24 8.344650248570673e-9 1.4350000008940698
v -1.2553073370456695 8.344650248570673e-9 1.4380448184907437
v -1.2682842703163624 8.344650248570673e-9 1.4467157296836377
v -1.2769551815092564 8.344650248570673e-9 1.4596926629543305
v -1.2799999991059303 8.344650248570673e-9 1.475
v -1.2769551815092564 8.344650248570673e-9 1.4903073370456696
v -1.2682842703163624 8.344650248570673e-9 1.5032842703163625
v -1.2553073370456695 8.344650248570673e-9 1.5119551815092565
v -1.24 8.344650248570673e-9 1.5149999991059304
vt 0 1
vt 0.0625 1
vt 0.125 1
vt 0.1875 1
vt 0.25 1
vt 0.3125 1
vt 0.375 1
vt 0.4375 1
vt 0.5 1
vt 0.5625 1
vt 0.625 1
vt 0.6875 1
vt 0.75 1
vt 0.8125 1
vt 0.875 1
vt 0.9375 1
vt 1 1
vt 0 0
vt 0.0625 0
vt 0.125 0
vt 0.1875 0
vt 0.25 0
vt 0.3125 0
vt 0.375 0
vt 0.4375 0
vt 0.5 0
vt 0.5625 0
vt 0.625 0
vt 0.6875 0
vt 0.75 0
vt 0.8125 0
vt 0.875 0
vt 0.9375 0
vt 1 0
vt 0.5 0.5
vt 0.5 0.5
vt 0.5 0.5
vt 0.5 0.5
vt 0.5 0.5
vt 0.5 0.5
vt 0.5 0.5
vt 0.5 0.5
vt 0.5 0.5
vt 0.5 0.5
vt 0.5 0.5
vt 0.5 0.5
vt 0.5 0.5
vt 0.5 0.5
vt 0.5 0.5
vt 0.5 0.5
vt 1 0.5
vt 0.9619397521018982 0.6913416981697083
vt 0.8535534143447876 0.8535534143447876
vt 0.6913416981697083 0.9619397521018982
vt 0.5 1
vt 0.30865827202796936 0.9619397521018982
vt 0.1464466154575348 0.8535534143447876
vt 0.03806023299694061 0.6913416981697083
vt 0 0.5
vt 0.03806023299694061 0.30865827202796936
vt 0.1464466154575348 0.1464466154575348
vt 0.30865827202796936 0.03806023299694061
vt 0.5 0
vt 0.6913416981697083 0.03806023299694061
vt 0.8535534143447876 0.1464466154575348
vt 0.9619397521018982 0.30865827202796936
vt 1 0.5
vt 0.5 0.5
vt 0.5 0.5
vt 0.5 0.5
vt 0.5 0.5
vt 0.5 0.5
vt 0.5 0.5
vt 0.5 0.5
vt 0.5 0.5
vt 0.5 0.5
vt 0.5 0.5
vt 0.5 0.5
vt 0.5 0.5
vt 0.5 0.5
vt 0.5 0.5
vt 0.5 0.5
vt 0.5 0.5
vt 1 0.5
vt 0.9619397521018982 0.30865827202796936
vt 0.8535534143447876 0.1464466154575348
vt 0.6913416981697083 0.03806023299694061
vt 0.5 0
vt 0.30865827202796936 0.03806023299694061
vt 0.1464466154575348 0.1464466154575348
vt 0.03806023299694061 0.30865827202796936
vt 0 0.5
vt 0.03806023299694061 0.6913416981697083
vt 0.1464466154575348 0.8535534143447876
vt 0.30865827202796936 0.9619397521018982
vt 0.5 1
vt 0.6913416981697083 0.9619397521018982
vt 0.8535534143447876 0.8535534143447876
vt 0.9619397521018982 0.6913416981697083
vt 1 0.5
vn 0 0 1
vn 0.3826834370613369 0 0.9238795305660377
vn 0.7071067811865476 0 0.7071067811865476
vn 0.9238795305660377 0 0.3826834370613369
vn 1 0 6.123234262925839e-17
vn 0.9238795305660377 0 -0.3826834370613369
vn 0.7071067811865476 0 -0.7071067811865476
vn 0.3826834370613369 0 -0.9238795305660377
vn 1.2246468525851679e-16 0 -1
vn -0.3826834370613369 0 -0.9238795305660377
vn -0.7071067811865476 0 -0.7071067811865476
vn -0.9238795305660377 0 -0.3826834370613369
vn -1 0 -1.8369701465288538e-16
vn -0.9238795305660377 0 0.3826834370613369
vn -0.7071067811865476 0 0.7071067811865476
vn -0.3826834370613369 0 0.9238795305660377
vn -2.4492937051703357e-16 0 1
vn 0 0 1
vn 0.3826834370613369 0 0.9238795305660377
vn 0.7071067811865476 0 0.7071067811865476
vn 0.9238795305660377 0 0.3826834370613369
vn 1 0 6.123234262925839e-17
vn 0.9238795305660377 0 -0.3826834370613369
vn 0.7071067811865476 0 -0.7071067811865476
vn 0.3826834370613369 0 -0.9238795305660377
vn 1.2246468525851679e-16 0 -1
vn -0.3826834370613369 0 -0.9238795305660377
vn -0.7071067811865476 0 -0.7071067811865476
vn -0.9238795305660377 0 -0.3826834370613369
vn -1 0 -1.8369701465288538e-16
vn -0.9238795305660377 0 0.3826834370613369
vn -0.7071067811865476 0 0.7071067811865476
vn -0.3826834370613369 0 0.9238795305660377
vn -2.4492937051703357e-16 0 1
vn 0 1 0
vn 0 1 0
vn 0 1 0
vn 0 1 0
vn 0 1 0
vn 0 1 0
vn 0 1 0
vn 0 1 0
vn 0 1 0
vn 0 1 0
vn 0 1 0
vn 0 1 0
vn 0 1 0
vn 0 1 0
vn 0 1 0
vn 0 1 0
vn 0 1 0
vn 0 1 0
vn 0 1 0
vn 0 1 0
vn 0 1 0
vn 0 1 0
vn 0 1 0
vn 0 1 0
vn 0 1 0
vn 0 1 0
vn 0 1 0
vn 0 1 0
vn 0 1 0
vn 0 1 0
vn 0 1 0
vn 0 1 0
vn 0 1 0
vn 0 -1 0
vn 0 -1 0
vn 0 -1 0
vn 0 -1 0
vn 0 -1 0
vn 0 -1 0
vn 0 -1 0
vn 0 -1 0
vn 0 -1 0
vn 0 -1 0
vn 0 -1 0
vn 0 -1 0
vn 0 -1 0
vn 0 -1 0
vn 0 -1 0
vn 0 -1 0
vn 0 -1 0
vn 0 -1 0
vn 0 -1 0
vn 0 -1 0
vn 0 -1 0
vn 0 -1 0
vn 0 -1 0
vn 0 -1 0
vn 0 -1 0
vn 0 -1 0
vn 0 -1 0
vn 0 -1 0
vn 0 -1 0
vn 0 -1 0
vn 0 -1 0
vn 0 -1 0
vn 0 -1 0
f 3869/3869/3869 3886/3886/3886 3870/3870/3870
f 3886/3886/3886 3887/3887/3887 3870/3870/3870
f 3870/3870/3870 3887/3887/3887 3871/3871/3871
f 3887/3887/3887 3888/3888/3888 3871/3871/3871
f 3871/3871/3871 3888/3888/3888 3872/3872/3872
f 3888/3888/3888 3889/3889/3889 3872/3872/3872
f 3872/3872/3872 3889/3889/3889 3873/3873/3873
f 3889/3889/3889 3890/3890/3890 3873/3873/3873
f 3873/3873/3873 3890/3890/3890 3874/3874/3874
f 3890/3890/3890 3891/3891/3891 3874/3874/3874
f 3874/3874/3874 3891/3891/3891 3875/3875/3875
f 3891/3891/3891 3892/3892/3892 3875/3875/3875
f 3875/3875/3875 3892/3892/3892 3876/3876/3876
f 3892/3892/3892 3893/3893/3893 3876/3876/3876
f 3876/3876/3876 3893/3893/3893 3877/3877/3877
f 3893/3893/3893 3894/3894/3894 3877/3877/3877
f 3877/3877/3877 3894/3894/3894 3878/3878/3878
f 3894/3894/3894 3895/3895/3895 3878/3878/3878
f 3878/3878/3878 3895/3895/3895 3879/3879/3879
f 3895/3895/3895 3896/3896/3896 3879/3879/3879
f 3879/3879/3879 3896/3896/3896 3880/3880/3880
f 3896/3896/3896 3897/3897/3897 3880/3880/3880
f 3880/3880/3880 3897/3897/3897 3881/3881/3881
f 3897/3897/3897 3898/3898/3898 3881/3881/3881
f 3881/3881/3881 3898/3898/3898 3882/3882/3882
f 3898/3898/3898 3899/3899/3899 3882/3882/3882
f 3882/3882/3882 3899/3899/3899 3883/3883/3883
f 3899/3899/3899 3900/3900/3900 3883/3883/3883
f 3883/3883/3883 3900/3900/3900 3884/3884/3884
f 3900/3900/3900 3901/3901/3901 3884/3884/3884
f 3884/3884/3884 3901/3901/3901 3885/3885/3885
f 3901/3901/3901 3902/3902/3902 3885/3885/3885
f 3919/3919/3919 3920/3920/3920 3903/3903/3903
f 3920/3920/3920 3921/3921/3921 3904/3904/3904
f 3921/3921/3921 3922/3922/3922 3905/3905/3905
f 3922/3922/3922 3923/3923/3923 3906/3906/3906
f 3923/3923/3923 3924/3924/3924 3907/3907/3907
f 3924/3924/3924 3925/3925/3925 3908/3908/3908
f 3925/3925/3925 3926/3926/3926 3909/3909/3909
f 3926/3926/3926 3927/3927/3927 3910/3910/3910
f 3927/3927/3927 3928/3928/3928 3911/3911/3911
f 3928/3928/3928 3929/3929/3929 3912/3912/3912
f 3929/3929/3929 3930/3930/3930 3913/3913/3913
f 3930/3930/3930 3931/3931/3931 3914/3914/3914
f 3931/3931/3931 3932/3932/3932 3915/3915/3915
f 3932/3932/3932 3933/3933/3933 3916/3916/3916
f 3933/3933/3933 3934/3934/3934 3917/3917/3917
f 3934/3934/3934 3935/3935/3935 3918/3918/3918
f 3953/3953/3953 3952/3952/3952 3936/3936/3936
f 3954/3954/3954 3953/3953/3953 3937/3937/3937
f 3955/3955/3955 3954/3954/3954 3938/3938/3938
f 3956/3956/3956 3955/3955/3955 3939/3939/3939
f 3957/3957/3957 3956/3956/3956 3940/3940/3940
f 3958/3958/3958 3957/3957/3957 3941/3941/3941
f 3959/3959/3959 3958/3958/3958 3942/3942/3942
f 3960/3960/3960 3959/3959/3959 3943/3943/3943
f 3961/3961/3961 3960/3960/3960 3944/3944/3944
f 3962/3962/3962 3961/3961/3961 3945/3945/3945
f 3963/3963/3963 3962/3962/3962 3946/3946/3946
f 3964/3964/3964 3963/3963/3963 3947/3947/3947
f 3965/3965/3965 3964/3964/3964 3948/3948/3948
f 3966/3966/3966 3965/3965/3965 3949/3949/3949
f 3967/3967/3967 3966/3966/3966 3950/3950/3950
f 3968/3968/3968 3967/3967/3967 3951/3951/3951
o phleb_stool_base
usemtl steel
v -1.24 0.029999999664723873 1.6750000029802323
v -1.1882361897826195 0.029999999664723873 1.6681851655244828
v -1.1399999985098839 0.029999999664723873 1.648205077648163
v -1.0985786372423172 0.029999999664723873 1.616421362757683
v -1.0667949223518371 0.029999999664723873 1.5750000014901162
v -1.0468148344755173 0.029999999664723873 1.5267638102173806
v -1.0399999970197678 0.029999999664723873 1.475
v -1.0468148344755173 0.029999999664723873 1.4232361897826196
v -1.0667949223518371 0.029999999664723873 1.374999998509884
v -1.0985786372423172 0.029999999664723873 1.3335786372423173
v -1.1399999985098839 0.029999999664723873 1.3017949223518372
v -1.1882361897826195 0.029999999664723873 1.2818148344755174
v -1.24 0.029999999664723873 1.2749999970197679
v -1.2917638102173805 0.029999999664723873 1.2818148344755174
v -1.340000001490116 0.029999999664723873 1.3017949223518372
v -1.3814213627576828 0.029999999664723873 1.3335786372423173
v -1.4132050776481628 0.029999999664723873 1.374999998509884
v -1.4331851655244827 0.029999999664723873 1.4232361897826196
v -1.4400000029802322 0.029999999664723873 1.475
v -1.4331851655244827 0.029999999664723873 1.5267638102173806
v -1.4132050776481628 0.029999999664723873 1.5750000014901162
v -1.3814213627576828 0.029999999664723873 1.616421362757683
v -1.340000001490116 0.029999999664723873 1.648205077648163
v -1.2917638102173805 0.029999999664723873 1.6681851655244828
v -1.24 0.029999999664723873 1.6750000029802323
v -1.24 3.3527612630646075e-10 1.6750000029802323
v -1.1882361897826195 3.3527612630646075e-10 1.6681851655244828
v -1.1399999985098839 3.3527612630646075e-10 1.648205077648163
v -1.0985786372423172 3.3527612630646075e-10 1.616421362757683
v -1.0667949223518371 3.3527612630646075e-10 1.5750000014901162
v -1.0468148344755173 3.3527612630646075e-10 1.5267638102173806
v -1.0399999970197678 3.3527612630646075e-10 1.475
v -1.0468148344755173 3.3527612630646075e-10 1.4232361897826196
v -1.0667949223518371 3.3527612630646075e-10 1.374999998509884
v -1.0985786372423172 3.3527612630646075e-10 1.3335786372423173
v -1.1399999985098839 3.3527612630646075e-10 1.3017949223518372
v -1.1882361897826195 3.3527612630646075e-10 1.2818148344755174
v -1.24 3.3527612630646075e-10 1.2749999970197679
v -1.2917638102173805 3.3527612630646075e-10 1.2818148344755174
v -1.340000001490116 3.3527612630646075e-10 1.3017949223518372
v -1.3814213627576828 3.3527612630646075e-10 1.3335786372423173
v -1.4132050776481628 3.3527612630646075e-10 1.374999998509884
v -1.4331851655244827 3.3527612630646075e-10 1.4232361897826196
v -1.4400000029802322 3.3527612630646075e-10 1.475
v -1.4331851655244827 3.3527612630646075e-10 1.5267638102173806
v -1.4132050776481628 3.3527612630646075e-10 1.5750000014901162
v -1.3814213627576828 3.3527612630646075e-10 1.616421362757683
v -1.340000001490116 3.3527612630646075e-10 1.648205077648163
v -1.2917638102173805 3.3527612630646075e-10 1.6681851655244828
v -1.24 3.3527612630646075e-10 1.6750000029802323
v -1.24 0.029999999664723873 1.475
v -1.24 0.029999999664723873 1.475
v -1.24 0.029999999664723873 1.475
v -1.24 0.029999999664723873 1.475
v -1.24 0.029999999664723873 1.475
v -1.24 0.029999999664723873 1.475
v -1.24 0.029999999664723873 1.475
v -1.24 0.029999999664723873 1.475
v -1.24 0.029999999664723873 1.475
v -1.24 0.029999999664723873 1.475
v -1.24 0.029999999664723873 1.475
v -1.24 0.029999999664723873 1.475
v -1.24 0.029999999664723873 1.475
v -1.24 0.029999999664723873 1.475
v -1.24 0.029999999664723873 1.475
v -1.24 0.029999999664723873 1.475
v -1.24 0.029999999664723873 1.475
v -1.24 0.029999999664723873 1.475
v -1.24 0.029999999664723873 1.475
v -1.24 0.029999999664723873 1.475
v -1.24 0.029999999664723873 1.475
v -1.24 0.029999999664723873 1.475
v -1.24 0.029999999664723873 1.475
v -1.24 0.029999999664723873 1.475
v -1.24 0.029999999664723873 1.6750000029802323
v -1.1882361897826195 0.029999999664723873 1.6681851655244828
v -1.1399999985098839 0.029999999664723873 1.648205077648163
v -1.0985786372423172 0.029999999664723873 1.616421362757683
v -1.0667949223518371 0.029999999664723873 1.5750000014901162
v -1.0468148344755173 0.029999999664723873 1.5267638102173806
v -1.0399999970197678 0.029999999664723873 1.475
v -1.0468148344755173 0.029999999664723873 1.4232361897826196
v -1.0667949223518371 0.029999999664723873 1.374999998509884
v -1.0985786372423172 0.029999999664723873 1.3335786372423173
v -1.1399999985098839 0.029999999664723873 1.3017949223518372
v -1.1882361897826195 0.029999999664723873 1.2818148344755174
v -1.24 0.029999999664723873 1.2749999970197679
v -1.2917638102173805 0.029999999664723873 1.2818148344755174
v -1.340000001490116 0.029999999664723873 1.3017949223518372
v -1.3814213627576828 0.029999999664723873 1.3335786372423173
v -1.4132050776481628 0.029999999664723873 1.374999998509884
v -1.4331851655244827 0.029999999664723873 1.4232361897826196
v -1.4400000029802322 0.029999999664723873 1.475
v -1.4331851655244827 0.029999999664723873 1.5267638102173806
v -1.4132050776481628 0.029999999664723873 1.5750000014901162
v -1.3814213627576828 0.029999999664723873 1.616421362757683
v -1.340000001490116 0.029999999664723873 1.648205077648163
v -1.2917638102173805 0.029999999664723873 1.6681851655244828
v -1.24 0.029999999664723873 1.6750000029802323
v -1.24 3.3527612630646075e-10 1.475
v -1.24 3.3527612630646075e-10 1.475
v -1.24 3.3527612630646075e-10 1.475
v -1.24 3.3527612630646075e-10 1.475
v -1.24 3.3527612630646075e-10 1.475
v -1.24 3.3527612630646075e-10 1.475
v -1.24 3.3527612630646075e-10 1.475
v -1.24 3.3527612630646075e-10 1.475
v -1.24 3.3527612630646075e-10 1.475
v -1.24 3.3527612630646075e-10 1.475
v -1.24 3.3527612630646075e-10 1.475
v -1.24 3.3527612630646075e-10 1.475
v -1.24 3.3527612630646075e-10 1.475
v -1.24 3.3527612630646075e-10 1.475
v -1.24 3.3527612630646075e-10 1.475
v -1.24 3.3527612630646075e-10 1.475
v -1.24 3.3527612630646075e-10 1.475
v -1.24 3.3527612630646075e-10 1.475
v -1.24 3.3527612630646075e-10 1.475
v -1.24 3.3527612630646075e-10 1.475
v -1.24 3.3527612630646075e-10 1.475
v -1.24 3.3527612630646075e-10 1.475
v -1.24 3.3527612630646075e-10 1.475
v -1.24 3.3527612630646075e-10 1.475
v -1.24 3.3527612630646075e-10 1.6750000029802323
v -1.1882361897826195 3.3527612630646075e-10 1.6681851655244828
v -1.1399999985098839 3.3527612630646075e-10 1.648205077648163
v -1.0985786372423172 3.3527612630646075e-10 1.616421362757683
v -1.0667949223518371 3.3527612630646075e-10 1.5750000014901162
v -1.0468148344755173 3.3527612630646075e-10 1.5267638102173806
v -1.0399999970197678 3.3527612630646075e-10 1.475
v -1.0468148344755173 3.3527612630646075e-10 1.4232361897826196
v -1.0667949223518371 3.3527612630646075e-10 1.374999998509884
v -1.0985786372423172 3.3527612630646075e-10 1.3335786372423173
v -1.1399999985098839 3.3527612630646075e-10 1.3017949223518372
v -1.1882361897826195 3.3527612630646075e-10 1.2818148344755174
v -1.24 3.3527612630646075e-10 1.2749999970197679
v -1.2917638102173805 3.3527612630646075e-10 1.2818148344755174
v -1.340000001490116 3.3527612630646075e-10 1.3017949223518372
v -1.3814213627576828 3.3527612630646075e-10 1.3335786372423173
v -1.4132050776481628 3.3527612630646075e-10 1.374999998509884
v -1.4331851655244827 3.3527612630646075e-10 1.4232361897826196
v -1.4400000029802322 3.3527612630646075e-10 1.475
v -1.4331851655244827 3.3527612630646075e-10 1.5267638102173806
v -1.4132050776481628 3.3527612630646075e-10 1.5750000014901162
v -1.3814213627576828 3.3527612630646075e-10 1.616421362757683
v -1.340000001490116 3.3527612630646075e-10 1.648205077648163
v -1.2917638102173805 3.3527612630646075e-10 1.6681851655244828
v -1.24 3.3527612630646075e-10 1.6750000029802323
vt 0 1
vt 0.0416666679084301 1
vt 0.0833333358168602 1
vt 0.125 1
vt 0.1666666716337204 1
vt 0.2083333283662796 1
vt 0.25 1
vt 0.2916666567325592 1
vt 0.3333333432674408 1
vt 0.375 1
vt 0.4166666567325592 1
vt 0.4583333432674408 1
vt 0.5 1
vt 0.5416666865348816 1
vt 0.5833333134651184 1
vt 0.625 1
vt 0.6666666865348816 1
vt 0.7083333134651184 1
vt 0.75 1
vt 0.7916666865348816 1
vt 0.8333333134651184 1
vt 0.875 1
vt 0.9166666865348816 1
vt 0.9583333134651184 1
vt 1 1
vt 0 0
vt 0.0416666679084301 0
vt 0.0833333358168602 0
vt 0.125 0
vt 0.1666666716337204 0
vt 0.2083333283662796 0
vt 0.25 0
vt 0.2916666567325592 0
vt 0.3333333432674408 0
vt 0.375 0
vt 0.4166666567325592 0
vt 0.4583333432674408 0
vt 0.5 0
vt 0.5416666865348816 0
vt 0.5833333134651184 0
vt 0.625 0
vt 0.6666666865348816 0
vt 0.7083333134651184 0
vt 0.75 0
vt 0.7916666865348816 0
vt 0.8333333134651184 0
vt 0.875 0
vt 0.9166666865348816 0
vt 0.9583333134651184 0
vt 1 0
vt 0.5 0.5
vt 0.5 0.5
vt 0.5 0.5
vt 0.5 0.5
vt 0.5 0.5
vt 0.5 0.5
vt 0.5 0.5
vt 0.5 0.5
vt 0.5 0.5
vt 0.5 0.5
vt 0.5 0.5
vt 0.5 0.5
vt 0.5 0.5
vt 0.5 0.5
vt 0.5 0.5
vt 0.5 0.5
vt 0.5 0.5
vt 0.5 0.5
vt 0.5 0.5
vt 0.5 0.5
vt 0.5 0.5
vt 0.5 0.5
vt 0.5 0.5
vt 0.5 0.5
vt 1 0.5
vt 0.9829629063606262 0.6294095516204834
vt 0.9330127239227295 0.75
vt 0.8535534143447876 0.8535534143447876
vt 0.75 0.9330127239227295
vt 0.6294095516204834 0.9829629063606262
vt 0.5 1
vt 0.370590478181839 0.9829629063606262
vt 0.25 0.9330127239227295
vt 0.1464466154575348 0.8535534143447876
vt 0.0669872984290123 0.75
vt 0.017037086188793182 0.6294095516204834
vt 0 0.5
vt 0.017037086188793182 0.370590478181839
vt 0.0669872984290123 0.25
vt 0.1464466154575348 0.1464466154575348
vt 0.25 0.0669872984290123
vt 0.370590478181839 0.017037086188793182
vt 0.5 0
vt 0.6294095516204834 0.017037086188793182
vt 0.75 0.0669872984290123
vt 0.8535534143447876 0.1464466154575348
vt 0.9330127239227295 0.25
vt 0.9829629063606262 0.370590478181839
vt 1 0.5
vt 0.5 0.5
vt 0.5 0.5
vt 0.5 0.5
vt 0.5 0.5
vt 0.5 0.5
vt 0.5 0.5
vt 0.5 0.5
vt 0.5 0.5
vt 0.5 0.5
vt 0.5 0.5
vt 0.5 0.5
vt 0.5 0.5
vt 0.5 0.5
vt 0.5 0.5
vt 0.5 0.5
vt 0.5 0.5
vt 0.5 0.5
vt 0.5 0.5
vt 0.5 0.5
vt 0.5 0.5
vt 0.5 0.5
vt 0.5 0.5
vt 0.5 0.5
vt 0.5 0.5
vt 1 0.5
vt 0.9829629063606262 0.370590478181839
vt 0.9330127239227295 0.25
vt 0.8535534143447876 0.1464466154575348
vt 0.75 0.0669872984290123
vt 0.6294095516204834 0.017037086188793182
vt 0.5 0
vt 0.370590478181839 0.017037086188793182
vt 0.25 0.0669872984290123
vt 0.1464466154575348 0.1464466154575348
vt 0.0669872984290123 0.25
vt 0.017037086188793182 0.370590478181839
vt 0 0.5
vt 0.017037086188793182 0.6294095516204834
vt 0.0669872984290123 0.75
vt 0.1464466154575348 0.8535534143447876
vt 0.25 0.9330127239227295
vt 0.370590478181839 0.9829629063606262
vt 0.5 1
vt 0.6294095516204834 0.9829629063606262
vt 0.75 0.9330127239227295
vt 0.8535534143447876 0.8535534143447876
vt 0.9330127239227295 0.75
vt 0.9829629063606262 0.6294095516204834
vt 1 0.5
vn 0 0 1
vn 0.2588190471264927 0 0.9659258257467466
vn 0.5000000067305869 0 0.8660253998985324
vn 0.7071067811865476 0 0.7071067811865476
vn 0.8660253998985324 0 0.5000000067305869
vn 0.9659258257467466 0 0.2588190471264927
vn 1 0 6.123234262925839e-17
vn 0.9659258257467466 0 -0.2588190471264927
vn 0.8660253998985324 0 -0.5000000067305869
vn 0.7071067811865476 0 -0.7071067811865476
vn 0.5000000067305869 0 -0.8660253998985324
vn 0.2588190471264927 0 -0.9659258257467466
vn 1.2246468525851679e-16 0 -1
vn -0.2588190471264927 0 -0.9659258257467466
vn -0.5000000067305869 0 -0.8660253998985324
vn -0.7071067811865476 0 -0.7071067811865476
vn -0.8660253998985324 0 -0.5000000067305869
vn -0.9659258257467466 0 -0.2588190471264927
vn -1 0 -1.8369701465288538e-16
vn -0.9659258257467466 0 0.2588190471264927
vn -0.8660253998985324 0 0.5000000067305869
vn -0.7071067811865476 0 0.7071067811865476
vn -0.5000000067305869 0 0.8660253998985324
vn -0.2588190471264927 0 0.9659258257467466
vn -2.4492937051703357e-16 0 1
vn 0 0 1
vn 0.2588190471264927 0 0.9659258257467466
vn 0.5000000067305869 0 0.8660253998985324
vn 0.7071067811865476 0 0.7071067811865476
vn 0.8660253998985324 0 0.5000000067305869
vn 0.9659258257467466 0 0.2588190471264927
vn 1 0 6.123234262925839e-17
vn 0.9659258257467466 0 -0.2588190471264927
vn 0.8660253998985324 0 -0.5000000067305869
vn 0.7071067811865476 0 -0.7071067811865476
vn 0.5000000067305869 0 -0.8660253998985324
vn 0.2588190471264927 0 -0.9659258257467466
vn 1.2246468525851679e-16 0 -1
vn -0.2588190471264927 0 -0.9659258257467466
vn -0.5000000067305869 0 -0.8660253998985324
vn -0.7071067811865476 0 -0.7071067811865476
vn -0.8660253998985324 0 -0.5000000067305869
vn -0.9659258257467466 0 -0.2588190471264927
vn -1 0 -1.8369701465288538e-16
vn -0.9659258257467466 0 0.2588190471264927
vn -0.8660253998985324 0 0.5000000067305869
vn -0.7071067811865476 0 0.7071067811865476
vn -0.5000000067305869 0 0.8660253998985324
vn -0.2588190471264927 0 0.9659258257467466
vn -2.4492937051703357e-16 0 1
vn 0 1 0
vn 0 1 0
vn 0 1 0
vn 0 1 0
vn 0 1 0
vn 0 1 0
vn 0 1 0
vn 0 1 0
vn 0 1 0
vn 0 1 0
vn 0 1 0
vn 0 1 0
vn 0 1 0
vn 0 1 0
vn 0 1 0
vn 0 1 0
vn 0 1 0
vn 0 1 0
vn 0 1 0
vn 0 1 0
vn 0 1 0
vn 0 1 0
vn 0 1 0
vn 0 1 0
vn 0 1 0
vn 0 1 0
vn 0 1 0
vn 0 1 0
vn 0 1 0
vn 0 1 0
vn 0 1 0
vn 0 1 0
vn 0 1 0
vn 0 1 0
vn 0 1 0
vn 0 1 0
vn 0 1 0
vn 0 1 0
vn 0 1 0
vn 0 1 0
vn 0 1 0
vn 0 1 0
vn 0 1 0
vn 0 1 0
vn 0 1 0
vn 0 1 0
vn 0 1 0
vn 0 1 0
vn 0 1 0
vn 0 -1 0
vn 0 -1 0
vn 0 -1 0
vn 0 -1 0
vn 0 -1 0
vn 0 -1 0
vn 0 -1 0
vn 0 -1 0
vn 0 -1 0
vn 0 -1 0
vn 0 -1 0
vn 0 -1 0
vn 0 -1 0
vn 0 -1 0
vn 0 -1 0
vn 0 -1 0
vn 0 -1 0
vn 0 -1 0
vn 0 -1 0
vn 0 -1 0
vn 0 -1 0
vn 0 -1 0
vn 0 -1 0
vn 0 -1 0
vn 0 -1 0
vn 0 -1 0
vn 0 -1 0
vn 0 -1 0
vn 0 -1 0
vn 0 -1 0
vn 0 -1 0
vn 0 -1 0
vn 0 -1 0
vn 0 -1 0
vn 0 -1 0
vn 0 -1 0
vn 0 -1 0
vn 0 -1 0
vn 0 -1 0
vn 0 -1 0
vn 0 -1 0
vn 0 -1 0
vn 0 -1 0
vn 0 -1 0
vn 0 -1 0
vn 0 -1 0
vn 0 -1 0
vn 0 -1 0
vn 0 -1 0
f 3969/3969/3969 3994/3994/3994 3970/3970/3970
f 3994/3994/3994 3995/3995/3995 3970/3970/3970
f 3970/3970/3970 3995/3995/3995 3971/3971/3971
f 3995/3995/3995 3996/3996/3996 3971/3971/3971
f 3971/3971/3971 3996/3996/3996 3972/3972/3972
f 3996/3996/3996 3997/3997/3997 3972/3972/3972
f 3972/3972/3972 3997/3997/3997 3973/3973/3973
f 3997/3997/3997 3998/3998/3998 3973/3973/3973
f 3973/3973/3973 3998/3998/3998 3974/3974/3974
f 3998/3998/3998 3999/3999/3999 3974/3974/3974
f 3974/3974/3974 3999/3999/3999 3975/3975/3975
f 3999/3999/3999 4000/4000/4000 3975/3975/3975
f 3975/3975/3975 4000/4000/4000 3976/3976/3976
f 4000/4000/4000 4001/4001/4001 3976/3976/3976
f 3976/3976/3976 4001/4001/4001 3977/3977/3977
f 4001/4001/4001 4002/4002/4002 3977/3977/3977
f 3977/3977/3977 4002/4002/4002 3978/3978/3978
f 4002/4002/4002 4003/4003/4003 3978/3978/3978
f 3978/3978/3978 4003/4003/4003 3979/3979/3979
f 4003/4003/4003 4004/4004/4004 3979/3979/3979
f 3979/3979/3979 4004/4004/4004 3980/3980/3980
f 4004/4004/4004 4005/4005/4005 3980/3980/3980
f 3980/3980/3980 4005/4005/4005 3981/3981/3981
f 4005/4005/4005 4006/4006/4006 3981/3981/3981
f 3981/3981/3981 4006/4006/4006 3982/3982/3982
f 4006/4006/4006 4007/4007/4007 3982/3982/3982
f 3982/3982/3982 4007/4007/4007 3983/3983/3983
f 4007/4007/4007 4008/4008/4008 3983/3983/3983
f 3983/3983/3983 4008/4008/4008 3984/3984/3984
f 4008/4008/4008 4009/4009/4009 3984/3984/3984
f 3984/3984/3984 4009/4009/4009 3985/3985/3985
f 4009/4009/4009 4010/4010/4010 3985/3985/3985
f 3985/3985/3985 4010/4010/4010 3986/3986/3986
f 4010/4010/4010 4011/4011/4011 3986/3986/3986
f 3986/3986/3986 4011/4011/4011 3987/3987/3987
f 4011/4011/4011 4012/4012/4012 3987/3987/3987
f 3987/3987/3987 4012/4012/4012 3988/3988/3988
f 4012/4012/4012 4013/4013/4013 3988/3988/3988
f 3988/3988/3988 4013/4013/4013 3989/3989/3989
f 4013/4013/4013 4014/4014/4014 3989/3989/3989
f 3989/3989/3989 4014/4014/4014 3990/3990/3990
f 4014/4014/4014 4015/4015/4015 3990/3990/3990
f 3990/3990/3990 4015/4015/4015 3991/3991/3991
f 4015/4015/4015 4016/4016/4016 3991/3991/3991
f 3991/3991/3991 4016/4016/4016 3992/3992/3992
f 4016/4016/4016 4017/4017/4017 3992/3992/3992
f 3992/3992/3992 4017/4017/4017 3993/3993/3993
f 4017/4017/4017 4018/4018/4018 3993/3993/3993
f 4043/4043/4043 4044/4044/4044 4019/4019/4019
f 4044/4044/4044 4045/4045/4045 4020/4020/4020
f 4045/4045/4045 4046/4046/4046 4021/4021/4021
f 4046/4046/4046 4047/4047/4047 4022/4022/4022
f 4047/4047/4047 4048/4048/4048 4023/4023/4023
f 4048/4048/4048 4049/4049/4049 4024/4024/4024
f 4049/4049/4049 4050/4050/4050 4025/4025/4025
f 4050/4050/4050 4051/4051/4051 4026/4026/4026
f 4051/4051/4051 4052/4052/4052 4027/4027/4027
f 4052/4052/4052 4053/4053/4053 4028/4028/4028
f 4053/4053/4053 4054/4054/4054 4029/4029/4029
f 4054/4054/4054 4055/4055/4055 4030/4030/4030
f 4055/4055/4055 4056/4056/4056 4031/4031/4031
f 4056/4056/4056 4057/4057/4057 4032/4032/4032
f 4057/4057/4057 4058/4058/4058 4033/4033/4033
f 4058/4058/4058 4059/4059/4059 4034/4034/4034
f 4059/4059/4059 4060/4060/4060 4035/4035/4035
f 4060/4060/4060 4061/4061/4061 4036/4036/4036
f 4061/4061/4061 4062/4062/4062 4037/4037/4037
f 4062/4062/4062 4063/4063/4063 4038/4038/4038
f 4063/4063/4063 4064/4064/4064 4039/4039/4039
f 4064/4064/4064 4065/4065/4065 4040/4040/4040
f 4065/4065/4065 4066/4066/4066 4041/4041/4041
f 4066/4066/4066 4067/4067/4067 4042/4042/4042
f 4093/4093/4093 4092/4092/4092 4068/4068/4068
f 4094/4094/4094 4093/4093/4093 4069/4069/4069
f 4095/4095/4095 4094/4094/4094 4070/4070/4070
f 4096/4096/4096 4095/4095/4095 4071/4071/4071
f 4097/4097/4097 4096/4096/4096 4072/4072/4072
f 4098/4098/4098 4097/4097/4097 4073/4073/4073
f 4099/4099/4099 4098/4098/4098 4074/4074/4074
f 4100/4100/4100 4099/4099/4099 4075/4075/4075
f 4101/4101/4101 4100/4100/4100 4076/4076/4076
f 4102/4102/4102 4101/4101/4101 4077/4077/4077
f 4103/4103/4103 4102/4102/4102 4078/4078/4078
f 4104/4104/4104 4103/4103/4103 4079/4079/4079
f 4105/4105/4105 4104/4104/4104 4080/4080/4080
f 4106/4106/4106 4105/4105/4105 4081/4081/4081
f 4107/4107/4107 4106/4106/4106 4082/4082/4082
f 4108/4108/4108 4107/4107/4107 4083/4083/4083
f 4109/4109/4109 4108/4108/4108 4084/4084/4084
f 4110/4110/4110 4109/4109/4109 4085/4085/4085
f 4111/4111/4111 4110/4110/4110 4086/4086/4086
f 4112/4112/4112 4111/4111/4111 4087/4087/4087
f 4113/4113/4113 4112/4112/4112 4088/4088/4088
f 4114/4114/4114 4113/4113/4113 4089/4089/4089
f 4115/4115/4115 4114/4114/4114 4090/4090/4090
f 4116/4116/4116 4115/4115/4115 4091/4091/4091
o reception_counter
usemtl cabinet
v -1.449999988079071 1.049999976158142 3.2049999916553498
v -1.449999988079071 1.049999976158142 2.6250000083446503
v -1.449999988079071 2.384185793236071e-8 3.2049999916553498
v -1.449999988079071 2.384185793236071e-8 2.6250000083446503
v -2.800000011920929 1.049999976158142 2.6250000083446503
v -2.800000011920929 1.049999976158142 3.2049999916553498
v -2.800000011920929 2.384185793236071e-8 2.6250000083446503
v -2.800000011920929 2.384185793236071e-8 3.2049999916553498
v -2.800000011920929 1.049999976158142 2.6250000083446503
v -1.449999988079071 1.049999976158142 2.6250000083446503
v -2.800000011920929 1.049999976158142 3.2049999916553498
v -1.449999988079071 1.049999976158142 3.2049999916553498
v -2.800000011920929 2.384185793236071e-8 3.2049999916553498
v -1.449999988079071 2.384185793236071e-8 3.2049999916553498
v -2.800000011920929 2.384185793236071e-8 2.6250000083446503
v -1.449999988079071 2.384185793236071e-8 2.6250000083446503
v -2.800000011920929 1.049999976158142 3.2049999916553498
v -1.449999988079071 1.049999976158142 3.2049999916553498
v -2.800000011920929 2.384185793236071e-8 3.2049999916553498
v -1.449999988079071 2.384185793236071e-8 3.2049999916553498
v -1.449999988079071 1.049999976158142 2.6250000083446503
v -2.800000011920929 1.049999976158142 2.6250000083446503
v -1.449999988079071 2.384185793236071e-8 2.6250000083446503
v -2.800000011920929 2.384185793236071e-8 2.6250000083446503
vt 0 1
vt 1 1
vt 0 0
vt 1 0
vt 0 1
vt 1 1
vt 0 0
vt 1 0
vt 0 1
vt 1 1
vt 0 0
vt 1 0
vt 0 1
vt 1 1
vt 0 0
vt 1 0
vt 0 1
vt 1 1
vt 0 0
vt 1 0
vt 0 1
vt 1 1
vt 0 0
vt 1 0
vn 1 0 0
vn 1 0 0
vn 1 0 0
vn 1 0 0
vn -1 0 0
vn -1 0 0
vn -1 0 0
vn -1 0 0
vn 0 1 0
vn 0 1 0
vn 0 1 0
vn 0 1 0
vn 0 -1 0
vn 0 -1 0
vn 0 -1 0
vn 0 -1 0
vn 0 0 1
vn 0 0 1
vn 0 0 1
vn 0 0 1
vn 0 0 -1
vn 0 0 -1
vn 0 0 -1
vn 0 0 -1
f 4117/4117/4117 4119/4119/4119 4118/4118/4118
f 4119/4119/4119 4120/4120/4120 4118/4118/4118
f 4121/4121/4121 4123/4123/4123 4122/4122/4122
f 4123/4123/4123 4124/4124/4124 4122/4122/4122
f 4125/4125/4125 4127/4127/4127 4126/4126/4126
f 4127/4127/4127 4128/4128/4128 4126/4126/4126
f 4129/4129/4129 4131/4131/4131 4130/4130/4130
f 4131/4131/4131 4132/4132/4132 4130/4130/4130
f 4133/4133/4133 4135/4135/4135 4134/4134/4134
f 4135/4135/4135 4136/4136/4136 4134/4134/4134
f 4137/4137/4137 4139/4139/4139 4138/4138/4138
f 4139/4139/4139 4140/4140/4140 4138/4138/4138
o reception_counter_top
usemtl bench_top
v -1.4100000262260437 1.100000000372529 3.245000013113022
v -1.4100000262260437 1.100000000372529 2.584999986886978
v -1.4100000262260437 1.049999999627471 3.245000013113022
v -1.4100000262260437 1.049999999627471 2.584999986886978
v -2.8399999737739563 1.100000000372529 2.584999986886978
v -2.8399999737739563 1.100000000372529 3.245000013113022
v -2.8399999737739563 1.049999999627471 2.584999986886978
v -2.8399999737739563 1.049999999627471 3.245000013113022
v -2.8399999737739563 1.100000000372529 2.584999986886978
v -1.4100000262260437 1.100000000372529 2.584999986886978
v -2.8399999737739563 1.100000000372529 3.245000013113022
v -1.4100000262260437 1.100000000372529 3.245000013113022
v -2.8399999737739563 1.049999999627471 3.245000013113022
v -1.4100000262260437 1.049999999627471 3.245000013113022
v -2.8399999737739563 1.049999999627471 2.584999986886978
v -1.4100000262260437 1.049999999627471 2.584999986886978
v -2.8399999737739563 1.100000000372529 3.245000013113022
v -1.4100000262260437 1.100000000372529 3.245000013113022
v -2.8399999737739563 1.049999999627471 3.245000013113022
v -1.4100000262260437 1.049999999627471 3.245000013113022
v -1.4100000262260437 1.100000000372529 2.584999986886978
v -2.8399999737739563 1.100000000372529 2.584999986886978
v -1.4100000262260437 1.049999999627471 2.584999986886978
v -2.8399999737739563 1.049999999627471 2.584999986886978
vt 0 1
vt 1 1
vt 0 0
vt 1 0
vt 0 1
vt 1 1
vt 0 0
vt 1 0
vt 0 1
vt 1 1
vt 0 0
vt 1 0
vt 0 1
vt 1 1
vt 0 0
vt 1 0
vt 0 1
vt 1 1
vt 0 0
vt 1 0
vt 0 1
vt 1 1
vt 0 0
vt 1 0
vn 1 0 0
vn 1 0 0
vn 1 0 0
vn 1 0 0
vn -1 0 0
vn -1 0 0
vn -1 0 0
vn -1 0 0
vn 0 1 0
vn 0 1 0
vn 0 1 0
vn 0 1 0
vn 0 -1 0
vn 0 -1 0
vn 0 -1 0
vn 0 -1 0
vn 0 0 1
vn 0 0 1
vn 0 0 1
vn 0 0 1
vn 0 0 -1
vn 0 0 -1
vn 0 0 -1
vn 0 0 -1
f 4141/4141/4141 4143/4143/4143 4142/4142/4142
f 4143/4143/4143 4144/4144/4144 4142/4142/4142
f 4145/4145/4145 4147/4147/4147 4146/4146/4146
f 4147/4147/4147 4148/4148/4148 4146/4146/4146
f 4149/4149/4149 4151/4151/4151 4150/4150/4150
f 4151/4151/4151 4152/4152/4152 4150/4150/4150
f 4153/4153/4153 4155/4155/4155 4154/4154/4154
f 4155/4155/4155 4156/4156/4156 4154/4154/4154
f 4157/4157/4157 4159/4159/4159 4158/4158/4158
f 4159/4159/4159 4160/4160/4160 4158/4158/4158
f 4161/4161/4161 4163/4163/4163 4162/4162/4162
f 4163/4163/4163 4164/4164/4164 4162/4162/4162
o reception_desk_return
usemtl cabinet
v -2.399999997019768 0.7400000047683716 4.0249999964237215
v -2.399999997019768 0.7400000047683716 3.205000003576279
v -2.399999997019768 -4.768371586472142e-9 4.0249999964237215
v -2.399999997019768 -4.768371586472142e-9 3.205000003576279
v -2.8000000029802323 0.7400000047683716 3.205000003576279
v -2.8000000029802323 0.7400000047683716 4.0249999964237215
v -2.8000000029802323 -4.768371586472142e-9 3.205000003576279
v -2.8000000029802323 -4.768371586472142e-9 4.0249999964237215
v -2.8000000029802323 0.7400000047683716 3.205000003576279
v -2.399999997019768 0.7400000047683716 3.205000003576279
v -2.8000000029802323 0.7400000047683716 4.0249999964237215
v -2.399999997019768 0.7400000047683716 4.0249999964237215
v -2.8000000029802323 -4.768371586472142e-9 4.0249999964237215
v -2.399999997019768 -4.768371586472142e-9 4.0249999964237215
v -2.8000000029802323 -4.768371586472142e-9 3.205000003576279
v -2.399999997019768 -4.768371586472142e-9 3.205000003576279
v -2.8000000029802323 0.7400000047683716 4.0249999964237215
v -2.399999997019768 0.7400000047683716 4.0249999964237215
v -2.8000000029802323 -4.768371586472142e-9 4.0249999964237215
v -2.399999997019768 -4.768371586472142e-9 4.0249999964237215
v -2.399999997019768 0.7400000047683716 3.205000003576279
v -2.8000000029802323 0.7400000047683716 3.205000003576279
v -2.399999997019768 -4.768371586472142e-9 3.205000003576279
v -2.8000000029802323 -4.768371586472142e-9 3.205000003576279
vt 0 1
vt 1 1
vt 0 0
vt 1 0
vt 0 1
vt 1 1
vt 0 0
vt 1 0
vt 0 1
vt 1 1
vt 0 0
vt 1 0
vt 0 1
vt 1 1
vt 0 0
vt 1 0
vt 0 1
vt 1 1
vt 0 0
vt 1 0
vt 0 1
vt 1 1
vt 0 0
vt 1 0
vn 1 0 0
vn 1 0 0
vn 1 0 0
vn 1 0 0
vn -1 0 0
vn -1 0 0
vn -1 0 0
vn -1 0 0
vn 0 1 0
vn 0 1 0
vn 0 1 0
vn 0 1 0
vn 0 -1 0
vn 0 -1 0
vn 0 -1 0
vn 0 -1 0
vn 0 0 1
vn 0 0 1
vn 0 0 1
vn 0 0 1
vn 0 0 -1
vn 0 0 -1
vn 0 0 -1
vn 0 0 -1
f 4165/4165/4165 4167/4167/4167 4166/4166/4166
f 4167/4167/4167 4168/4168/4168 4166/4166/4166
f 4169/4169/4169 4171/4171/4171 4170/4170/4170
f 4171/4171/4171 4172/4172/4172 4170/4170/4170
f 4173/4173/4173 4175/4175/4175 4174/4174/4174
f 4175/4175/4175 4176/4176/4176 4174/4174/4174
f 4177/4177/4177 4179/4179/4179 4178/4178/4178
f 4179/4179/4179 4180/4180/4180 4178/4178/4178
f 4181/4181/4181 4183/4183/4183 4182/4182/4182
f 4183/4183/4183 4184/4184/4184 4182/4182/4182
f 4185/4185/4185 4187/4187/4187 4186/4186/4186
f 4187/4187/4187 4188/4188/4188 4186/4186/4186
o reception_desk_top
usemtl bench_top
v -2.380000001192093 0.7799999995529652 4.045000007152558
v -2.380000001192093 0.7799999995529652 3.184999992847443
v -2.380000001192093 0.7400000004470348 4.045000007152558
v -2.380000001192093 0.7400000004470348 3.184999992847443
v -2.819999998807907 0.7799999995529652 3.184999992847443
v -2.819999998807907 0.7799999995529652 4.045000007152558
v -2.819999998807907 0.7400000004470348 3.184999992847443
v -2.819999998807907 0.7400000004470348 4.045000007152558
v -2.819999998807907 0.7799999995529652 3.184999992847443
v -2.380000001192093 0.7799999995529652 3.184999992847443
v -2.819999998807907 0.7799999995529652 4.045000007152558
v -2.380000001192093 0.7799999995529652 4.045000007152558
v -2.819999998807907 0.7400000004470348 4.045000007152558
v -2.380000001192093 0.7400000004470348 4.045000007152558
v -2.819999998807907 0.7400000004470348 3.184999992847443
v -2.380000001192093 0.7400000004470348 3.184999992847443
v -2.819999998807907 0.7799999995529652 4.045000007152558
v -2.380000001192093 0.7799999995529652 4.045000007152558
v -2.819999998807907 0.7400000004470348 4.045000007152558
v -2.380000001192093 0.7400000004470348 4.045000007152558
v -2.380000001192093 0.7799999995529652 3.184999992847443
v -2.819999998807907 0.7799999995529652 3.184999992847443
v -2.380000001192093 0.7400000004470348 3.184999992847443
v -2.819999998807907 0.7400000004470348 3.184999992847443
vt 0 1
vt 1 1
vt 0 0
vt 1 0
vt 0 1
vt 1 1
vt 0 0
vt 1 0
vt 0 1
vt 1 1
vt 0 0
vt 1 0
vt 0 1
vt 1 1
vt 0 0
vt 1 0
vt 0 1
vt 1 1
vt 0 0
vt 1 0
vt 0 1
vt 1 1
vt 0 0
vt 1 0
vn 1 0 0
vn 1 0 0
vn 1 0 0
vn 1 0 0
vn -1 0 0
vn -1 0 0
vn -1 0 0
vn -1 0 0
vn 0 1 0
vn 0 1 0
vn 0 1 0
vn 0 1 0
vn 0 -1 0
vn 0 -1 0
vn 0 -1 0
vn 0 -1 0
vn 0 0 1
vn 0 0 1
vn 0 0 1
vn 0 0 1
vn 0 0 -1
vn 0 0 -1
vn 0 0 -1
vn 0 0 -1
f 4189/4189/4189 4191/4191/4191 4190/4190/4190
f 4191/4191/4191 4192/4192/4192 4190/4190/4190
f 4193/4193/4193 4195/4195/4195 4194/4194/4194
f 4195/4195/4195 4196/4196/4196 4194/4194/4194
f 4197/4197/4197 4199/4199/4199 4198/4198/4198
f 4199/4199/4199 4200/4200/4200 4198/4198/4198
f 4201/4201/4201 4203/4203/4203 4202/4202/4202
f 4203/4203/4203 4204/4204/4204 4202/4202/4202
f 4205/4205/4205 4207/4207/4207 4206/4206/4206
f 4207/4207/4207 4208/4208/4208 4206/4206/4206
f 4209/4209/4209 4211/4211/4211 4210/4210/4210
f 4211/4211/4211 4212/4212/4212 4210/4210/4210
o reception_monitor
usemtl equip_dark
v -2.339999997019768 1.4199999964237213 2.7849999993294476
v -2.339999997019768 1.4199999964237213 2.725000000670552
v -2.339999997019768 1.1000000035762787 2.7849999993294476
v -2.339999997019768 1.1000000035762787 2.725000000670552
v -2.7400000029802323 1.4199999964237213 2.725000000670552
v -2.7400000029802323 1.4199999964237213 2.7849999993294476
v -2.7400000029802323 1.1000000035762787 2.725000000670552
v -2.7400000029802323 1.1000000035762787 2.7849999993294476
v -2.7400000029802323 1.4199999964237213 2.725000000670552
v -2.339999997019768 1.4199999964237213 2.725000000670552
v -2.7400000029802323 1.4199999964237213 2.7849999993294476
v -2.339999997019768 1.4199999964237213 2.7849999993294476
v -2.7400000029802323 1.1000000035762787 2.7849999993294476
v -2.339999997019768 1.1000000035762787 2.7849999993294476
v -2.7400000029802323 1.1000000035762787 2.725000000670552
v -2.339999997019768 1.1000000035762787 2.725000000670552
v -2.7400000029802323 1.4199999964237213 2.7849999993294476
v -2.339999997019768 1.4199999964237213 2.7849999993294476
v -2.7400000029802323 1.1000000035762787 2.7849999993294476
v -2.339999997019768 1.1000000035762787 2.7849999993294476
v -2.339999997019768 1.4199999964237213 2.725000000670552
v -2.7400000029802323 1.4199999964237213 2.725000000670552
v -2.339999997019768 1.1000000035762787 2.725000000670552
v -2.7400000029802323 1.1000000035762787 2.725000000670552
vt 0 1
vt 1 1
vt 0 0
vt 1 0
vt 0 1
vt 1 1
vt 0 0
vt 1 0
vt 0 1
vt 1 1
vt 0 0
vt 1 0
vt 0 1
vt 1 1
vt 0 0
vt 1 0
vt 0 1
vt 1 1
vt 0 0
vt 1 0
vt 0 1
vt 1 1
vt 0 0
vt 1 0
vn 1 0 0
vn 1 0 0
vn 1 0 0
vn 1 0 0
vn -1 0 0
vn -1 0 0
vn -1 0 0
vn -1 0 0
vn 0 1 0
vn 0 1 0
vn 0 1 0
vn 0 1 0
vn 0 -1 0
vn 0 -1 0
vn 0 -1 0
vn 0 -1 0
vn 0 0 1
vn 0 0 1
vn 0 0 1
vn 0 0 1
vn 0 0 -1
vn 0 0 -1
vn 0 0 -1
vn 0 0 -1
f 4213/4213/4213 4215/4215/4215 4214/4214/4214
f 4215/4215/4215 4216/4216/4216 4214/4214/4214
f 4217/4217/4217 4219/4219/4219 4218/4218/4218
f 4219/4219/4219 4220/4220/4220 4218/4218/4218
f 4221/4221/4221 4223/4223/4223 4222/4222/4222
f 4223/4223/4223 4224/4224/4224 4222/4222/4222
f 4225/4225/4225 4227/4227/4227 4226/4226/4226
f 4227/4227/4227 4228/4228/4228 4226/4226/4226
f 4229/4229/4229 4231/4231/4231 4230/4230/4230
f 4231/4231/4231 4232/4232/4232 4230/4230/4230
f 4233/4233/4233 4235/4235/4235 4234/4234/4234
f 4235/4235/4235 4236/4236/4236 4234/4234/4234
o reception_printer
usemtl equip_body
v -1.5000000059604646 1.3599999952316284 3.125000002980232
v -1.5000000059604646 1.3599999952316284 2.7249999970197676
v -1.5000000059604646 1.1000000047683716 3.125000002980232
v -1.5000000059604646 1.1000000047683716 2.7249999970197676
v -1.9499999940395356 1.3599999952316284 2.7249999970197676
v -1.9499999940395356 1.3599999952316284 3.125000002980232
v -1.9499999940395356 1.1000000047683716 2.7249999970197676
v -1.9499999940395356 1.1000000047683716 3.125000002980232
v -1.9499999940395356 1.3599999952316284 2.7249999970197676
v -1.5000000059604646 1.3599999952316284 2.7249999970197676
v -1.9499999940395356 1.3599999952316284 3.125000002980232
v -1.5000000059604646 1.3599999952316284 3.125000002980232
v -1.9499999940395356 1.1000000047683716 3.125000002980232
v -1.5000000059604646 1.1000000047683716 3.125000002980232
v -1.9499999940395356 1.1000000047683716 2.7249999970197676
v -1.5000000059604646 1.1000000047683716 2.7249999970197676
v -1.9499999940395356 1.3599999952316284 3.125000002980232
v -1.5000000059604646 1.3599999952316284 3.125000002980232
v -1.9499999940395356 1.1000000047683716 3.125000002980232
v -1.5000000059604646 1.1000000047683716 3.125000002980232
v -1.5000000059604646 1.3599999952316284 2.7249999970197676
v -1.9499999940395356 1.3599999952316284 2.7249999970197676
v -1.5000000059604646 1.1000000047683716 2.7249999970197676
v -1.9499999940395356 1.1000000047683716 2.7249999970197676
vt 0 1
vt 1 1
vt 0 0
vt 1 0
vt 0 1
vt 1 1
vt 0 0
vt 1 0
vt 0 1
vt 1 1
vt 0 0
vt 1 0
vt 0 1
vt 1 1
vt 0 0
vt 1 0
vt 0 1
vt 1 1
vt 0 0
vt 1 0
vt 0 1
vt 1 1
vt 0 0
vt 1 0
vn 1 0 0
vn 1 0 0
vn 1 0 0
vn 1 0 0
vn -1 0 0
vn -1 0 0
vn -1 0 0
vn -1 0 0
vn 0 1 0
vn 0 1 0
vn 0 1 0
vn 0 1 0
vn 0 -1 0
vn 0 -1 0
vn 0 -1 0
vn 0 -1 0
vn 0 0 1
vn 0 0 1
vn 0 0 1
vn 0 0 1
vn 0 0 -1
vn 0 0 -1
vn 0 0 -1
vn 0 0 -1
f 4237/4237/4237 4239/4239/4239 4238/4238/4238
f 4239/4239/4239 4240/4240/4240 4238/4238/4238
f 4241/4241/4241 4243/4243/4243 4242/4242/4242
f 4243/4243/4243 4244/4244/4244 4242/4242/4242
f 4245/4245/4245 4247/4247/4247 4246/4246/4246
f 4247/4247/4247 4248/4248/4248 4246/4246/4246
f 4249/4249/4249 4251/4251/4251 4250/4250/4250
f 4251/4251/4251 4252/4252/4252 4250/4250/4250
f 4253/4253/4253 4255/4255/4255 4254/4254/4254
f 4255/4255/4255 4256/4256/4256 4254/4254/4254
f 4257/4257/4257 4259/4259/4259 4258/4258/4258
f 4259/4259/4259 4260/4260/4260 4258/4258/4258
o reception_chair_seat
usemtl seat
v -2.369999998807907 0.5199999991059303 3.4550000011920927
v -2.369999998807907 0.5199999991059303 3.894999998807907
v -2.369999998807907 0.44000000089406965 3.4550000011920927
v -2.369999998807907 0.44000000089406965 3.894999998807907
v -1.9300000011920928 0.5199999991059303 3.894999998807907
v -1.9300000011920928 0.5199999991059303 3.4550000011920927
v -1.9300000011920928 0.44000000089406965 3.894999998807907
v -1.9300000011920928 0.44000000089406965 3.4550000011920927
v -1.9300000011920928 0.5199999991059303 3.894999998807907
v -2.369999998807907 0.5199999991059303 3.894999998807907
v -1.9300000011920928 0.5199999991059303 3.4550000011920927
v -2.369999998807907 0.5199999991059303 3.4550000011920927
v -1.9300000011920928 0.44000000089406965 3.4550000011920927
v -2.369999998807907 0.44000000089406965 3.4550000011920927
v -1.9300000011920928 0.44000000089406965 3.894999998807907
v -2.369999998807907 0.44000000089406965 3.894999998807907
v -1.9300000011920928 0.5199999991059303 3.4550000011920927
v -2.369999998807907 0.5199999991059303 3.4550000011920927
v -1.9300000011920928 0.44000000089406965 3.4550000011920927
v -2.369999998807907 0.44000000089406965 3.4550000011920927
v -2.369999998807907 0.5199999991059303 3.894999998807907
v -1.9300000011920928 0.5199999991059303 3.894999998807907
v -2.369999998807907 0.44000000089406965 3.894999998807907
v -1.9300000011920928 0.44000000089406965 3.894999998807907
vt 0 1
vt 1 1
vt 0 0
vt 1 0
vt 0 1
vt 1 1
vt 0 0
vt 1 0
vt 0 1
vt 1 1
vt 0 0
vt 1 0
vt 0 1
vt 1 1
vt 0 0
vt 1 0
vt 0 1
vt 1 1
vt 0 0
vt 1 0
vt 0 1
vt 1 1
vt 0 0
vt 1 0
vn -1 0 -1.2246467991473532e-16
vn -1 0 -1.2246467991473532e-16
vn -1 0 -1.2246467991473532e-16
vn -1 0 -1.2246467991473532e-16
vn 1 0 1.2246467991473532e-16
vn 1 0 1.2246467991473532e-16
vn 1 0 1.2246467991473532e-16
vn 1 0 1.2246467991473532e-16
vn 0 1 0
vn 0 1 0
vn 0 1 0
vn 0 1 0
vn 0 -1 0
vn 0 -1 0
vn 0 -1 0
vn 0 -1 0
vn 1.2246467991473532e-16 0 -1
vn 1.2246467991473532e-16 0 -1
vn 1.2246467991473532e-16 0 -1
vn 1.2246467991473532e-16 0 -1
vn -1.2246467991473532e-16 0 1
vn -1.2246467991473532e-16 0 1
vn -1.2246467991473532e-16 0 1
vn -1.2246467991473532e-16 0 1
f 4261/4261/4261 4263/4263/4263 4262/4262/4262
f 4263/4263/4263 4264/4264/4264 4262/4262/4262
f 4265/4265/4265 4267/4267/4267 4266/4266/4266
f 4267/4267/4267 4268/4268/4268 4266/4266/4266
f 4269/4269/4269 4271/4271/4271 4270/4270/4270
f 4271/4271/4271 4272/4272/4272 4270/4270/4270
f 4273/4273/4273 4275/4275/4275 4274/4274/4274
f 4275/4275/4275 4276/4276/4276 4274/4274/4274
f 4277/4277/4277 4279/4279/4279 4278/4278/4278
f 4279/4279/4279 4280/4280/4280 4278/4278/4278
f 4281/4281/4281 4283/4283/4283 4282/4282/4282
f 4283/4283/4283 4284/4284/4284 4282/4282/4282
o reception_chair_back
usemtl seat
v -2.369999998807907 0.9200000029802322 3.4550000006705517
v -2.369999998807907 0.9200000029802322 3.514999999329447
v -2.369999998807907 0.5199999970197677 3.4550000006705517
v -2.369999998807907 0.5199999970197677 3.514999999329447
v -1.9300000011920928 0.9200000029802322 3.514999999329447
v -1.9300000011920928 0.9200000029802322 3.4550000006705517
v -1.9300000011920928 0.5199999970197677 3.514999999329447
v -1.9300000011920928 0.5199999970197677 3.4550000006705517
v -1.9300000011920928 0.9200000029802322 3.514999999329447
v -2.369999998807907 0.9200000029802322 3.514999999329447
v -1.9300000011920928 0.9200000029802322 3.4550000006705517
v -2.369999998807907 0.9200000029802322 3.4550000006705517
v -1.9300000011920928 0.5199999970197677 3.4550000006705517
v -2.369999998807907 0.5199999970197677 3.4550000006705517
v -1.9300000011920928 0.5199999970197677 3.514999999329447
v -2.369999998807907 0.5199999970197677 3.514999999329447
v -1.9300000011920928 0.9200000029802322 3.4550000006705517
v -2.369999998807907 0.9200000029802322 3.4550000006705517
v -1.9300000011920928 0.5199999970197677 3.4550000006705517
v -2.369999998807907 0.5199999970197677 3.4550000006705517
v -2.369999998807907 0.9200000029802322 3.514999999329447
v -1.9300000011920928 0.9200000029802322 3.514999999329447
v -2.369999998807907 0.5199999970197677 3.514999999329447
v -1.9300000011920928 0.5199999970197677 3.514999999329447
vt 0 1
vt 1 1
vt 0 0
vt 1 0
vt 0 1
vt 1 1
vt 0 0
vt 1 0
vt 0 1
vt 1 1
vt 0 0
vt 1 0
vt 0 1
vt 1 1
vt 0 0
vt 1 0
vt 0 1
vt 1 1
vt 0 0
vt 1 0
vt 0 1
vt 1 1
vt 0 0
vt 1 0
vn -1 0 -1.2246467991473532e-16
vn -1 0 -1.2246467991473532e-16
vn -1 0 -1.2246467991473532e-16
vn -1 0 -1.2246467991473532e-16
vn 1 0 1.2246467991473532e-16
vn 1 0 1.2246467991473532e-16
vn 1 0 1.2246467991473532e-16
vn 1 0 1.2246467991473532e-16
vn 0 1 0
vn 0 1 0
vn 0 1 0
vn 0 1 0
vn 0 -1 0
vn 0 -1 0
vn 0 -1 0
vn 0 -1 0
vn 1.2246467991473532e-16 0 -1
vn 1.2246467991473532e-16 0 -1
vn 1.2246467991473532e-16 0 -1
vn 1.2246467991473532e-16 0 -1
vn -1.2246467991473532e-16 0 1
vn -1.2246467991473532e-16 0 1
vn -1.2246467991473532e-16 0 1
vn -1.2246467991473532e-16 0 1
f 4285/4285/4285 4287/4287/4287 4286/4286/4286
f 4287/4287/4287 4288/4288/4288 4286/4286/4286
f 4289/4289/4289 4291/4291/4291 4290/4290/4290
f 4291/4291/4291 4292/4292/4292 4290/4290/4290
f 4293/4293/4293 4295/4295/4295 4294/4294/4294
f 4295/4295/4295 4296/4296/4296 4294/4294/4294
f 4297/4297/4297 4299/4299/4299 4298/4298/4298
f 4299/4299/4299 4300/4300/4300 4298/4298/4298
f 4301/4301/4301 4303/4303/4303 4302/4302/4302
f 4303/4303/4303 4304/4304/4304 4302/4302/4302
f 4305/4305/4305 4307/4307/4307 4306/4306/4306
f 4307/4307/4307 4308/4308/4308 4306/4306/4306
o reception_chair_post
usemtl steel
v -2.15 0.4399999988079071 3.6350000008940695
v -2.1653073370456695 0.4399999988079071 3.6380448184907435
v -2.1782842703163623 0.4399999988079071 3.6467157296836374
v -2.1869551815092563 0.4399999988079071 3.6596926629543303
v -2.1899999991059302 0.4399999988079071 3.675
v -2.1869551815092563 0.4399999988079071 3.6903073370456694
v -2.1782842703163623 0.4399999988079071 3.703284270316362
v -2.1653073370456695 0.4399999988079071 3.711955181509256
v -2.15 0.4399999988079071 3.71499999910593
v -2.1346926629543304 0.4399999988079071 3.711955181509256
v -2.1217157296836375 0.4399999988079071 3.703284270316362
v -2.1130448184907435 0.4399999988079071 3.6903073370456694
v -2.1100000008940696 0.4399999988079071 3.675
v -2.1130448184907435 0.4399999988079071 3.6596926629543303
v -2.1217157296836375 0.4399999988079071 3.6467157296836374
v -2.1346926629543304 0.4399999988079071 3.6380448184907435
v -2.15 0.4399999988079071 3.6350000008940695
v -2.15 1.1920928966180355e-9 3.6350000008940695
v -2.1653073370456695 1.1920928966180355e-9 3.6380448184907435
v -2.1782842703163623 1.1920928966180355e-9 3.6467157296836374
v -2.1869551815092563 1.1920928966180355e-9 3.6596926629543303
v -2.1899999991059302 1.1920928966180355e-9 3.675
v -2.1869551815092563 1.1920928966180355e-9 3.6903073370456694
v -2.1782842703163623 1.1920928966180355e-9 3.703284270316362
v -2.1653073370456695 1.1920928966180355e-9 3.711955181509256
v -2.15 1.1920928966180355e-9 3.71499999910593
v -2.1346926629543304 1.1920928966180355e-9 3.711955181509256
v -2.1217157296836375 1.1920928966180355e-9 3.703284270316362
v -2.1130448184907435 1.1920928966180355e-9 3.6903073370456694
v -2.1100000008940696 1.1920928966180355e-9 3.675
v -2.1130448184907435 1.1920928966180355e-9 3.6596926629543303
v -2.1217157296836375 1.1920928966180355e-9 3.6467157296836374
v -2.1346926629543304 1.1920928966180355e-9 3.6380448184907435
v -2.15 1.1920928966180355e-9 3.6350000008940695
v -2.15 0.4399999988079071 3.675
v -2.15 0.4399999988079071 3.675
v -2.15 0.4399999988079071 3.675
v -2.15 0.4399999988079071 3.675
v -2.15 0.4399999988079071 3.675
v -2.15 0.4399999988079071 3.675
v -2.15 0.4399999988079071 3.675
v -2.15 0.4399999988079071 3.675
v -2.15 0.4399999988079071 3.675
v -2.15 0.4399999988079071 3.675
v -2.15 0.4399999988079071 3.675
v -2.15 0.4399999988079071 3.675
v -2.15 0.4399999988079071 3.675
v -2.15 0.4399999988079071 3.675
v -2.15 0.4399999988079071 3.675
v -2.15 0.4399999988079071 3.675
v -2.15 0.4399999988079071 3.6350000008940695
v -2.1653073370456695 0.4399999988079071 3.6380448184907435
v -2.1782842703163623 0.4399999988079071 3.6467157296836374
v -2.1869551815092563 0.4399999988079071 3.6596926629543303
v -2.1899999991059302 0.4399999988079071 3.675
v -2.1869551815092563 0.4399999988079071 3.6903073370456694
v -2.1782842703163623 0.4399999988079071 3.703284270316362
v -2.1653073370456695 0.4399999988079071 3.711955181509256
v -2.15 0.4399999988079071 3.71499999910593
v -2.1346926629543304 0.4399999988079071 3.711955181509256
v -2.1217157296836375 0.4399999988079071 3.703284270316362
v -2.1130448184907435 0.4399999988079071 3.6903073370456694
v -2.1100000008940696 0.4399999988079071 3.675
v -2.1130448184907435 0.4399999988079071 3.6596926629543303
v -2.1217157296836375 0.4399999988079071 3.6467157296836374
v -2.1346926629543304 0.4399999988079071 3.6380448184907435
v -2.15 0.4399999988079071 3.6350000008940695
v -2.15 1.1920928966180355e-9 3.675
v -2.15 1.1920928966180355e-9 3.675
v -2.15 1.1920928966180355e-9 3.675
v -2.15 1.1920928966180355e-9 3.675
v -2.15 1.1920928966180355e-9 3.675
v -2.15 1.1920928966180355e-9 3.675
v -2.15 1.1920928966180355e-9 3.675
v -2.15 1.1920928966180355e-9 3.675
v -2.15 1.1920928966180355e-9 3.675
v -2.15 1.1920928966180355e-9 3.675
v -2.15 1.1920928966180355e-9 3.675
v -2.15 1.1920928966180355e-9 3.675
v -2.15 1.1920928966180355e-9 3.675
v -2.15 1.1920928966180355e-9 3.675
v -2.15 1.1920928966180355e-9 3.675
v -2.15 1.1920928966180355e-9 3.675
v -2.15 1.1920928966180355e-9 3.6350000008940695
v -2.1653073370456695 1.1920928966180355e-9 3.6380448184907435
v -2.1782842703163623 1.1920928966180355e-9 3.6467157296836374
v -2.1869551815092563 1.1920928966180355e-9 3.6596926629543303
v -2.1899999991059302 1.1920928966180355e-9 3.675
v -2.1869551815092563 1.1920928966180355e-9 3.6903073370456694
v -2.1782842703163623 1.1920928966180355e-9 3.703284270316362
v -2.1653073370456695 1.1920928966180355e-9 3.711955181509256
v -2.15 1.1920928966180355e-9 3.71499999910593
v -2.1346926629543304 1.1920928966180355e-9 3.711955181509256
v -2.1217157296836375 1.1920928966180355e-9 3.703284270316362
v -2.1130448184907435 1.1920928966180355e-9 3.6903073370456694
v -2.1100000008940696 1.1920928966180355e-9 3.675
v -2.1130448184907435 1.1920928966180355e-9 3.6596926629543303
v -2.1217157296836375 1.1920928966180355e-9 3.6467157296836374
v -2.1346926629543304 1.1920928966180355e-9 3.6380448184907435
v -2.15 1.1920928966180355e-9 3.6350000008940695
vt 0 1
vt 0.0625 1
vt 0.125 1
vt 0.1875 1
vt 0.25 1
vt 0.3125 1
vt 0.375 1
vt 0.4375 1
vt 0.5 1
vt 0.5625 1
vt 0.625 1
vt 0.6875 1
vt 0.75 1
vt 0.8125 1
vt 0.875 1
vt 0.9375 1
vt 1 1
vt 0 0
vt 0.0625 0
vt 0.125 0
vt 0.1875 0
vt 0.25 0
vt 0.3125 0
vt 0.375 0
vt 0.4375 0
vt 0.5 0
vt 0.5625 0
vt 0.625 0
vt 0.6875 0
vt 0.75 0
vt 0.8125 0
vt 0.875 0
vt 0.9375 0
vt 1 0
vt 0.5 0.5
vt 0.5 0.5
vt 0.5 0.5
vt 0.5 0.5
vt 0.5 0.5
vt 0.5 0.5
vt 0.5 0.5
vt 0.5 0.5
vt 0.5 0.5
vt 0.5 0.5
vt 0.5 0.5
vt 0.5 0.5
vt 0.5 0.5
vt 0.5 0.5
vt 0.5 0.5
vt 0.5 0.5
vt 1 0.5
vt 0.9619397521018982 0.6913416981697083
vt 0.8535534143447876 0.8535534143447876
vt 0.6913416981697083 0.9619397521018982
vt 0.5 1
vt 0.30865827202796936 0.9619397521018982
vt 0.1464466154575348 0.8535534143447876
vt 0.03806023299694061 0.6913416981697083
vt 0 0.5
vt 0.03806023299694061 0.30865827202796936
vt 0.1464466154575348 0.1464466154575348
vt 0.30865827202796936 0.03806023299694061
vt 0.5 0
vt 0.6913416981697083 0.03806023299694061
vt 0.8535534143447876 0.1464466154575348
vt 0.9619397521018982 0.30865827202796936
vt 1 0.5
vt 0.5 0.5
vt 0.5 0.5
vt 0.5 0.5
vt 0.5 0.5
vt 0.5 0.5
vt 0.5 0.5
vt 0.5 0.5
vt 0.5 0.5
vt 0.5 0.5
vt 0.5 0.5
vt 0.5 0.5
vt 0.5 0.5
vt 0.5 0.5
vt 0.5 0.5
vt 0.5 0.5
vt 0.5 0.5
vt 1 0.5
vt 0.9619397521018982 0.30865827202796936
vt 0.8535534143447876 0.1464466154575348
vt 0.6913416981697083 0.03806023299694061
vt 0.5 0
vt 0.30865827202796936 0.03806023299694061
vt 0.1464466154575348 0.1464466154575348
vt 0.03806023299694061 0.30865827202796936
vt 0 0.5
vt 0.03806023299694061 0.6913416981697083
vt 0.1464466154575348 0.8535534143447876
vt 0.30865827202796936 0.9619397521018982
vt 0.5 1
vt 0.6913416981697083 0.9619397521018982
vt 0.8535534143447876 0.8535534143447876
vt 0.9619397521018982 0.6913416981697083
vt 1 0.5
vn 1.2246467991473532e-16 0 -1
vn -0.3826834370613368 0 -0.9238795305660377
vn -0.7071067811865475 0 -0.7071067811865477
vn -0.9238795305660374 0 -0.38268343706133695
vn -1 0 -1.8369702254399371e-16
vn -0.9238795305660377 0 0.3826834370613368
vn -0.7071067811865477 0 0.7071067811865475
vn -0.38268343706133695 0 0.9238795305660374
vn -2.4492936517325213e-16 0 1
vn 0.3826834370613368 0 0.9238795305660377
vn 0.7071067811865475 0 0.7071067811865477
vn 0.9238795305660374 0 0.38268343706133695
vn 1 0 3.061616945676207e-16
vn 0.9238795305660377 0 -0.3826834370613368
vn 0.7071067811865477 0 -0.7071067811865475
vn 0.38268343706133695 0 -0.9238795305660374
vn 3.673940504317689e-16 0 -1
vn 1.2246467991473532e-16 0 -1
vn -0.3826834370613368 0 -0.9238795305660377
vn -0.7071067811865475 0 -0.7071067811865477
vn -0.9238795305660374 0 -0.38268343706133695
vn -1 0 -1.8369702254399371e-16
vn -0.9238795305660377 0 0.3826834370613368
vn -0.7071067811865477 0 0.7071067811865475
vn -0.38268343706133695 0 0.9238795305660374
vn -2.4492936517325213e-16 0 1
vn 0.3826834370613368 0 0.9238795305660377
vn 0.7071067811865475 0 0.7071067811865477
vn 0.9238795305660374 0 0.38268343706133695
vn 1 0 3.061616945676207e-16
vn 0.9238795305660377 0 -0.3826834370613368
vn 0.7071067811865477 0 -0.7071067811865475
vn 0.38268343706133695 0 -0.9238795305660374
vn 3.673940504317689e-16 0 -1
vn 0 1 0
vn 0 1 0
vn 0 1 0
vn 0 1 0
vn 0 1 0
vn 0 1 0
vn 0 1 0
vn 0 1 0
vn 0 1 0
vn 0 1 0
vn 0 1 0
vn 0 1 0
vn 0 1 0
vn 0 1 0
vn 0 1 0
vn 0 1 0
vn 0 1 0
vn 0 1 0
vn 0 1 0
vn 0 1 0
vn 0 1 0
vn 0 1 0
vn 0 1 0
vn 0 1 0
vn 0 1 0
vn 0 1 0
vn 0 1 0
vn 0 1 0
vn 0 1 0
vn 0 1 0
vn 0 1 0
vn 0 1 0
vn 0 1 0
vn 0 -1 0
vn 0 -1 0
vn 0 -1 0
vn 0 -1 0
vn 0 -1 0
vn 0 -1 0
vn 0 -1 0
vn 0 -1 0
vn 0 -1 0
vn 0 -1 0
vn 0 -1 0
vn 0 -1 0
vn 0 -1 0
vn 0 -1 0
vn 0 -1 0
vn 0 -1 0
vn 0 -1 0
vn 0 -1 0
vn 0 -1 0
vn 0 -1 0
vn 0 -1 0
vn 0 -1 0
vn 0 -1 0
vn 0 -1 0
vn 0 -1 0
vn 0 -1 0
vn 0 -1 0
vn 0 -1 0
vn 0 -1 0
vn 0 -1 0
vn 0 -1 0
vn 0 -1 0
vn 0 -1 0
f 4309/4309/4309 4326/4326/4326 4310/4310/4310
f 4326/4326/4326 4327/4327/4327 4310/4310/4310
f 4310/4310/4310 4327/4327/4327 4311/4311/4311
f 4327/4327/4327 4328/4328/4328 4311/4311/4311
f 4311/4311/4311 4328/4328/4328 4312/4312/4312
f 4328/4328/4328 4329/4329/4329 4312/4312/4312
f 4312/4312/4312 4329/4329/4329 4313/4313/4313
f 4329/4329/4329 4330/4330/4330 4313/4313/4313
f 4313/4313/4313 4330/4330/4330 4314/4314/4314
f 4330/4330/4330 4331/4331/4331 4314/4314/4314
f 4314/4314/4314 4331/4331/4331 4315/4315/4315
f 4331/4331/4331 4332/4332/4332 4315/4315/4315
f 4315/4315/4315 4332/4332/4332 4316/4316/4316
f 4332/4332/4332 4333/4333/4333 4316/4316/4316
f 4316/4316/4316 4333/4333/4333 4317/4317/4317
f 4333/4333/4333 4334/4334/4334 4317/4317/4317
f 4317/4317/4317 4334/4334/4334 4318/4318/4318
f 4334/4334/4334 4335/4335/4335 4318/4318/4318
f 4318/4318/4318 4335/4335/4335 4319/4319/4319
f 4335/4335/4335 4336/4336/4336 4319/4319/4319
f 4319/4319/4319 4336/4336/4336 4320/4320/4320
f 4336/4336/4336 4337/4337/4337 4320/4320/4320
f 4320/4320/4320 4337/4337/4337 4321/4321/4321
f 4337/4337/4337 4338/4338/4338 4321/4321/4321
f 4321/4321/4321 4338/4338/4338 4322/4322/4322
f 4338/4338/4338 4339/4339/4339 4322/4322/4322
f 4322/4322/4322 4339/4339/4339 4323/4323/4323
f 4339/4339/4339 4340/4340/4340 4323/4323/4323
f 4323/4323/4323 4340/4340/4340 4324/4324/4324
f 4340/4340/4340 4341/4341/4341 4324/4324/4324
f 4324/4324/4324 4341/4341/4341 4325/4325/4325
f 4341/4341/4341 4342/4342/4342 4325/4325/4325
f 4359/4359/4359 4360/4360/4360 4343/4343/4343
f 4360/4360/4360 4361/4361/4361 4344/4344/4344
f 4361/4361/4361 4362/4362/4362 4345/4345/4345
f 4362/4362/4362 4363/4363/4363 4346/4346/4346
f 4363/4363/4363 4364/4364/4364 4347/4347/4347
f 4364/4364/4364 4365/4365/4365 4348/4348/4348
f 4365/4365/4365 4366/4366/4366 4349/4349/4349
f 4366/4366/4366 4367/4367/4367 4350/4350/4350
f 4367/4367/4367 4368/4368/4368 4351/4351/4351
f 4368/4368/4368 4369/4369/4369 4352/4352/4352
f 4369/4369/4369 4370/4370/4370 4353/4353/4353
f 4370/4370/4370 4371/4371/4371 4354/4354/4354
f 4371/4371/4371 4372/4372/4372 4355/4355/4355
f 4372/4372/4372 4373/4373/4373 4356/4356/4356
f 4373/4373/4373 4374/4374/4374 4357/4357/4357
f 4374/4374/4374 4375/4375/4375 4358/4358/4358
f 4393/4393/4393 4392/4392/4392 4376/4376/4376
f 4394/4394/4394 4393/4393/4393 4377/4377/4377
f 4395/4395/4395 4394/4394/4394 4378/4378/4378
f 4396/4396/4396 4395/4395/4395 4379/4379/4379
f 4397/4397/4397 4396/4396/4396 4380/4380/4380
f 4398/4398/4398 4397/4397/4397 4381/4381/4381
f 4399/4399/4399 4398/4398/4398 4382/4382/4382
f 4400/4400/4400 4399/4399/4399 4383/4383/4383
f 4401/4401/4401 4400/4400/4400 4384/4384/4384
f 4402/4402/4402 4401/4401/4401 4385/4385/4385
f 4403/4403/4403 4402/4402/4402 4386/4386/4386
f 4404/4404/4404 4403/4403/4403 4387/4387/4387
f 4405/4405/4405 4404/4404/4404 4388/4388/4388
f 4406/4406/4406 4405/4405/4405 4389/4389/4389
f 4407/4407/4407 4406/4406/4406 4390/4390/4390
f 4408/4408/4408 4407/4407/4407 4391/4391/4391
o reception_chair_base
usemtl steel
v -2.15 0.03999999955296517 3.4749999970197676
v -2.2017638102173804 0.03999999955296517 3.481814834475517
v -2.250000001490116 0.03999999955296517 3.501794922351837
v -2.2914213627576827 0.03999999955296517 3.533578637242317
v -2.3232050776481628 0.03999999955296517 3.5749999985098837
v -2.3431851655244826 0.03999999955296517 3.6232361897826193
v -2.350000002980232 0.03999999955296517 3.675
v -2.3431851655244826 0.03999999955296517 3.7267638102173803
v -2.3232050776481628 0.03999999955296517 3.775000001490116
v -2.2914213627576827 0.03999999955296517 3.8164213627576826
v -2.250000001490116 0.03999999955296517 3.8482050776481627
v -2.2017638102173804 0.03999999955296517 3.8681851655244825
v -2.15 0.03999999955296517 3.875000002980232
v -2.0982361897826194 0.03999999955296517 3.8681851655244825
v -2.049999998509884 0.03999999955296517 3.8482050776481627
v -2.008578637242317 0.03999999955296517 3.8164213627576826
v -1.976794922351837 0.03999999955296517 3.775000001490116
v -1.9568148344755172 0.03999999955296517 3.7267638102173803
v -1.9499999970197677 0.03999999955296517 3.675
v -1.9568148344755172 0.03999999955296517 3.6232361897826193
v -1.976794922351837 0.03999999955296517 3.5749999985098837
v -2.008578637242317 0.03999999955296517 3.533578637242317
v -2.049999998509884 0.03999999955296517 3.501794922351837
v -2.0982361897826194 0.03999999955296517 3.481814834475517
v -2.15 0.03999999955296517 3.4749999970197676
v -2.15 4.470348362317633e-10 3.4749999970197676
v -2.2017638102173804 4.470348362317633e-10 3.481814834475517
v -2.250000001490116 4.470348362317633e-10 3.501794922351837
v -2.2914213627576827 4.470348362317633e-10 3.533578637242317
v -2.3232050776481628 4.470348362317633e-10 3.5749999985098837
v -2.3431851655244826 4.470348362317633e-10 3.6232361897826193
v -2.350000002980232 4.470348362317633e-10 3.675
v -2.3431851655244826 4.470348362317633e-10 3.7267638102173803
v -2.3232050776481628 4.470348362317633e-10 3.775000001490116
v -2.2914213627576827 4.470348362317633e-10 3.8164213627576826
v -2.250000001490116 4.470348362317633e-10 3.8482050776481627
v -2.2017638102173804 4.470348362317633e-10 3.8681851655244825
v -2.15 4.470348362317633e-10 3.875000002980232
v -2.0982361897826194 4.470348362317633e-10 3.8681851655244825
v -2.049999998509884 4.470348362317633e-10 3.8482050776481627
v -2.008578637242317 4.470348362317633e-10 3.8164213627576826
v -1.976794922351837 4.470348362317633e-10 3.775000001490116
v -1.9568148344755172 4.470348362317633e-10 3.7267638102173803
v -1.9499999970197677 4.470348362317633e-10 3.675
v -1.9568148344755172 4.470348362317633e-10 3.6232361897826193
v -1.976794922351837 4.470348362317633e-10 3.5749999985098837
v -2.008578637242317 4.470348362317633e-10 3.533578637242317
v -2.049999998509884 4.470348362317633e-10 3.501794922351837
v -2.0982361897826194 4.470348362317633e-10 3.481814834475517
v -2.15 4.470348362317633e-10 3.4749999970197676
v -2.15 0.03999999955296517 3.675
v -2.15 0.03999999955296517 3.675
v -2.15 0.03999999955296517 3.675
v -2.15 0.03999999955296517 3.675
v -2.15 0.03999999955296517 3.675
v -2.15 0.03999999955296517 3.675
v -2.15 0.03999999955296517 3.675
v -2.15 0.03999999955296517 3.675
v -2.15 0.03999999955296517 3.675
v -2.15 0.03999999955296517 3.675
v -2.15 0.03999999955296517 3.675
v -2.15 0.03999999955296517 3.675
v -2.15 0.03999999955296517 3.675
v -2.15 0.03999999955296517 3.675
v -2.15 0.03999999955296517 3.675
v -2.15 0.03999999955296517 3.675
v -2.15 0.03999999955296517 3.675
v -2.15 0.03999999955296517 3.675
v -2.15 0.03999999955296517 3.675
v -2.15 0.03999999955296517 3.675
v -2.15 0.03999999955296517 3.675
v -2.15 0.03999999955296517 3.675
v -2.15 0.03999999955296517 3.675
v -2.15 0.03999999955296517 3.675
v -2.15 0.03999999955296517 3.4749999970197676
v -2.2017638102173804 0.03999999955296517 3.481814834475517
v -2.250000001490116 0.03999999955296517 3.501794922351837
v -2.2914213627576827 0.03999999955296517 3.533578637242317
v -2.3232050776481628 0.03999999955296517 3.5749999985098837
v -2.3431851655244826 0.03999999955296517 3.6232361897826193
v -2.350000002980232 0.03999999955296517 3.675
v -2.3431851655244826 0.03999999955296517 3.7267638102173803
v -2.3232050776481628 0.03999999955296517 3.775000001490116
v -2.2914213627576827 0.03999999955296517 3.8164213627576826
v -2.250000001490116 0.03999999955296517 3.8482050776481627
v -2.2017638102173804 0.03999999955296517 3.8681851655244825
v -2.15 0.03999999955296517 3.875000002980232
v -2.0982361897826194 0.03999999955296517 3.8681851655244825
v -2.049999998509884 0.03999999955296517 3.8482050776481627
v -2.008578637242317 0.03999999955296517 3.8164213627576826
v -1.976794922351837 0.03999999955296517 3.775000001490116
v -1.9568148344755172 0.03999999955296517 3.7267638102173803
v -1.9499999970197677 0.03999999955296517 3.675
v -1.9568148344755172 0.03999999955296517 3.6232361897826193
v -1.976794922351837 0.03999999955296517 3.5749999985098837
v -2.008578637242317 0.03999999955296517 3.533578637242317
v -2.049999998509884 0.03999999955296517 3.501794922351837
v -2.0982361897826194 0.03999999955296517 3.481814834475517
v -2.15 0.03999999955296517 3.4749999970197676
v -2.15 4.470348362317633e-10 3.675
v -2.15 4.470348362317633e-10 3.675
v -2.15 4.470348362317633e-10 3.675
v -2.15 4.470348362317633e-10 3.675
v -2.15 4.470348362317633e-10 3.675
v -2.15 4.470348362317633e-10 3.675
v -2.15 4.470348362317633e-10 3.675
v -2.15 4.470348362317633e-10 3.675
v -2.15 4.470348362317633e-10 3.675
v -2.15 4.470348362317633e-10 3.675
v -2.15 4.470348362317633e-10 3.675
v -2.15 4.470348362317633e-10 3.675
v -2.15 4.470348362317633e-10 3.675
v -2.15 4.470348362317633e-10 3.675
v -2.15 4.470348362317633e-10 3.675
v -2.15 4.470348362317633e-10 3.675
v -2.15 4.470348362317633e-10 3.675
v -2.15 4.470348362317633e-10 3.675
v -2.15 4.470348362317633e-10 3.675
v -2.15 4.470348362317633e-10 3.675
v -2.15 4.470348362317633e-10 3.675
v -2.15 4.470348362317633e-10 3.675
v -2.15 4.470348362317633e-10 3.675
v -2.15 4.470348362317633e-10 3.675
v -2.15 4.470348362317633e-10 3.4749999970197676
v -2.2017638102173804 4.470348362317633e-10 3.481814834475517
v -2.250000001490116 4.470348362317633e-10 3.501794922351837
v -2.2914213627576827 4.470348362317633e-10 3.533578637242317
v -2.3232050776481628 4.470348362317633e-10 3.5749999985098837
v -2.3431851655244826 4.470348362317633e-10 3.6232361897826193
v -2.350000002980232 4.470348362317633e-10 3.675
v -2.3431851655244826 4.470348362317633e-10 3.7267638102173803
v -2.3232050776481628 4.470348362317633e-10 3.775000001490116
v -2.2914213627576827 4.470348362317633e-10 3.8164213627576826
v -2.250000001490116 4.470348362317633e-10 3.8482050776481627
v -2.2017638102173804 4.470348362317633e-10 3.8681851655244825
v -2.15 4.470348362317633e-10 3.875000002980232
v -2.0982361897826194 4.470348362317633e-10 3.8681851655244825
v -2.049999998509884 4.470348362317633e-10 3.8482050776481627
v -2.008578637242317 4.470348362317633e-10 3.8164213627576826
v -1.976794922351837 4.470348362317633e-10 3.775000001490116
v -1.9568148344755172 4.470348362317633e-10 3.7267638102173803
v -1.9499999970197677 4.470348362317633e-10 3.675
v -1.9568148344755172 4.470348362317633e-10 3.6232361897826193
v -1.976794922351837 4.470348362317633e-10 3.5749999985098837
v -2.008578637242317 4.470348362317633e-10 3.533578637242317
v -2.049999998509884 4.470348362317633e-10 3.501794922351837
v -2.0982361897826194 4.470348362317633e-10 3.481814834475517
v -2.15 4.470348362317633e-10 3.4749999970197676
vt 0 1
vt 0.0416666679084301 1
vt 0.0833333358168602 1
vt 0.125 1
vt 0.1666666716337204 1
vt 0.2083333283662796 1
vt 0.25 1
vt 0.2916666567325592 1
vt 0.3333333432674408 1
vt 0.375 1
vt 0.4166666567325592 1
vt 0.4583333432674408 1
vt 0.5 1
vt 0.5416666865348816 1
vt 0.5833333134651184 1
vt 0.625 1
vt 0.6666666865348816 1
vt 0.7083333134651184 1
vt 0.75 1
vt 0.7916666865348816 1
vt 0.8333333134651184 1
vt 0.875 1
vt 0.9166666865348816 1
vt 0.9583333134651184 1
vt 1 1
vt 0 0
vt 0.0416666679084301 0
vt 0.0833333358168602 0
vt 0.125 0
vt 0.1666666716337204 0
vt 0.2083333283662796 0
vt 0.25 0
vt 0.2916666567325592 0
vt 0.3333333432674408 0
vt 0.375 0
vt 0.4166666567325592 0
vt 0.4583333432674408 0
vt 0.5 0
vt 0.5416666865348816 0
vt 0.5833333134651184 0
vt 0.625 0
vt 0.6666666865348816 0
vt 0.7083333134651184 0
vt 0.75 0
vt 0.7916666865348816 0
vt 0.8333333134651184 0
vt 0.875 0
vt 0.9166666865348816 0
vt 0.9583333134651184 0
vt 1 0
vt 0.5 0.5
vt 0.5 0.5
vt 0.5 0.5
vt 0.5 0.5
vt 0.5 0.5
vt 0.5 0.5
vt 0.5 0.5
vt 0.5 0.5
vt 0.5 0.5
vt 0.5 0.5
vt 0.5 0.5
vt 0.5 0.5
vt 0.5 0.5
vt 0.5 0.5
vt 0.5 0.5
vt 0.5 0.5
vt 0.5 0.5
vt 0.5 0.5
vt 0.5 0.5
vt 0.5 0.5
vt 0.5 0.5
vt 0.5 0.5
vt 0.5 0.5
vt 0.5 0.5
vt 1 0.5
vt 0.9829629063606262 0.6294095516204834
vt 0.9330127239227295 0.75
vt 0.8535534143447876 0.8535534143447876
vt 0.75 0.9330127239227295
vt 0.6294095516204834 0.9829629063606262
vt 0.5 1
vt 0.370590478181839 0.9829629063606262
vt 0.25 0.9330127239227295
vt 0.1464466154575348 0.8535534143447876
vt 0.0669872984290123 0.75
vt 0.017037086188793182 0.6294095516204834
vt 0 0.5
vt 0.017037086188793182 0.370590478181839
vt 0.0669872984290123 0.25
vt 0.1464466154575348 0.1464466154575348
vt 0.25 0.0669872984290123
vt 0.370590478181839 0.017037086188793182
vt 0.5 0
vt 0.6294095516204834 0.017037086188793182
vt 0.75 0.0669872984290123
vt 0.8535534143447876 0.1464466154575348
vt 0.9330127239227295 0.25
vt 0.9829629063606262 0.370590478181839
vt 1 0.5
vt 0.5 0.5
vt 0.5 0.5
vt 0.5 0.5
vt 0.5 0.5
vt 0.5 0.5
vt 0.5 0.5
vt 0.5 0.5
vt 0.5 0.5
vt 0.5 0.5
vt 0.5 0.5
vt 0.5 0.5
vt 0.5 0.5
vt 0.5 0.5
vt 0.5 0.5
vt 0.5 0.5
vt 0.5 0.5
vt 0.5 0.5
vt 0.5 0.5
vt 0.5 0.5
vt 0.5 0.5
vt 0.5 0.5
vt 0.5 0.5
vt 0.5 0.5
vt 0.5 0.5
vt 1 0.5
vt 0.9829629063606262 0.370590478181839
vt 0.9330127239227295 0.25
vt 0.8535534143447876 0.1464466154575348
vt 0.75 0.0669872984290123
vt 0.6294095516204834 0.017037086188793182
vt 0.5 0
vt 0.370590478181839 0.017037086188793182
vt 0.25 0.0669872984290123
vt 0.1464466154575348 0.1464466154575348
vt 0.0669872984290123 0.25
vt 0.017037086188793182 0.370590478181839
vt 0 0.5
vt 0.017037086188793182 0.6294095516204834
vt 0.0669872984290123 0.75
vt 0.1464466154575348 0.8535534143447876
vt 0.25 0.9330127239227295
vt 0.370590478181839 0.9829629063606262
vt 0.5 1
vt 0.6294095516204834 0.9829629063606262
vt 0.75 0.9330127239227295
vt 0.8535534143447876 0.8535534143447876
vt 0.9330127239227295 0.75
vt 0.9829629063606262 0.6294095516204834
vt 1 0.5
vn 1.2246467991473532e-16 0 -1
vn -0.25881904712649256 0 -0.9659258257467466
vn -0.5000000067305868 0 -0.8660253998985326
vn -0.7071067811865475 0 -0.7071067811865477
vn -0.8660253998985323 0 -0.500000006730587
vn -0.9659258257467466 0 -0.2588190471264928
vn -1 0 -1.8369702254399371e-16
vn -0.9659258257467466 0 0.25881904712649256
vn -0.8660253998985326 0 0.5000000067305868
vn -0.7071067811865477 0 0.7071067811865475
vn -0.500000006730587 0 0.8660253998985323
vn -0.2588190471264928 0 0.9659258257467466
vn -2.4492936517325213e-16 0 1
vn 0.25881904712649256 0 0.9659258257467466
vn 0.5000000067305868 0 0.8660253998985326
vn 0.7071067811865475 0 0.7071067811865477
vn 0.8660253998985323 0 0.500000006730587
vn 0.9659258257467466 0 0.2588190471264928
vn 1 0 3.061616945676207e-16
vn 0.9659258257467466 0 -0.25881904712649256
vn 0.8660253998985326 0 -0.5000000067305868
vn 0.7071067811865477 0 -0.7071067811865475
vn 0.500000006730587 0 -0.8660253998985323
vn 0.2588190471264928 0 -0.9659258257467466
vn 3.673940504317689e-16 0 -1
vn 1.2246467991473532e-16 0 -1
vn -0.25881904712649256 0 -0.9659258257467466
vn -0.5000000067305868 0 -0.8660253998985326
vn -0.7071067811865475 0 -0.7071067811865477
vn -0.8660253998985323 0 -0.500000006730587
vn -0.9659258257467466 0 -0.2588190471264928
vn -1 0 -1.8369702254399371e-16
vn -0.9659258257467466 0 0.25881904712649256
vn -0.8660253998985326 0 0.5000000067305868
vn -0.7071067811865477 0 0.7071067811865475
vn -0.500000006730587 0 0.8660253998985323
vn -0.2588190471264928 0 0.9659258257467466
vn -2.4492936517325213e-16 0 1
vn 0.25881904712649256 0 0.9659258257467466
vn 0.5000000067305868 0 0.8660253998985326
vn 0.7071067811865475 0 0.7071067811865477
vn 0.8660253998985323 0 0.500000006730587
vn 0.9659258257467466 0 0.2588190471264928
vn 1 0 3.061616945676207e-16
vn 0.9659258257467466 0 -0.25881904712649256
vn 0.8660253998985326 0 -0.5000000067305868
vn 0.7071067811865477 0 -0.7071067811865475
vn 0.500000006730587 0 -0.8660253998985323
vn 0.2588190471264928 0 -0.9659258257467466
vn 3.673940504317689e-16 0 -1
vn 0 1 0
vn 0 1 0
vn 0 1 0
vn 0 1 0
vn 0 1 0
vn 0 1 0
vn 0 1 0
vn 0 1 0
vn 0 1 0
vn 0 1 0
vn 0 1 0
vn 0 1 0
vn 0 1 0
vn 0 1 0
vn 0 1 0
vn 0 1 0
vn 0 1 0
vn 0 1 0
vn 0 1 0
vn 0 1 0
vn 0 1 0
vn 0 1 0
vn 0 1 0
vn 0 1 0
vn 0 1 0
vn 0 1 0
vn 0 1 0
vn 0 1 0
vn 0 1 0
vn 0 1 0
vn 0 1 0
vn 0 1 0
vn 0 1 0
vn 0 1 0
vn 0 1 0
vn 0 1 0
vn 0 1 0
vn 0 1 0
vn 0 1 0
vn 0 1 0
vn 0 1 0
vn 0 1 0
vn 0 1 0
vn 0 1 0
vn 0 1 0
vn 0 1 0
vn 0 1 0
vn 0 1 0
vn 0 1 0
vn 0 -1 0
vn 0 -1 0
vn 0 -1 0
vn 0 -1 0
vn 0 -1 0
vn 0 -1 0
vn 0 -1 0
vn 0 -1 0
vn 0 -1 0
vn 0 -1 0
vn 0 -1 0
vn 0 -1 0
vn 0 -1 0
vn 0 -1 0
vn 0 -1 0
vn 0 -1 0
vn 0 -1 0
vn 0 -1 0
vn 0 -1 0
vn 0 -1 0
vn 0 -1 0
vn 0 -1 0
vn 0 -1 0
vn 0 -1 0
vn 0 -1 0
vn 0 -1 0
vn 0 -1 0
vn 0 -1 0
vn 0 -1 0
vn 0 -1 0
vn 0 -1 0
vn 0 -1 0
vn 0 -1 0
vn 0 -1 0
vn 0 -1 0
vn 0 -1 0
vn 0 -1 0
vn 0 -1 0
vn 0 -1 0
vn 0 -1 0
vn 0 -1 0
vn 0 -1 0
vn 0 -1 0
vn 0 -1 0
vn 0 -1 0
vn 0 -1 0
vn 0 -1 0
vn 0 -1 0
vn 0 -1 0
f 4409/4409/4409 4434/4434/4434 4410/4410/4410
f 4434/4434/4434 4435/4435/4435 4410/4410/4410
f 4410/4410/4410 4435/4435/4435 4411/4411/4411
f 4435/4435/4435 4436/4436/4436 4411/4411/4411
f 4411/4411/4411 4436/4436/4436 4412/4412/4412
f 4436/4436/4436 4437/4437/4437 4412/4412/4412
f 4412/4412/4412 4437/4437/4437 4413/4413/4413
f 4437/4437/4437 4438/4438/4438 4413/4413/4413
f 4413/4413/4413 4438/4438/4438 4414/4414/4414
f 4438/4438/4438 4439/4439/4439 4414/4414/4414
f 4414/4414/4414 4439/4439/4439 4415/4415/4415
f 4439/4439/4439 4440/4440/4440 4415/4415/4415
f 4415/4415/4415 4440/4440/4440 4416/4416/4416
f 4440/4440/4440 4441/4441/4441 4416/4416/4416
f 4416/4416/4416 4441/4441/4441 4417/4417/4417
f 4441/4441/4441 4442/4442/4442 4417/4417/4417
f 4417/4417/4417 4442/4442/4442 4418/4418/4418
f 4442/4442/4442 4443/4443/4443 4418/4418/4418
f 4418/4418/4418 4443/4443/4443 4419/4419/4419
f 4443/4443/4443 4444/4444/4444 4419/4419/4419
f 4419/4419/4419 4444/4444/4444 4420/4420/4420
f 4444/4444/4444 4445/4445/4445 4420/4420/4420
f 4420/4420/4420 4445/4445/4445 4421/4421/4421
f 4445/4445/4445 4446/4446/4446 4421/4421/4421
f 4421/4421/4421 4446/4446/4446 4422/4422/4422
f 4446/4446/4446 4447/4447/4447 4422/4422/4422
f 4422/4422/4422 4447/4447/4447 4423/4423/4423
f 4447/4447/4447 4448/4448/4448 4423/4423/4423
f 4423/4423/4423 4448/4448/4448 4424/4424/4424
f 4448/4448/4448 4449/4449/4449 4424/4424/4424
f 4424/4424/4424 4449/4449/4449 4425/4425/4425
f 4449/4449/4449 4450/4450/4450 4425/4425/4425
f 4425/4425/4425 4450/4450/4450 4426/4426/4426
f 4450/4450/4450 4451/4451/4451 4426/4426/4426
f 4426/4426/4426 4451/4451/4451 4427/4427/4427
f 4451/4451/4451 4452/4452/4452 4427/4427/4427
f 4427/4427/4427 4452/4452/4452 4428/4428/4428
f 4452/4452/4452 4453/4453/4453 4428/4428/4428
f 4428/4428/4428 4453/4453/4453 4429/4429/4429
f 4453/4453/4453 4454/4454/4454 4429/4429/4429
f 4429/4429/4429 4454/4454/4454 4430/4430/4430
f 4454/4454/4454 4455/4455/4455 4430/4430/4430
f 4430/4430/4430 4455/4455/4455 4431/4431/4431
f 4455/4455/4455 4456/4456/4456 4431/4431/4431
f 4431/4431/4431 4456/4456/4456 4432/4432/4432
f 4456/4456/4456 4457/4457/4457 4432/4432/4432
f 4432/4432/4432 4457/4457/4457 4433/4433/4433
f 4457/4457/4457 4458/4458/4458 4433/4433/4433
f 4483/4483/4483 4484/4484/4484 4459/4459/4459
f 4484/4484/4484 4485/4485/4485 4460/4460/4460
f 4485/4485/4485 4486/4486/4486 4461/4461/4461
f 4486/4486/4486 4487/4487/4487 4462/4462/4462
f 4487/4487/4487 4488/4488/4488 4463/4463/4463
f 4488/4488/4488 4489/4489/4489 4464/4464/4464
f 4489/4489/4489 4490/4490/4490 4465/4465/4465
f 4490/4490/4490 4491/4491/4491 4466/4466/4466
f 4491/4491/4491 4492/4492/4492 4467/4467/4467
f 4492/4492/4492 4493/4493/4493 4468/4468/4468
f 4493/4493/4493 4494/4494/4494 4469/4469/4469
f 4494/4494/4494 4495/4495/4495 4470/4470/4470
f 4495/4495/4495 4496/4496/4496 4471/4471/4471
f 4496/4496/4496 4497/4497/4497 4472/4472/4472
f 4497/4497/4497 4498/4498/4498 4473/4473/4473
f 4498/4498/4498 4499/4499/4499 4474/4474/4474
f 4499/4499/4499 4500/4500/4500 4475/4475/4475
f 4500/4500/4500 4501/4501/4501 4476/4476/4476
f 4501/4501/4501 4502/4502/4502 4477/4477/4477
f 4502/4502/4502 4503/4503/4503 4478/4478/4478
f 4503/4503/4503 4504/4504/4504 4479/4479/4479
f 4504/4504/4504 4505/4505/4505 4480/4480/4480
f 4505/4505/4505 4506/4506/4506 4481/4481/4481
f 4506/4506/4506 4507/4507/4507 4482/4482/4482
f 4533/4533/4533 4532/4532/4532 4508/4508/4508
f 4534/4534/4534 4533/4533/4533 4509/4509/4509
f 4535/4535/4535 4534/4534/4534 4510/4510/4510
f 4536/4536/4536 4535/4535/4535 4511/4511/4511
f 4537/4537/4537 4536/4536/4536 4512/4512/4512
f 4538/4538/4538 4537/4537/4537 4513/4513/4513
f 4539/4539/4539 4538/4538/4538 4514/4514/4514
f 4540/4540/4540 4539/4539/4539 4515/4515/4515
f 4541/4541/4541 4540/4540/4540 4516/4516/4516
f 4542/4542/4542 4541/4541/4541 4517/4517/4517
f 4543/4543/4543 4542/4542/4542 4518/4518/4518
f 4544/4544/4544 4543/4543/4543 4519/4519/4519
f 4545/4545/4545 4544/4544/4544 4520/4520/4520
f 4546/4546/4546 4545/4545/4545 4521/4521/4521
f 4547/4547/4547 4546/4546/4546 4522/4522/4522
f 4548/4548/4548 4547/4547/4547 4523/4523/4523
f 4549/4549/4549 4548/4548/4548 4524/4524/4524
f 4550/4550/4550 4549/4549/4549 4525/4525/4525
f 4551/4551/4551 4550/4550/4550 4526/4526/4526
f 4552/4552/4552 4551/4551/4551 4527/4527/4527
f 4553/4553/4553 4552/4552/4552 4528/4528/4528
f 4554/4554/4554 4553/4553/4553 4529/4529/4529
f 4555/4555/4555 4554/4554/4554 4530/4530/4530
f 4556/4556/4556 4555/4555/4555 4531/4531/4531
o reception_filing
usemtl equip_dark
v -1.449999988079071 1.100000011920929 2.5450000005960463
v -1.449999988079071 1.100000011920929 2.2649999994039534
v -1.449999988079071 -1.1920928910669204e-8 2.5450000005960463
v -1.449999988079071 -1.1920928910669204e-8 2.2649999994039534
v -2.050000011920929 1.100000011920929 2.2649999994039534
v -2.050000011920929 1.100000011920929 2.5450000005960463
v -2.050000011920929 -1.1920928910669204e-8 2.2649999994039534
v -2.050000011920929 -1.1920928910669204e-8 2.5450000005960463
v -2.050000011920929 1.100000011920929 2.2649999994039534
v -1.449999988079071 1.100000011920929 2.2649999994039534
v -2.050000011920929 1.100000011920929 2.5450000005960463
v -1.449999988079071 1.100000011920929 2.5450000005960463
v -2.050000011920929 -1.1920928910669204e-8 2.5450000005960463
v -1.449999988079071 -1.1920928910669204e-8 2.5450000005960463
v -2.050000011920929 -1.1920928910669204e-8 2.2649999994039534
v -1.449999988079071 -1.1920928910669204e-8 2.2649999994039534
v -2.050000011920929 1.100000011920929 2.5450000005960463
v -1.449999988079071 1.100000011920929 2.5450000005960463
v -2.050000011920929 -1.1920928910669204e-8 2.5450000005960463
v -1.449999988079071 -1.1920928910669204e-8 2.5450000005960463
v -1.449999988079071 1.100000011920929 2.2649999994039534
v -2.050000011920929 1.100000011920929 2.2649999994039534
v -1.449999988079071 -1.1920928910669204e-8 2.2649999994039534
v -2.050000011920929 -1.1920928910669204e-8 2.2649999994039534
vt 0 1
vt 1 1
vt 0 0
vt 1 0
vt 0 1
vt 1 1
vt 0 0
vt 1 0
vt 0 1
vt 1 1
vt 0 0
vt 1 0
vt 0 1
vt 1 1
vt 0 0
vt 1 0
vt 0 1
vt 1 1
vt 0 0
vt 1 0
vt 0 1
vt 1 1
vt 0 0
vt 1 0
vn 1 0 0
vn 1 0 0
vn 1 0 0
vn 1 0 0
vn -1 0 0
vn -1 0 0
vn -1 0 0
vn -1 0 0
vn 0 1 0
vn 0 1 0
vn 0 1 0
vn 0 1 0
vn 0 -1 0
vn 0 -1 0
vn 0 -1 0
vn 0 -1 0
vn 0 0 1
vn 0 0 1
vn 0 0 1
vn 0 0 1
vn 0 0 -1
vn 0 0 -1
vn 0 0 -1
vn 0 0 -1
f 4557/4557/4557 4559/4559/4559 4558/4558/4558
f 4559/4559/4559 4560/4560/4560 4558/4558/4558
f 4561/4561/4561 4563/4563/4563 4562/4562/4562
f 4563/4563/4563 4564/4564/4564 4562/4562/4562
f 4565/4565/4565 4567/4567/4567 4566/4566/4566
f 4567/4567/4567 4568/4568/4568 4566/4566/4566
f 4569/4569/4569 4571/4571/4571 4570/4570/4570
f 4571/4571/4571 4572/4572/4572 4570/4570/4570
f 4573/4573/4573 4575/4575/4575 4574/4574/4574
f 4575/4575/4575 4576/4576/4576 4574/4574/4574
f 4577/4577/4577 4579/4579/4579 4578/4578/4578
f 4579/4579/4579 4580/4580/4580 4578/4578/4578
o waiting_seat_0
usemtl seat
v -0.8199999994039535 0.49999999910593035 3.8050000041723253
v -0.8199999994039535 0.49999999910593035 3.344999995827675
v -0.8199999994039535 0.4200000008940697 3.8050000041723253
v -0.8199999994039535 0.4200000008940697 3.344999995827675
v -1.1000000005960464 0.49999999910593035 3.344999995827675
v -1.1000000005960464 0.49999999910593035 3.8050000041723253
v -1.1000000005960464 0.4200000008940697 3.344999995827675
v -1.1000000005960464 0.4200000008940697 3.8050000041723253
v -1.1000000005960464 0.49999999910593035 3.344999995827675
v -0.8199999994039535 0.49999999910593035 3.344999995827675
v -1.1000000005960464 0.49999999910593035 3.8050000041723253
v -0.8199999994039535 0.49999999910593035 3.8050000041723253
v -1.1000000005960464 0.4200000008940697 3.8050000041723253
v -0.8199999994039535 0.4200000008940697 3.8050000041723253
v -1.1000000005960464 0.4200000008940697 3.344999995827675
v -0.8199999994039535 0.4200000008940697 3.344999995827675
v -1.1000000005960464 0.49999999910593035 3.8050000041723253
v -0.8199999994039535 0.49999999910593035 3.8050000041723253
v -1.1000000005960464 0.4200000008940697 3.8050000041723253
v -0.8199999994039535 0.4200000008940697 3.8050000041723253
v -0.8199999994039535 0.49999999910593035 3.344999995827675
v -1.1000000005960464 0.49999999910593035 3.344999995827675
v -0.8199999994039535 0.4200000008940697 3.344999995827675
v -1.1000000005960464 0.4200000008940697 3.344999995827675
vt 0 1
vt 1 1
vt 0 0
vt 1 0
vt 0 1
vt 1 1
vt 0 0
vt 1 0
vt 0 1
vt 1 1
vt 0 0
vt 1 0
vt 0 1
vt 1 1
vt 0 0
vt 1 0
vt 0 1
vt 1 1
vt 0 0
vt 1 0
vt 0 1
vt 1 1
vt 0 0
vt 1 0
vn 1 0 0
vn 1 0 0
vn 1 0 0
vn 1 0 0
vn -1 0 0
vn -1 0 0
vn -1 0 0
vn -1 0 0
vn 0 1 0
vn 0 1 0
vn 0 1 0
vn 0 1 0
vn 0 -1 0
vn 0 -1 0
vn 0 -1 0
vn 0 -1 0
vn 0 0 1
vn 0 0 1
vn 0 0 1
vn 0 0 1
vn 0 0 -1
vn 0 0 -1
vn 0 0 -1
vn 0 0 -1
f 4581/4581/4581 4583/4583/4583 4582/4582/4582
f 4583/4583/4583 4584/4584/4584 4582/4582/4582
f 4585/4585/4585 4587/4587/4587 4586/4586/4586
f 4587/4587/4587 4588/4588/4588 4586/4586/4586
f 4589/4589/4589 4591/4591/4591 4590/4590/4590
f 4591/4591/4591 4592/4592/4592 4590/4590/4590
f 4593/4593/4593 4595/4595/4595 4594/4594/4594
f 4595/4595/4595 4596/4596/4596 4594/4594/4594
f 4597/4597/4597 4599/4599/4599 4598/4598/4598
f 4599/4599/4599 4600/4600/4600 4598/4598/4598
f 4601/4601/4601 4603/4603/4603 4602/4602/4602
f 4603/4603/4603 4604/4604/4604 4602/4602/4602
o waiting_back_0
usemtl seat
v -0.8199999994039535 0.9000000029802322 3.8649999993294477
v -0.8199999994039535 0.9000000029802322 3.805000000670552
v -0.8199999994039535 0.4999999970197677 3.8649999993294477
v -0.8199999994039535 0.4999999970197677 3.805000000670552
v -1.1000000005960464 0.9000000029802322 3.805000000670552
v -1.1000000005960464 0.9000000029802322 3.8649999993294477
v -1.1000000005960464 0.4999999970197677 3.805000000670552
v -1.1000000005960464 0.4999999970197677 3.8649999993294477
v -1.1000000005960464 0.9000000029802322 3.805000000670552
v -0.8199999994039535 0.9000000029802322 3.805000000670552
v -1.1000000005960464 0.9000000029802322 3.8649999993294477
v -0.8199999994039535 0.9000000029802322 3.8649999993294477
v -1.1000000005960464 0.4999999970197677 3.8649999993294477
v -0.8199999994039535 0.4999999970197677 3.8649999993294477
v -1.1000000005960464 0.4999999970197677 3.805000000670552
v -0.8199999994039535 0.4999999970197677 3.805000000670552
v -1.1000000005960464 0.9000000029802322 3.8649999993294477
v -0.8199999994039535 0.9000000029802322 3.8649999993294477
v -1.1000000005960464 0.4999999970197677 3.8649999993294477
v -0.8199999994039535 0.4999999970197677 3.8649999993294477
v -0.8199999994039535 0.9000000029802322 3.805000000670552
v -1.1000000005960464 0.9000000029802322 3.805000000670552
v -0.8199999994039535 0.4999999970197677 3.805000000670552
v -1.1000000005960464 0.4999999970197677 3.805000000670552
vt 0 1
vt 1 1
vt 0 0
vt 1 0
vt 0 1
vt 1 1
vt 0 0
vt 1 0
vt 0 1
vt 1 1
vt 0 0
vt 1 0
vt 0 1
vt 1 1
vt 0 0
vt 1 0
vt 0 1
vt 1 1
vt 0 0
vt 1 0
vt 0 1
vt 1 1
vt 0 0
vt 1 0
vn 1 0 0
vn 1 0 0
vn 1 0 0
vn 1 0 0
vn -1 0 0
vn -1 0 0
vn -1 0 0
vn -1 0 0
vn 0 1 0
vn 0 1 0
vn 0 1 0
vn 0 1 0
vn 0 -1 0
vn 0 -1 0
vn 0 -1 0
vn 0 -1 0
vn 0 0 1
vn 0 0 1
vn 0 0 1
vn 0 0 1
vn 0 0 -1
vn 0 0 -1
vn 0 0 -1
vn 0 0 -1
f 4605/4605/4605 4607/4607/4607 4606/4606/4606
f 4607/4607/4607 4608/4608/4608 4606/4606/4606
f 4609/4609/4609 4611/4611/4611 4610/4610/4610
f 4611/4611/4611 4612/4612/4612 4610/4610/4610
f 4613/4613/4613 4615/4615/4615 4614/4614/4614
f 4615/4615/4615 4616/4616/4616 4614/4614/4614
f 4617/4617/4617 4619/4619/4619 4618/4618/4618
f 4619/4619/4619 4620/4620/4620 4618/4618/4618
f 4621/4621/4621 4623/4623/4623 4622/4622/4622
f 4623/4623/4623 4624/4624/4624 4622/4622/4622
f 4625/4625/4625 4627/4627/4627 4626/4626/4626
f 4627/4627/4627 4628/4628/4628 4626/4626/4626
o waiting_seat_1
usemtl seat
v -0.49999999940395357 0.49999999910593035 3.8050000041723253
v -0.49999999940395357 0.49999999910593035 3.344999995827675
v -0.49999999940395357 0.4200000008940697 3.8050000041723253
v -0.49999999940395357 0.4200000008940697 3.344999995827675
v -0.7800000005960465 0.49999999910593035 3.344999995827675
v -0.7800000005960465 0.49999999910593035 3.8050000041723253
v -0.7800000005960465 0.4200000008940697 3.344999995827675
v -0.7800000005960465 0.4200000008940697 3.8050000041723253
v -0.7800000005960465 0.49999999910593035 3.344999995827675
v -0.49999999940395357 0.49999999910593035 3.344999995827675
v -0.7800000005960465 0.49999999910593035 3.8050000041723253
v -0.49999999940395357 0.49999999910593035 3.8050000041723253
v -0.7800000005960465 0.4200000008940697 3.8050000041723253
v -0.49999999940395357 0.4200000008940697 3.8050000041723253
v -0.7800000005960465 0.4200000008940697 3.344999995827675
v -0.49999999940395357 0.4200000008940697 3.344999995827675
v -0.7800000005960465 0.49999999910593035 3.8050000041723253
v -0.49999999940395357 0.49999999910593035 3.8050000041723253
v -0.7800000005960465 0.4200000008940697 3.8050000041723253
v -0.49999999940395357 0.4200000008940697 3.8050000041723253
v -0.49999999940395357 0.49999999910593035 3.344999995827675
v -0.7800000005960465 0.49999999910593035 3.344999995827675
v -0.49999999940395357 0.4200000008940697 3.344999995827675
v -0.7800000005960465 0.4200000008940697 3.344999995827675
vt 0 1
vt 1 1
vt 0 0
vt 1 0
vt 0 1
vt 1 1
vt 0 0
vt 1 0
vt 0 1
vt 1 1
vt 0 0
vt 1 0
vt 0 1
vt 1 1
vt 0 0
vt 1 0
vt 0 1
vt 1 1
vt 0 0
vt 1 0
vt 0 1
vt 1 1
vt 0 0
vt 1 0
vn 1 0 0
vn 1 0 0
vn 1 0 0
vn 1 0 0
vn -1 0 0
vn -1 0 0
vn -1 0 0
vn -1 0 0
vn 0 1 0
vn 0 1 0
vn 0 1 0
vn 0 1 0
vn 0 -1 0
vn 0 -1 0
vn 0 -1 0
vn 0 -1 0
vn 0 0 1
vn 0 0 1
vn 0 0 1
vn 0 0 1
vn 0 0 -1
vn 0 0 -1
vn 0 0 -1
vn 0 0 -1
f 4629/4629/4629 4631/4631/4631 4630/4630/4630
f 4631/4631/4631 4632/4632/4632 4630/4630/4630
f 4633/4633/4633 4635/4635/4635 4634/4634/4634
f 4635/4635/4635 4636/4636/4636 4634/4634/4634
f 4637/4637/4637 4639/4639/4639 4638/4638/4638
f 4639/4639/4639 4640/4640/4640 4638/4638/4638
f 4641/4641/4641 4643/4643/4643 4642/4642/4642
f 4643/4643/4643 4644/4644/4644 4642/4642/4642
f 4645/4645/4645 4647/4647/4647 4646/4646/4646
f 4647/4647/4647 4648/4648/4648 4646/4646/4646
f 4649/4649/4649 4651/4651/4651 4650/4650/4650
f 4651/4651/4651 4652/4652/4652 4650/4650/4650
o waiting_back_1
usemtl seat
v -0.49999999940395357 0.9000000029802322 3.8649999993294477
v -0.49999999940395357 0.9000000029802322 3.805000000670552
v -0.49999999940395357 0.4999999970197677 3.8649999993294477
v -0.49999999940395357 0.4999999970197677 3.805000000670552
v -0.7800000005960465 0.9000000029802322 3.805000000670552
v -0.7800000005960465 0.9000000029802322 3.8649999993294477
v -0.7800000005960465 0.4999999970197677 3.805000000670552
v -0.7800000005960465 0.4999999970197677 3.8649999993294477
v -0.7800000005960465 0.9000000029802322 3.805000000670552
v -0.49999999940395357 0.9000000029802322 3.805000000670552
v -0.7800000005960465 0.9000000029802322 3.8649999993294477
v -0.49999999940395357 0.9000000029802322 3.8649999993294477
v -0.7800000005960465 0.4999999970197677 3.8649999993294477
v -0.49999999940395357 0.4999999970197677 3.8649999993294477
v -0.7800000005960465 0.4999999970197677 3.805000000670552
v -0.49999999940395357 0.4999999970197677 3.805000000670552
v -0.7800000005960465 0.9000000029802322 3.8649999993294477
v -0.49999999940395357 0.9000000029802322 3.8649999993294477
v -0.7800000005960465 0.4999999970197677 3.8649999993294477
v -0.49999999940395357 0.4999999970197677 3.8649999993294477
v -0.49999999940395357 0.9000000029802322 3.805000000670552
v -0.7800000005960465 0.9000000029802322 3.805000000670552
v -0.49999999940395357 0.4999999970197677 3.805000000670552
v -0.7800000005960465 0.4999999970197677 3.805000000670552
vt 0 1
vt 1 1
vt 0 0
vt 1 0
vt 0 1
vt 1 1
vt 0 0
vt 1 0
vt 0 1
vt 1 1
vt 0 0
vt 1 0
vt 0 1
vt 1 1
vt 0 0
vt 1 0
vt 0 1
vt 1 1
vt 0 0
vt 1 0
vt 0 1
vt 1 1
vt 0 0
vt 1 0
vn 1 0 0
vn 1 0 0
vn 1 0 0
vn 1 0 0
vn -1 0 0
vn -1 0 0
vn -1 0 0
vn -1 0 0
vn 0 1 0
vn 0 1 0
vn 0 1 0
vn 0 1 0
vn 0 -1 0
vn 0 -1 0
vn 0 -1 0
vn 0 -1 0
vn 0 0 1
vn 0 0 1
vn 0 0 1
vn 0 0 1
vn 0 0 -1
vn 0 0 -1
vn 0 0 -1
vn 0 0 -1
f 4653/4653/4653 4655/4655/4655 4654/4654/4654
f 4655/4655/4655 4656/4656/4656 4654/4654/4654
f 4657/4657/4657 4659/4659/4659 4658/4658/4658
f 4659/4659/4659 4660/4660/4660 4658/4658/4658
f 4661/4661/4661 4663/4663/4663 4662/4662/4662
f 4663/4663/4663 4664/4664/4664 4662/4662/4662
f 4665/4665/4665 4667/4667/4667 4666/4666/4666
f 4667/4667/4667 4668/4668/4668 4666/4666/4666
f 4669/4669/4669 4671/4671/4671 4670/4670/4670
f 4671/4671/4671 4672/4672/4672 4670/4670/4670
f 4673/4673/4673 4675/4675/4675 4674/4674/4674
f 4675/4675/4675 4676/4676/4676 4674/4674/4674
o waiting_seat_2
usemtl seat
v -0.17999999940395356 0.49999999910593035 3.8050000041723253
v -0.17999999940395356 0.49999999910593035 3.344999995827675
v -0.17999999940395356 0.4200000008940697 3.8050000041723253
v -0.17999999940395356 0.4200000008940697 3.344999995827675
v -0.46000000059604645 0.49999999910593035 3.344999995827675
v -0.46000000059604645 0.49999999910593035 3.8050000041723253
v -0.46000000059604645 0.4200000008940697 3.344999995827675
v -0.46000000059604645 0.4200000008940697 3.8050000041723253
v -0.46000000059604645 0.49999999910593035 3.344999995827675
v -0.17999999940395356 0.49999999910593035 3.344999995827675
v -0.46000000059604645 0.49999999910593035 3.8050000041723253
v -0.17999999940395356 0.49999999910593035 3.8050000041723253
v -0.46000000059604645 0.4200000008940697 3.8050000041723253
v -0.17999999940395356 0.4200000008940697 3.8050000041723253
v -0.46000000059604645 0.4200000008940697 3.344999995827675
v -0.17999999940395356 0.4200000008940697 3.344999995827675
v -0.46000000059604645 0.49999999910593035 3.8050000041723253
v -0.17999999940395356 0.49999999910593035 3.8050000041723253
v -0.46000000059604645 0.4200000008940697 3.8050000041723253
v -0.17999999940395356 0.4200000008940697 3.8050000041723253
v -0.17999999940395356 0.49999999910593035 3.344999995827675
v -0.46000000059604645 0.49999999910593035 3.344999995827675
v -0.17999999940395356 0.4200000008940697 3.344999995827675
v -0.46000000059604645 0.4200000008940697 3.344999995827675
vt 0 1
vt 1 1
vt 0 0
vt 1 0
vt 0 1
vt 1 1
vt 0 0
vt 1 0
vt 0 1
vt 1 1
vt 0 0
vt 1 0
vt 0 1
vt 1 1
vt 0 0
vt 1 0
vt 0 1
vt 1 1
vt 0 0
vt 1 0
vt 0 1
vt 1 1
vt 0 0
vt 1 0
vn 1 0 0
vn 1 0 0
vn 1 0 0
vn 1 0 0
vn -1 0 0
vn -1 0 0
vn -1 0 0
vn -1 0 0
vn 0 1 0
vn 0 1 0
vn 0 1 0
vn 0 1 0
vn 0 -1 0
vn 0 -1 0
vn 0 -1 0
vn 0 -1 0
vn 0 0 1
vn 0 0 1
vn 0 0 1
vn 0 0 1
vn 0 0 -1
vn 0 0 -1
vn 0 0 -1
vn 0 0 -1
f 4677/4677/4677 4679/4679/4679 4678/4678/4678
f 4679/4679/4679 4680/4680/4680 4678/4678/4678
f 4681/4681/4681 4683/4683/4683 4682/4682/4682
f 4683/4683/4683 4684/4684/4684 4682/4682/4682
f 4685/4685/4685 4687/4687/4687 4686/4686/4686
f 4687/4687/4687 4688/4688/4688 4686/4686/4686
f 4689/4689/4689 4691/4691/4691 4690/4690/4690
f 4691/4691/4691 4692/4692/4692 4690/4690/4690
f 4693/4693/4693 4695/4695/4695 4694/4694/4694
f 4695/4695/4695 4696/4696/4696 4694/4694/4694
f 4697/4697/4697 4699/4699/4699 4698/4698/4698
f 4699/4699/4699 4700/4700/4700 4698/4698/4698
o waiting_back_2
usemtl seat
v -0.17999999940395356 0.9000000029802322 3.8649999993294477
v -0.17999999940395356 0.9000000029802322 3.805000000670552
v -0.17999999940395356 0.4999999970197677 3.8649999993294477
v -0.17999999940395356 0.4999999970197677 3.805000000670552
v -0.46000000059604645 0.9000000029802322 3.805000000670552
v -0.46000000059604645 0.9000000029802322 3.8649999993294477
v -0.46000000059604645 0.4999999970197677 3.805000000670552
v -0.46000000059604645 0.4999999970197677 3.8649999993294477
v -0.46000000059604645 0.9000000029802322 3.805000000670552
v -0.17999999940395356 0.9000000029802322 3.805000000670552
v -0.46000000059604645 0.9000000029802322 3.8649999993294477
v -0.17999999940395356 0.9000000029802322 3.8649999993294477
v -0.46000000059604645 0.4999999970197677 3.8649999993294477
v -0.17999999940395356 0.4999999970197677 3.8649999993294477
v -0.46000000059604645 0.4999999970197677 3.805000000670552
v -0.17999999940395356 0.4999999970197677 3.805000000670552
v -0.46000000059604645 0.9000000029802322 3.8649999993294477
v -0.17999999940395356 0.9000000029802322 3.8649999993294477
v -0.46000000059604645 0.4999999970197677 3.8649999993294477
v -0.17999999940395356 0.4999999970197677 3.8649999993294477
v -0.17999999940395356 0.9000000029802322 3.805000000670552
v -0.46000000059604645 0.9000000029802322 3.805000000670552
v -0.17999999940395356 0.4999999970197677 3.805000000670552
v -0.46000000059604645 0.4999999970197677 3.805000000670552
vt 0 1
vt 1 1
vt 0 0
vt 1 0
vt 0 1
vt 1 1
vt 0 0
vt 1 0
vt 0 1
vt 1 1
vt 0 0
vt 1 0
vt 0 1
vt 1 1
vt 0 0
vt 1 0
vt 0 1
vt 1 1
vt 0 0
vt 1 0
vt 0 1
vt 1 1
vt 0 0
vt 1 0
vn 1 0 0
vn 1 0 0
vn 1 0 0
vn 1 0 0
vn -1 0 0
vn -1 0 0
vn -1 0 0
vn -1 0 0
vn 0 1 0
vn 0 1 0
vn 0 1 0
vn 0 1 0
vn 0 -1 0
vn 0 -1 0
vn 0 -1 0
vn 0 -1 0
vn 0 0 1
vn 0 0 1
vn 0 0 1
vn 0 0 1
vn 0 0 -1
vn 0 0 -1
vn 0 0 -1
vn 0 0 -1
f 4701/4701/4701 4703/4703/4703 4702/4702/4702
f 4703/4703/4703 4704/4704/4704 4702/4702/4702
f 4705/4705/4705 4707/4707/4707 4706/4706/4706
f 4707/4707/4707 4708/4708/4708 4706/4706/4706
f 4709/4709/4709 4711/4711/4711 4710/4710/4710
f 4711/4711/4711 4712/4712/4712 4710/4710/4710
f 4713/4713/4713 4715/4715/4715 4714/4714/4714
f 4715/4715/4715 4716/4716/4716 4714/4714/4714
f 4717/4717/4717 4719/4719/4719 4718/4718/4718
f 4719/4719/4719 4720/4720/4720 4718/4718/4718
f 4721/4721/4721 4723/4723/4723 4722/4722/4722
f 4723/4723/4723 4724/4724/4724 4722/4722/4722
o waiting_seat_3
usemtl seat
v 0.14000000059604645 0.49999999910593035 3.8050000041723253
v 0.14000000059604645 0.49999999910593035 3.344999995827675
v 0.14000000059604645 0.4200000008940697 3.8050000041723253
v 0.14000000059604645 0.4200000008940697 3.344999995827675
v -0.14000000059604645 0.49999999910593035 3.344999995827675
v -0.14000000059604645 0.49999999910593035 3.8050000041723253
v -0.14000000059604645 0.4200000008940697 3.344999995827675
v -0.14000000059604645 0.4200000008940697 3.8050000041723253
v -0.14000000059604645 0.49999999910593035 3.344999995827675
v 0.14000000059604645 0.49999999910593035 3.344999995827675
v -0.14000000059604645 0.49999999910593035 3.8050000041723253
v 0.14000000059604645 0.49999999910593035 3.8050000041723253
v -0.14000000059604645 0.4200000008940697 3.8050000041723253
v 0.14000000059604645 0.4200000008940697 3.8050000041723253
v -0.14000000059604645 0.4200000008940697 3.344999995827675
v 0.14000000059604645 0.4200000008940697 3.344999995827675
v -0.14000000059604645 0.49999999910593035 3.8050000041723253
v 0.14000000059604645 0.49999999910593035 3.8050000041723253
v -0.14000000059604645 0.4200000008940697 3.8050000041723253
v 0.14000000059604645 0.4200000008940697 3.8050000041723253
v 0.14000000059604645 0.49999999910593035 3.344999995827675
v -0.14000000059604645 0.49999999910593035 3.344999995827675
v 0.14000000059604645 0.4200000008940697 3.344999995827675
v -0.14000000059604645 0.4200000008940697 3.344999995827675
vt 0 1
vt 1 1
vt 0 0
vt 1 0
vt 0 1
vt 1 1
vt 0 0
vt 1 0
vt 0 1
vt 1 1
vt 0 0
vt 1 0
vt 0 1
vt 1 1
vt 0 0
vt 1 0
vt 0 1
vt 1 1
vt 0 0
vt 1 0
vt 0 1
vt 1 1
vt 0 0
vt 1 0
vn 1 0 0
vn 1 0 0
vn 1 0 0
vn 1 0 0
vn -1 0 0
vn -1 0 0
vn -1 0 0
vn -1 0 0
vn 0 1 0
vn 0 1 0
vn 0 1 0
vn 0 1 0
vn 0 -1 0
vn 0 -1 0
vn 0 -1 0
vn 0 -1 0
vn 0 0 1
vn 0 0 1
vn 0 0 1
vn 0 0 1
vn 0 0 -1
vn 0 0 -1
vn 0 0 -1
vn 0 0 -1
f 4725/4725/4725 4727/4727/4727 4726/4726/4726
f 4727/4727/4727 4728/4728/4728 4726/4726/4726
f 4729/4729/4729 4731/4731/4731 4730/4730/4730
f 4731/4731/4731 4732/4732/4732 4730/4730/4730
f 4733/4733/4733 4735/4735/4735 4734/4734/4734
f 4735/4735/4735 4736/4736/4736 4734/4734/4734
f 4737/4737/4737 4739/4739/4739 4738/4738/4738
f 4739/4739/4739 4740/4740/4740 4738/4738/4738
f 4741/4741/4741 4743/4743/4743 4742/4742/4742
f 4743/4743/4743 4744/4744/4744 4742/4742/4742
f 4745/4745/4745 4747/4747/4747 4746/4746/4746
f 4747/4747/4747 4748/4748/4748 4746/4746/4746
o waiting_back_3
usemtl seat
v 0.14000000059604645 0.9000000029802322 3.8649999993294477
v 0.14000000059604645 0.9000000029802322 3.805000000670552
v 0.14000000059604645 0.4999999970197677 3.8649999993294477
v 0.14000000059604645 0.4999999970197677 3.805000000670552
v -0.14000000059604645 0.9000000029802322 3.805000000670552
v -0.14000000059604645 0.9000000029802322 3.8649999993294477
v -0.14000000059604645 0.4999999970197677 3.805000000670552
v -0.14000000059604645 0.4999999970197677 3.8649999993294477
v -0.14000000059604645 0.9000000029802322 3.805000000670552
v 0.14000000059604645 0.9000000029802322 3.805000000670552
v -0.14000000059604645 0.9000000029802322 3.8649999993294477
v 0.14000000059604645 0.9000000029802322 3.8649999993294477
v -0.14000000059604645 0.4999999970197677 3.8649999993294477
v 0.14000000059604645 0.4999999970197677 3.8649999993294477
v -0.14000000059604645 0.4999999970197677 3.805000000670552
v 0.14000000059604645 0.4999999970197677 3.805000000670552
v -0.14000000059604645 0.9000000029802322 3.8649999993294477
v 0.14000000059604645 0.9000000029802322 3.8649999993294477
v -0.14000000059604645 0.4999999970197677 3.8649999993294477
v 0.14000000059604645 0.4999999970197677 3.8649999993294477
v 0.14000000059604645 0.9000000029802322 3.805000000670552
v -0.14000000059604645 0.9000000029802322 3.805000000670552
v 0.14000000059604645 0.4999999970197677 3.805000000670552
v -0.14000000059604645 0.4999999970197677 3.805000000670552
vt 0 1
vt 1 1
vt 0 0
vt 1 0
vt 0 1
vt 1 1
vt 0 0
vt 1 0
vt 0 1
vt 1 1
vt 0 0
vt 1 0
vt 0 1
vt 1 1
vt 0 0
vt 1 0
vt 0 1
vt 1 1
vt 0 0
vt 1 0
vt 0 1
vt 1 1
vt 0 0
vt 1 0
vn 1 0 0
vn 1 0 0
vn 1 0 0
vn 1 0 0
vn -1 0 0
vn -1 0 0
vn -1 0 0
vn -1 0 0
vn 0 1 0
vn 0 1 0
vn 0 1 0
vn 0 1 0
vn 0 -1 0
vn 0 -1 0
vn 0 -1 0
vn 0 -1 0
vn 0 0 1
vn 0 0 1
vn 0 0 1
vn 0 0 1
vn 0 0 -1
vn 0 0 -1
vn 0 0 -1
vn 0 0 -1
f 4749/4749/4749 4751/4751/4751 4750/4750/4750
f 4751/4751/4751 4752/4752/4752 4750/4750/4750
f 4753/4753/4753 4755/4755/4755 4754/4754/4754
f 4755/4755/4755 4756/4756/4756 4754/4754/4754
f 4757/4757/4757 4759/4759/4759 4758/4758/4758
f 4759/4759/4759 4760/4760/4760 4758/4758/4758
f 4761/4761/4761 4763/4763/4763 4762/4762/4762
f 4763/4763/4763 4764/4764/4764 4762/4762/4762
f 4765/4765/4765 4767/4767/4767 4766/4766/4766
f 4767/4767/4767 4768/4768/4768 4766/4766/4766
f 4769/4769/4769 4771/4771/4771 4770/4770/4770
f 4771/4771/4771 4772/4772/4772 4770/4770/4770
o waiting_bench_frame
usemtl steel
v 0.18000002622604372 0.41999999910593033 3.885000001192093
v 0.18000002622604372 0.41999999910593033 3.324999998807907
v 0.18000002622604372 0.3400000008940697 3.885000001192093
v 0.18000002622604372 0.3400000008940697 3.324999998807907
v -1.1400000262260437 0.41999999910593033 3.324999998807907
v -1.1400000262260437 0.41999999910593033 3.885000001192093
v -1.1400000262260437 0.3400000008940697 3.324999998807907
v -1.1400000262260437 0.3400000008940697 3.885000001192093
v -1.1400000262260437 0.41999999910593033 3.324999998807907
v 0.18000002622604372 0.41999999910593033 3.324999998807907
v -1.1400000262260437 0.41999999910593033 3.885000001192093
v 0.18000002622604372 0.41999999910593033 3.885000001192093
v -1.1400000262260437 0.3400000008940697 3.885000001192093
v 0.18000002622604372 0.3400000008940697 3.885000001192093
v -1.1400000262260437 0.3400000008940697 3.324999998807907
v 0.18000002622604372 0.3400000008940697 3.324999998807907
v -1.1400000262260437 0.41999999910593033 3.885000001192093
v 0.18000002622604372 0.41999999910593033 3.885000001192093
v -1.1400000262260437 0.3400000008940697 3.885000001192093
v 0.18000002622604372 0.3400000008940697 3.885000001192093
v 0.18000002622604372 0.41999999910593033 3.324999998807907
v -1.1400000262260437 0.41999999910593033 3.324999998807907
v 0.18000002622604372 0.3400000008940697 3.324999998807907
v -1.1400000262260437 0.3400000008940697 3.324999998807907
vt 0 1
vt 1 1
vt 0 0
vt 1 0
vt 0 1
vt 1 1
vt 0 0
vt 1 0
vt 0 1
vt 1 1
vt 0 0
vt 1 0
vt 0 1
vt 1 1
vt 0 0
vt 1 0
vt 0 1
vt 1 1
vt 0 0
vt 1 0
vt 0 1
vt 1 1
vt 0 0
vt 1 0
vn 1 0 0
vn 1 0 0
vn 1 0 0
vn 1 0 0
vn -1 0 0
vn -1 0 0
vn -1 0 0
vn -1 0 0
vn 0 1 0
vn 0 1 0
vn 0 1 0
vn 0 1 0
vn 0 -1 0
vn 0 -1 0
vn 0 -1 0
vn 0 -1 0
vn 0 0 1
vn 0 0 1
vn 0 0 1
vn 0 0 1
vn 0 0 -1
vn 0 0 -1
vn 0 0 -1
vn 0 0 -1
f 4773/4773/4773 4775/4775/4775 4774/4774/4774
f 4775/4775/4775 4776/4776/4776 4774/4774/4774
f 4777/4777/4777 4779/4779/4779 4778/4778/4778
f 4779/4779/4779 4780/4780/4780 4778/4778/4778
f 4781/4781/4781 4783/4783/4783 4782/4782/4782
f 4783/4783/4783 4784/4784/4784 4782/4782/4782
f 4785/4785/4785 4787/4787/4787 4786/4786/4786
f 4787/4787/4787 4788/4788/4788 4786/4786/4786
f 4789/4789/4789 4791/4791/4791 4790/4790/4790
f 4791/4791/4791 4792/4792/4792 4790/4790/4790
f 4793/4793/4793 4795/4795/4795 4794/4794/4794
f 4795/4795/4795 4796/4796/4796 4794/4794/4794
o waiting_table
usemtl cabinet
v -0.1999999940395355 0.4499999940395355 3.0450000029802324
v -0.1999999940395355 0.4499999940395355 2.644999997019768
v -0.1999999940395355 5.960464483090178e-9 3.0450000029802324
v -0.1999999940395355 5.960464483090178e-9 2.644999997019768
v -1.0000000059604646 0.4499999940395355 2.644999997019768
v -1.0000000059604646 0.4499999940395355 3.0450000029802324
v -1.0000000059604646 5.960464483090178e-9 2.644999997019768
v -1.0000000059604646 5.960464483090178e-9 3.0450000029802324
v -1.0000000059604646 0.4499999940395355 2.644999997019768
v -0.1999999940395355 0.4499999940395355 2.644999997019768
v -1.0000000059604646 0.4499999940395355 3.0450000029802324
v -0.1999999940395355 0.4499999940395355 3.0450000029802324
v -1.0000000059604646 5.960464483090178e-9 3.0450000029802324
v -0.1999999940395355 5.960464483090178e-9 3.0450000029802324
v -1.0000000059604646 5.960464483090178e-9 2.644999997019768
v -0.1999999940395355 5.960464483090178e-9 2.644999997019768
v -1.0000000059604646 0.4499999940395355 3.0450000029802324
v -0.1999999940395355 0.4499999940395355 3.0450000029802324
v -1.0000000059604646 5.960464483090178e-9 3.0450000029802324
v -0.1999999940395355 5.960464483090178e-9 3.0450000029802324
v -0.1999999940395355 0.4499999940395355 2.644999997019768
v -1.0000000059604646 0.4499999940395355 2.644999997019768
v -0.1999999940395355 5.960464483090178e-9 2.644999997019768
v -1.0000000059604646 5.960464483090178e-9 2.644999997019768
vt 0 1
vt 1 1
vt 0 0
vt 1 0
vt 0 1
vt 1 1
vt 0 0
vt 1 0
vt 0 1
vt 1 1
vt 0 0
vt 1 0
vt 0 1
vt 1 1
vt 0 0
vt 1 0
vt 0 1
vt 1 1
vt 0 0
vt 1 0
vt 0 1
vt 1 1
vt 0 0
vt 1 0
vn 1 0 0
vn 1 0 0
vn 1 0 0
vn 1 0 0
vn -1 0 0
vn -1 0 0
vn -1 0 0
vn -1 0 0
vn 0 1 0
vn 0 1 0
vn 0 1 0
vn 0 1 0
vn 0 -1 0
vn 0 -1 0
vn 0 -1 0
vn 0 -1 0
vn 0 0 1
vn 0 0 1
vn 0 0 1
vn 0 0 1
vn 0 0 -1
vn 0 0 -1
vn 0 0 -1
vn 0 0 -1
f 4797/4797/4797 4799/4799/4799 4798/4798/4798
f 4799/4799/4799 4800/4800/4800 4798/4798/4798
f 4801/4801/4801 4803/4803/4803 4802/4802/4802
f 4803/4803/4803 4804/4804/4804 4802/4802/4802
f 4805/4805/4805 4807/4807/4807 4806/4806/4806
f 4807/4807/4807 4808/4808/4808 4806/4806/4806
f 4809/4809/4809 4811/4811/4811 4810/4810/4810
f 4811/4811/4811 4812/4812/4812 4810/4810/4810
f 4813/4813/4813 4815/4815/4815 4814/4814/4814
f 4815/4815/4815 4816/4816/4816 4814/4814/4814
f 4817/4817/4817 4819/4819/4819 4818/4818/4818
f 4819/4819/4819 4820/4820/4820 4818/4818/4818
o token_display
usemtl screen
v -0.100000011920929 1.5000000029802323 2.2849999995529653
v -0.100000011920929 1.5000000029802323 2.245000000447035
v -0.100000011920929 1.0999999970197678 2.2849999995529653
v -0.100000011920929 1.0999999970197678 2.245000000447035
v -0.9999999880790711 1.5000000029802323 2.245000000447035
v -0.9999999880790711 1.5000000029802323 2.2849999995529653
v -0.9999999880790711 1.0999999970197678 2.245000000447035
v -0.9999999880790711 1.0999999970197678 2.2849999995529653
v -0.9999999880790711 1.5000000029802323 2.245000000447035
v -0.100000011920929 1.5000000029802323 2.245000000447035
v -0.9999999880790711 1.5000000029802323 2.2849999995529653
v -0.100000011920929 1.5000000029802323 2.2849999995529653
v -0.9999999880790711 1.0999999970197678 2.2849999995529653
v -0.100000011920929 1.0999999970197678 2.2849999995529653
v -0.9999999880790711 1.0999999970197678 2.245000000447035
v -0.100000011920929 1.0999999970197678 2.245000000447035
v -0.9999999880790711 1.5000000029802323 2.2849999995529653
v -0.100000011920929 1.5000000029802323 2.2849999995529653
v -0.9999999880790711 1.0999999970197678 2.2849999995529653
v -0.100000011920929 1.0999999970197678 2.2849999995529653
v -0.100000011920929 1.5000000029802323 2.245000000447035
v -0.9999999880790711 1.5000000029802323 2.245000000447035
v -0.100000011920929 1.0999999970197678 2.245000000447035
v -0.9999999880790711 1.0999999970197678 2.245000000447035
vt 0 1
vt 1 1
vt 0 0
vt 1 0
vt 0 1
vt 1 1
vt 0 0
vt 1 0
vt 0 1
vt 1 1
vt 0 0
vt 1 0
vt 0 1
vt 1 1
vt 0 0
vt 1 0
vt 0 1
vt 1 1
vt 0 0
vt 1 0
vt 0 1
vt 1 1
vt 0 0
vt 1 0
vn 1 0 0
vn 1 0 0
vn 1 0 0
vn 1 0 0
vn -1 0 0
vn -1 0 0
vn -1 0 0
vn -1 0 0
vn 0 1 0
vn 0 1 0
vn 0 1 0
vn 0 1 0
vn 0 -1 0
vn 0 -1 0
vn 0 -1 0
vn 0 -1 0
vn 0 0 1
vn 0 0 1
vn 0 0 1
vn 0 0 1
vn 0 0 -1
vn 0 0 -1
vn 0 0 -1
vn 0 0 -1
f 4821/4821/4821 4823/4823/4823 4822/4822/4822
f 4823/4823/4823 4824/4824/4824 4822/4822/4822
f 4825/4825/4825 4827/4827/4827 4826/4826/4826
f 4827/4827/4827 4828/4828/4828 4826/4826/4826
f 4829/4829/4829 4831/4831/4831 4830/4830/4830
f 4831/4831/4831 4832/4832/4832 4830/4830/4830
f 4833/4833/4833 4835/4835/4835 4834/4834/4834
f 4835/4835/4835 4836/4836/4836 4834/4834/4834
f 4837/4837/4837 4839/4839/4839 4838/4838/4838
f 4839/4839/4839 4840/4840/4840 4838/4838/4838
f 4841/4841/4841 4843/4843/4843 4842/4842/4842
f 4843/4843/4843 4844/4844/4844 4842/4842/4842
o washroom_1_staff_wc_pan
usemtl porcelain
v 2.600000002980232 0.40000000298023225 2.785000011920929
v 2.600000002980232 0.40000000298023225 2.184999988079071
v 2.600000002980232 -2.980232227667301e-9 2.785000011920929
v 2.600000002980232 -2.980232227667301e-9 2.184999988079071
v 2.1999999970197677 0.40000000298023225 2.184999988079071
v 2.1999999970197677 0.40000000298023225 2.785000011920929
v 2.1999999970197677 -2.980232227667301e-9 2.184999988079071
v 2.1999999970197677 -2.980232227667301e-9 2.785000011920929
v 2.1999999970197677 0.40000000298023225 2.184999988079071
v 2.600000002980232 0.40000000298023225 2.184999988079071
v 2.1999999970197677 0.40000000298023225 2.785000011920929
v 2.600000002980232 0.40000000298023225 2.785000011920929
v 2.1999999970197677 -2.980232227667301e-9 2.785000011920929
v 2.600000002980232 -2.980232227667301e-9 2.785000011920929
v 2.1999999970197677 -2.980232227667301e-9 2.184999988079071
v 2.600000002980232 -2.980232227667301e-9 2.184999988079071
v 2.1999999970197677 0.40000000298023225 2.785000011920929
v 2.600000002980232 0.40000000298023225 2.785000011920929
v 2.1999999970197677 -2.980232227667301e-9 2.785000011920929
v 2.600000002980232 -2.980232227667301e-9 2.785000011920929
v 2.600000002980232 0.40000000298023225 2.184999988079071
v 2.1999999970197677 0.40000000298023225 2.184999988079071
v 2.600000002980232 -2.980232227667301e-9 2.184999988079071
v 2.1999999970197677 -2.980232227667301e-9 2.184999988079071
vt 0 1
vt 1 1
vt 0 0
vt 1 0
vt 0 1
vt 1 1
vt 0 0
vt 1 0
vt 0 1
vt 1 1
vt 0 0
vt 1 0
vt 0 1
vt 1 1
vt 0 0
vt 1 0
vt 0 1
vt 1 1
vt 0 0
vt 1 0
vt 0 1
vt 1 1
vt 0 0
vt 1 0
vn 1 0 0
vn 1 0 0
vn 1 0 0
vn 1 0 0
vn -1 0 0
vn -1 0 0
vn -1 0 0
vn -1 0 0
vn 0 1 0
vn 0 1 0
vn 0 1 0
vn 0 1 0
vn 0 -1 0
vn 0 -1 0
vn 0 -1 0
vn 0 -1 0
vn 0 0 1
vn 0 0 1
vn 0 0 1
vn 0 0 1
vn 0 0 -1
vn 0 0 -1
vn 0 0 -1
vn 0 0 -1
f 4845/4845/4845 4847/4847/4847 4846/4846/4846
f 4847/4847/4847 4848/4848/4848 4846/4846/4846
f 4849/4849/4849 4851/4851/4851 4850/4850/4850
f 4851/4851/4851 4852/4852/4852 4850/4850/4850
f 4853/4853/4853 4855/4855/4855 4854/4854/4854
f 4855/4855/4855 4856/4856/4856 4854/4854/4854
f 4857/4857/4857 4859/4859/4859 4858/4858/4858
f 4859/4859/4859 4860/4860/4860 4858/4858/4858
f 4861/4861/4861 4863/4863/4863 4862/4862/4862
f 4863/4863/4863 4864/4864/4864 4862/4862/4862
f 4865/4865/4865 4867/4867/4867 4866/4866/4866
f 4867/4867/4867 4868/4868/4868 4866/4866/4866
o washroom_1_staff_wc_cistern
usemtl porcelain
v 2.8000000035762787 0.7400000017881393 2.704999998807907
v 2.8000000035762787 0.7400000017881393 2.2650000011920928
v 2.8000000035762787 0.3999999982118606 2.704999998807907
v 2.8000000035762787 0.3999999982118606 2.2650000011920928
v 2.6199999964237213 0.7400000017881393 2.2650000011920928
v 2.6199999964237213 0.7400000017881393 2.704999998807907
v 2.6199999964237213 0.3999999982118606 2.2650000011920928
v 2.6199999964237213 0.3999999982118606 2.704999998807907
v 2.6199999964237213 0.7400000017881393 2.2650000011920928
v 2.8000000035762787 0.7400000017881393 2.2650000011920928
v 2.6199999964237213 0.7400000017881393 2.704999998807907
v 2.8000000035762787 0.7400000017881393 2.704999998807907
v 2.6199999964237213 0.3999999982118606 2.704999998807907
v 2.8000000035762787 0.3999999982118606 2.704999998807907
v 2.6199999964237213 0.3999999982118606 2.2650000011920928
v 2.8000000035762787 0.3999999982118606 2.2650000011920928
v 2.6199999964237213 0.7400000017881393 2.704999998807907
v 2.8000000035762787 0.7400000017881393 2.704999998807907
v 2.6199999964237213 0.3999999982118606 2.704999998807907
v 2.8000000035762787 0.3999999982118606 2.704999998807907
v 2.8000000035762787 0.7400000017881393 2.2650000011920928
v 2.6199999964237213 0.7400000017881393 2.2650000011920928
v 2.8000000035762787 0.3999999982118606 2.2650000011920928
v 2.6199999964237213 0.3999999982118606 2.2650000011920928
vt 0 1
vt 1 1
vt 0 0
vt 1 0
vt 0 1
vt 1 1
vt 0 0
vt 1 0
vt 0 1
vt 1 1
vt 0 0
vt 1 0
vt 0 1
vt 1 1
vt 0 0
vt 1 0
vt 0 1
vt 1 1
vt 0 0
vt 1 0
vt 0 1
vt 1 1
vt 0 0
vt 1 0
vn 1 0 0
vn 1 0 0
vn 1 0 0
vn 1 0 0
vn -1 0 0
vn -1 0 0
vn -1 0 0
vn -1 0 0
vn 0 1 0
vn 0 1 0
vn 0 1 0
vn 0 1 0
vn 0 -1 0
vn 0 -1 0
vn 0 -1 0
vn 0 -1 0
vn 0 0 1
vn 0 0 1
vn 0 0 1
vn 0 0 1
vn 0 0 -1
vn 0 0 -1
vn 0 0 -1
vn 0 0 -1
f 4869/4869/4869 4871/4871/4871 4870/4870/4870
f 4871/4871/4871 4872/4872/4872 4870/4870/4870
f 4873/4873/4873 4875/4875/4875 4874/4874/4874
f 4875/4875/4875 4876/4876/4876 4874/4874/4874
f 4877/4877/4877 4879/4879/4879 4878/4878/4878
f 4879/4879/4879 4880/4880/4880 4878/4878/4878
f 4881/4881/4881 4883/4883/4883 4882/4882/4882
f 4883/4883/4883 4884/4884/4884 4882/4882/4882
f 4885/4885/4885 4887/4887/4887 4886/4886/4886
f 4887/4887/4887 4888/4888/4888 4886/4886/4886
f 4889/4889/4889 4891/4891/4891 4890/4890/4890
f 4891/4891/4891 4892/4892/4892 4890/4890/4890
o washroom_1_staff_basin
usemtl porcelain
v 2.04 0.8999999986588955 2.444999997615814
v 2.04 0.8999999986588955 2.0650000023841857
v 2.04 0.7800000013411045 2.444999997615814
v 2.04 0.7800000013411045 2.0650000023841857
v 1.54 0.8999999986588955 2.0650000023841857
v 1.54 0.8999999986588955 2.444999997615814
v 1.54 0.7800000013411045 2.0650000023841857
v 1.54 0.7800000013411045 2.444999997615814
v 1.54 0.8999999986588955 2.0650000023841857
v 2.04 0.8999999986588955 2.0650000023841857
v 1.54 0.8999999986588955 2.444999997615814
v 2.04 0.8999999986588955 2.444999997615814
v 1.54 0.7800000013411045 2.444999997615814
v 2.04 0.7800000013411045 2.444999997615814
v 1.54 0.7800000013411045 2.0650000023841857
v 2.04 0.7800000013411045 2.0650000023841857
v 1.54 0.8999999986588955 2.444999997615814
v 2.04 0.8999999986588955 2.444999997615814
v 1.54 0.7800000013411045 2.444999997615814
v 2.04 0.7800000013411045 2.444999997615814
v 2.04 0.8999999986588955 2.0650000023841857
v 1.54 0.8999999986588955 2.0650000023841857
v 2.04 0.7800000013411045 2.0650000023841857
v 1.54 0.7800000013411045 2.0650000023841857
vt 0 1
vt 1 1
vt 0 0
vt 1 0
vt 0 1
vt 1 1
vt 0 0
vt 1 0
vt 0 1
vt 1 1
vt 0 0
vt 1 0
vt 0 1
vt 1 1
vt 0 0
vt 1 0
vt 0 1
vt 1 1
vt 0 0
vt 1 0
vt 0 1
vt 1 1
vt 0 0
vt 1 0
vn 1 0 0
vn 1 0 0
vn 1 0 0
vn 1 0 0
vn -1 0 0
vn -1 0 0
vn -1 0 0
vn -1 0 0
vn 0 1 0
vn 0 1 0
vn 0 1 0
vn 0 1 0
vn 0 -1 0
vn 0 -1 0
vn 0 -1 0
vn 0 -1 0
vn 0 0 1
vn 0 0 1
vn 0 0 1
vn 0 0 1
vn 0 0 -1
vn 0 0 -1
vn 0 0 -1
vn 0 0 -1
f 4893/4893/4893 4895/4895/4895 4894/4894/4894
f 4895/4895/4895 4896/4896/4896 4894/4894/4894
f 4897/4897/4897 4899/4899/4899 4898/4898/4898
f 4899/4899/4899 4900/4900/4900 4898/4898/4898
f 4901/4901/4901 4903/4903/4903 4902/4902/4902
f 4903/4903/4903 4904/4904/4904 4902/4902/4902
f 4905/4905/4905 4907/4907/4907 4906/4906/4906
f 4907/4907/4907 4908/4908/4908 4906/4906/4906
f 4909/4909/4909 4911/4911/4911 4910/4910/4910
f 4911/4911/4911 4912/4912/4912 4910/4910/4910
f 4913/4913/4913 4915/4915/4915 4914/4914/4914
f 4915/4915/4915 4916/4916/4916 4914/4914/4914
o washroom_1_staff_basin_tap
usemtl steel
v 1.79 1.1000000014901161 2.144999999552965
v 1.793901806427166 1.1000000014901161 2.1446157060563564
v 1.7976536685228348 1.1000000014901161 2.143477590754628
v 1.801111404746771 1.1000000014901161 2.1416293922811747
v 1.8041421351581812 1.1000000014901161 2.139142135158181
v 1.8066293922811747 1.1000000014901161 2.136111404746771
v 1.8084775907546282 1.1000000014901161 2.1326536685228348
v 1.8096157060563565 1.1000000014901161 2.128901806427166
v 1.8099999995529652 1.1000000014901161 2.125
v 1.8096157060563565 1.1000000014901161 2.121098193572834
v 1.8084775907546282 1.1000000014901161 2.1173463314771652
v 1.8066293922811747 1.1000000014901161 2.113888595253229
v 1.8041421351581812 1.1000000014901161 2.110857864841819
v 1.801111404746771 1.1000000014901161 2.1083706077188253
v 1.7976536685228348 1.1000000014901161 2.106522409245372
v 1.793901806427166 1.1000000014901161 2.1053842939436436
v 1.79 1.1000000014901161 2.105000000447035
v 1.7860981935728342 1.1000000014901161 2.1053842939436436
v 1.7823463314771653 1.1000000014901161 2.106522409245372
v 1.7788885952532292 1.1000000014901161 2.1083706077188253
v 1.7758578648418188 1.1000000014901161 2.110857864841819
v 1.7733706077188254 1.1000000014901161 2.113888595253229
v 1.7715224092453719 1.1000000014901161 2.1173463314771652
v 1.7703842939436436 1.1000000014901161 2.121098193572834
v 1.7700000004470349 1.1000000014901161 2.125
v 1.7703842939436436 1.1000000014901161 2.128901806427166
v 1.7715224092453719 1.1000000014901161 2.1326536685228348
v 1.7733706077188254 1.1000000014901161 2.136111404746771
v 1.7758578648418188 1.1000000014901161 2.139142135158181
v 1.7788885952532292 1.1000000014901161 2.1416293922811747
v 1.7823463314771653 1.1000000014901161 2.143477590754628
v 1.7860981935728342 1.1000000014901161 2.1446157060563564
v 1.79 1.1000000014901161 2.144999999552965
v 1.79 0.8999999985098839 2.144999999552965
v 1.793901806427166 0.8999999985098839 2.1446157060563564
v 1.7976536685228348 0.8999999985098839 2.143477590754628
v 1.801111404746771 0.8999999985098839 2.1416293922811747
v 1.8041421351581812 0.8999999985098839 2.139142135158181
v 1.8066293922811747 0.8999999985098839 2.136111404746771
v 1.8084775907546282 0.8999999985098839 2.1326536685228348
v 1.8096157060563565 0.8999999985098839 2.128901806427166
v 1.8099999995529652 0.8999999985098839 2.125
v 1.8096157060563565 0.8999999985098839 2.121098193572834
v 1.8084775907546282 0.8999999985098839 2.1173463314771652
v 1.8066293922811747 0.8999999985098839 2.113888595253229
v 1.8041421351581812 0.8999999985098839 2.110857864841819
v 1.801111404746771 0.8999999985098839 2.1083706077188253
v 1.7976536685228348 0.8999999985098839 2.106522409245372
v 1.793901806427166 0.8999999985098839 2.1053842939436436
v 1.79 0.8999999985098839 2.105000000447035
v 1.7860981935728342 0.8999999985098839 2.1053842939436436
v 1.7823463314771653 0.8999999985098839 2.106522409245372
v 1.7788885952532292 0.8999999985098839 2.1083706077188253
v 1.7758578648418188 0.8999999985098839 2.110857864841819
v 1.7733706077188254 0.8999999985098839 2.113888595253229
v 1.7715224092453719 0.8999999985098839 2.1173463314771652
v 1.7703842939436436 0.8999999985098839 2.121098193572834
v 1.7700000004470349 0.8999999985098839 2.125
v 1.7703842939436436 0.8999999985098839 2.128901806427166
v 1.7715224092453719 0.8999999985098839 2.1326536685228348
v 1.7733706077188254 0.8999999985098839 2.136111404746771
v 1.7758578648418188 0.8999999985098839 2.139142135158181
v 1.7788885952532292 0.8999999985098839 2.1416293922811747
v 1.7823463314771653 0.8999999985098839 2.143477590754628
v 1.7860981935728342 0.8999999985098839 2.1446157060563564
v 1.79 0.8999999985098839 2.144999999552965
v 1.79 1.1000000014901161 2.125
v 1.79 1.1000000014901161 2.125
v 1.79 1.1000000014901161 2.125
v 1.79 1.1000000014901161 2.125
v 1.79 1.1000000014901161 2.125
v 1.79 1.1000000014901161 2.125
v 1.79 1.1000000014901161 2.125
v 1.79 1.1000000014901161 2.125
v 1.79 1.1000000014901161 2.125
v 1.79 1.1000000014901161 2.125
v 1.79 1.1000000014901161 2.125
v 1.79 1.1000000014901161 2.125
v 1.79 1.1000000014901161 2.125
v 1.79 1.1000000014901161 2.125
v 1.79 1.1000000014901161 2.125
v 1.79 1.1000000014901161 2.125
v 1.79 1.1000000014901161 2.125
v 1.79 1.1000000014901161 2.125
v 1.79 1.1000000014901161 2.125
v 1.79 1.1000000014901161 2.125
v 1.79 1.1000000014901161 2.125
v 1.79 1.1000000014901161 2.125
v 1.79 1.1000000014901161 2.125
v 1.79 1.1000000014901161 2.125
v 1.79 1.1000000014901161 2.125
v 1.79 1.1000000014901161 2.125
v 1.79 1.1000000014901161 2.125
v 1.79 1.1000000014901161 2.125
v 1.79 1.1000000014901161 2.125
v 1.79 1.1000000014901161 2.125
v 1.79 1.1000000014901161 2.125
v 1.79 1.1000000014901161 2.125
v 1.79 1.1000000014901161 2.144999999552965
v 1.793901806427166 1.1000000014901161 2.1446157060563564
v 1.7976536685228348 1.1000000014901161 2.143477590754628
v 1.801111404746771 1.1000000014901161 2.1416293922811747
v 1.8041421351581812 1.1000000014901161 2.139142135158181
v 1.8066293922811747 1.1000000014901161 2.136111404746771
v 1.8084775907546282 1.1000000014901161 2.1326536685228348
v 1.8096157060563565 1.1000000014901161 2.128901806427166
v 1.8099999995529652 1.1000000014901161 2.125
v 1.8096157060563565 1.1000000014901161 2.121098193572834
v 1.8084775907546282 1.1000000014901161 2.1173463314771652
v 1.8066293922811747 1.1000000014901161 2.113888595253229
v 1.8041421351581812 1.1000000014901161 2.110857864841819
v 1.801111404746771 1.1000000014901161 2.1083706077188253
v 1.7976536685228348 1.1000000014901161 2.106522409245372
v 1.793901806427166 1.1000000014901161 2.1053842939436436
v 1.79 1.1000000014901161 2.105000000447035
v 1.7860981935728342 1.1000000014901161 2.1053842939436436
v 1.7823463314771653 1.1000000014901161 2.106522409245372
v 1.7788885952532292 1.1000000014901161 2.1083706077188253
v 1.7758578648418188 1.1000000014901161 2.110857864841819
v 1.7733706077188254 1.1000000014901161 2.113888595253229
v 1.7715224092453719 1.1000000014901161 2.1173463314771652
v 1.7703842939436436 1.1000000014901161 2.121098193572834
v 1.7700000004470349 1.1000000014901161 2.125
v 1.7703842939436436 1.1000000014901161 2.128901806427166
v 1.7715224092453719 1.1000000014901161 2.1326536685228348
v 1.7733706077188254 1.1000000014901161 2.136111404746771
v 1.7758578648418188 1.1000000014901161 2.139142135158181
v 1.7788885952532292 1.1000000014901161 2.1416293922811747
v 1.7823463314771653 1.1000000014901161 2.143477590754628
v 1.7860981935728342 1.1000000014901161 2.1446157060563564
v 1.79 1.1000000014901161 2.144999999552965
v 1.79 0.8999999985098839 2.125
v 1.79 0.8999999985098839 2.125
v 1.79 0.8999999985098839 2.125
v 1.79 0.8999999985098839 2.125
v 1.79 0.8999999985098839 2.125
v 1.79 0.8999999985098839 2.125
v 1.79 0.8999999985098839 2.125
v 1.79 0.8999999985098839 2.125
v 1.79 0.8999999985098839 2.125
v 1.79 0.8999999985098839 2.125
v 1.79 0.8999999985098839 2.125
v 1.79 0.8999999985098839 2.125
v 1.79 0.8999999985098839 2.125
v 1.79 0.8999999985098839 2.125
v 1.79 0.8999999985098839 2.125
v 1.79 0.8999999985098839 2.125
v 1.79 0.8999999985098839 2.125
v 1.79 0.8999999985098839 2.125
v 1.79 0.8999999985098839 2.125
v 1.79 0.8999999985098839 2.125
v 1.79 0.8999999985098839 2.125
v 1.79 0.8999999985098839 2.125
v 1.79 0.8999999985098839 2.125
v 1.79 0.8999999985098839 2.125
v 1.79 0.8999999985098839 2.125
v 1.79 0.8999999985098839 2.125
v 1.79 0.8999999985098839 2.125
v 1.79 0.8999999985098839 2.125
v 1.79 0.8999999985098839 2.125
v 1.79 0.8999999985098839 2.125
v 1.79 0.8999999985098839 2.125
v 1.79 0.8999999985098839 2.125
v 1.79 0.8999999985098839 2.144999999552965
v 1.793901806427166 0.8999999985098839 2.1446157060563564
v 1.7976536685228348 0.8999999985098839 2.143477590754628
v 1.801111404746771 0.8999999985098839 2.1416293922811747
v 1.8041421351581812 0.8999999985098839 2.139142135158181
v 1.8066293922811747 0.8999999985098839 2.136111404746771
v 1.8084775907546282 0.8999999985098839 2.1326536685228348
v 1.8096157060563565 0.8999999985098839 2.128901806427166
v 1.8099999995529652 0.8999999985098839 2.125
v 1.8096157060563565 0.8999999985098839 2.121098193572834
v 1.8084775907546282 0.8999999985098839 2.1173463314771652
v 1.8066293922811747 0.8999999985098839 2.113888595253229
v 1.8041421351581812 0.8999999985098839 2.110857864841819
v 1.801111404746771 0.8999999985098839 2.1083706077188253
v 1.7976536685228348 0.8999999985098839 2.106522409245372
v 1.793901806427166 0.8999999985098839 2.1053842939436436
v 1.79 0.8999999985098839 2.105000000447035
v 1.7860981935728342 0.8999999985098839 2.1053842939436436
v 1.7823463314771653 0.8999999985098839 2.106522409245372
v 1.7788885952532292 0.8999999985098839 2.1083706077188253
v 1.7758578648418188 0.8999999985098839 2.110857864841819
v 1.7733706077188254 0.8999999985098839 2.113888595253229
v 1.7715224092453719 0.8999999985098839 2.1173463314771652
v 1.7703842939436436 0.8999999985098839 2.121098193572834
v 1.7700000004470349 0.8999999985098839 2.125
v 1.7703842939436436 0.8999999985098839 2.128901806427166
v 1.7715224092453719 0.8999999985098839 2.1326536685228348
v 1.7733706077188254 0.8999999985098839 2.136111404746771
v 1.7758578648418188 0.8999999985098839 2.139142135158181
v 1.7788885952532292 0.8999999985098839 2.1416293922811747
v 1.7823463314771653 0.8999999985098839 2.143477590754628
v 1.7860981935728342 0.8999999985098839 2.1446157060563564
v 1.79 0.8999999985098839 2.144999999552965
vt 0 1
vt 0.03125 1
vt 0.0625 1
vt 0.09375 1
vt 0.125 1
vt 0.15625 1
vt 0.1875 1
vt 0.21875 1
vt 0.25 1
vt 0.28125 1
vt 0.3125 1
vt 0.34375 1
vt 0.375 1
vt 0.40625 1
vt 0.4375 1
vt 0.46875 1
vt 0.5 1
vt 0.53125 1
vt 0.5625 1
vt 0.59375 1
vt 0.625 1
vt 0.65625 1
vt 0.6875 1
vt 0.71875 1
vt 0.75 1
vt 0.78125 1
vt 0.8125 1
vt 0.84375 1
vt 0.875 1
vt 0.90625 1
vt 0.9375 1
vt 0.96875 1
vt 1 1
vt 0 0
vt 0.03125 0
vt 0.0625 0
vt 0.09375 0
vt 0.125 0
vt 0.15625 0
vt 0.1875 0
vt 0.21875 0
vt 0.25 0
vt 0.28125 0
vt 0.3125 0
vt 0.34375 0
vt 0.375 0
vt 0.40625 0
vt 0.4375 0
vt 0.46875 0
vt 0.5 0
vt 0.53125 0
vt 0.5625 0
vt 0.59375 0
vt 0.625 0
vt 0.65625 0
vt 0.6875 0
vt 0.71875 0
vt 0.75 0
vt 0.78125 0
vt 0.8125 0
vt 0.84375 0
vt 0.875 0
vt 0.90625 0
vt 0.9375 0
vt 0.96875 0
vt 1 0
vt 0.5 0.5
vt 0.5 0.5
vt 0.5 0.5
vt 0.5 0.5
vt 0.5 0.5
vt 0.5 0.5
vt 0.5 0.5
vt 0.5 0.5
vt 0.5 0.5
vt 0.5 0.5
vt 0.5 0.5
vt 0.5 0.5
vt 0.5 0.5
vt 0.5 0.5
vt 0.5 0.5
vt 0.5 0.5
vt 0.5 0.5
vt 0.5 0.5
vt 0.5 0.5
vt 0.5 0.5
vt 0.5 0.5
vt 0.5 0.5
vt 0.5 0.5
vt 0.5 0.5
vt 0.5 0.5
vt 0.5 0.5
vt 0.5 0.5
vt 0.5 0.5
vt 0.5 0.5
vt 0.5 0.5
vt 0.5 0.5
vt 0.5 0.5
vt 1 0.5
vt 0.9903926253318787 0.5975451469421387
vt 0.9619397521018982 0.6913416981697083
vt 0.9157348275184631 0.7777851223945618
vt 0.8535534143447876 0.8535534143447876
vt 0.7777851223945618 0.9157348275184631
vt 0.6913416981697083 0.9619397521018982
vt 0.5975451469421387 0.9903926253318787
vt 0.5 1
vt 0.40245485305786133 0.9903926253318787
vt 0.30865827202796936 0.9619397521018982
vt 0.22221487760543823 0.9157348275184631
vt 0.1464466154575348 0.8535534143447876
vt 0.08426519483327866 0.7777851223945618
vt 0.03806023299694061 0.6913416981697083
vt 0.009607359766960144 0.5975451469421387
vt 0 0.5
vt 0.009607359766960144 0.40245485305786133
vt 0.03806023299694061 0.30865827202796936
vt 0.08426519483327866 0.22221487760543823
vt 0.1464466154575348 0.1464466154575348
vt 0.22221487760543823 0.08426519483327866
vt 0.30865827202796936 0.03806023299694061
vt 0.40245485305786133 0.009607359766960144
vt 0.5 0
vt 0.5975451469421387 0.009607359766960144
vt 0.6913416981697083 0.03806023299694061
vt 0.7777851223945618 0.08426519483327866
vt 0.8535534143447876 0.1464466154575348
vt 0.9157348275184631 0.22221487760543823
vt 0.9619397521018982 0.30865827202796936
vt 0.9903926253318787 0.40245485305786133
vt 1 0.5
vt 0.5 0.5
vt 0.5 0.5
vt 0.5 0.5
vt 0.5 0.5
vt 0.5 0.5
vt 0.5 0.5
vt 0.5 0.5
vt 0.5 0.5
vt 0.5 0.5
vt 0.5 0.5
vt 0.5 0.5
vt 0.5 0.5
vt 0.5 0.5
vt 0.5 0.5
vt 0.5 0.5
vt 0.5 0.5
vt 0.5 0.5
vt 0.5 0.5
vt 0.5 0.5
vt 0.5 0.5
vt 0.5 0.5
vt 0.5 0.5
vt 0.5 0.5
vt 0.5 0.5
vt 0.5 0.5
vt 0.5 0.5
vt 0.5 0.5
vt 0.5 0.5
vt 0.5 0.5
vt 0.5 0.5
vt 0.5 0.5
vt 0.5 0.5
vt 1 0.5
vt 0.9903926253318787 0.40245485305786133
vt 0.9619397521018982 0.30865827202796936
vt 0.9157348275184631 0.22221487760543823
vt 0.8535534143447876 0.1464466154575348
vt 0.7777851223945618 0.08426519483327866
vt 0.6913416981697083 0.03806023299694061
vt 0.5975451469421387 0.009607359766960144
vt 0.5 0
vt 0.40245485305786133 0.009607359766960144
vt 0.30865827202796936 0.03806023299694061
vt 0.22221487760543823 0.08426519483327866
vt 0.1464466154575348 0.1464466154575348
vt 0.08426519483327866 0.22221487760543823
vt 0.03806023299694061 0.30865827202796936
vt 0.009607359766960144 0.40245485305786133
vt 0 0.5
vt 0.009607359766960144 0.5975451469421387
vt 0.03806023299694061 0.6913416981697083
vt 0.08426519483327866 0.7777851223945618
vt 0.1464466154575348 0.8535534143447876
vt 0.22221487760543823 0.9157348275184631
vt 0.30865827202796936 0.9619397521018982
vt 0.40245485305786133 0.9903926253318787
vt 0.5 1
vt 0.5975451469421387 0.9903926253318787
vt 0.6913416981697083 0.9619397521018982
vt 0.7777851223945618 0.9157348275184631
vt 0.8535534143447876 0.8535534143447876
vt 0.9157348275184631 0.7777851223945618
vt 0.9619397521018982 0.6913416981697083
vt 0.9903926253318787 0.5975451469421387
vt 1 0.5
vn 0 0 1
vn 0.19509032931342324 0 0.9807852789517083
vn 0.3826834370613369 0 0.9238795305660377
vn 0.555570248949409 0 0.8314696016585884
vn 0.7071067811865476 0 0.7071067811865476
vn 0.8314696016585884 0 0.555570248949409
vn 0.9238795305660377 0 0.3826834370613369
vn 0.9807852789517083 0 0.19509032931342324
vn 1 0 6.123234262925839e-17
vn 0.9807852789517083 0 -0.19509032931342324
vn 0.9238795305660377 0 -0.3826834370613369
vn 0.8314696016585884 0 -0.555570248949409
vn 0.7071067811865476 0 -0.7071067811865476
vn 0.555570248949409 0 -0.8314696016585884
vn 0.3826834370613369 0 -0.9238795305660377
vn 0.19509032931342324 0 -0.9807852789517083
vn 1.2246468525851679e-16 0 -1
vn -0.19509032931342324 0 -0.9807852789517083
vn -0.3826834370613369 0 -0.9238795305660377
vn -0.555570248949409 0 -0.8314696016585884
vn -0.7071067811865476 0 -0.7071067811865476
vn -0.8314696016585884 0 -0.555570248949409
vn -0.9238795305660377 0 -0.3826834370613369
vn -0.9807852789517083 0 -0.19509032931342324
vn -1 0 -1.8369701465288538e-16
vn -0.9807852789517083 0 0.19509032931342324
vn -0.9238795305660377 0 0.3826834370613369
vn -0.8314696016585884 0 0.555570248949409
vn -0.7071067811865476 0 0.7071067811865476
vn -0.555570248949409 0 0.8314696016585884
vn -0.3826834370613369 0 0.9238795305660377
vn -0.19509032931342324 0 0.9807852789517083
vn -2.4492937051703357e-16 0 1
vn 0 0 1
vn 0.19509032931342324 0 0.9807852789517083
vn 0.3826834370613369 0 0.9238795305660377
vn 0.555570248949409 0 0.8314696016585884
vn 0.7071067811865476 0 0.7071067811865476
vn 0.8314696016585884 0 0.555570248949409
vn 0.9238795305660377 0 0.3826834370613369
vn 0.9807852789517083 0 0.19509032931342324
vn 1 0 6.123234262925839e-17
vn 0.9807852789517083 0 -0.19509032931342324
vn 0.9238795305660377 0 -0.3826834370613369
vn 0.8314696016585884 0 -0.555570248949409
vn 0.7071067811865476 0 -0.7071067811865476
vn 0.555570248949409 0 -0.8314696016585884
vn 0.3826834370613369 0 -0.9238795305660377
vn 0.19509032931342324 0 -0.9807852789517083
vn 1.2246468525851679e-16 0 -1
vn -0.19509032931342324 0 -0.9807852789517083
vn -0.3826834370613369 0 -0.9238795305660377
vn -0.555570248949409 0 -0.8314696016585884
vn -0.7071067811865476 0 -0.7071067811865476
vn -0.8314696016585884 0 -0.555570248949409
vn -0.9238795305660377 0 -0.3826834370613369
vn -0.9807852789517083 0 -0.19509032931342324
vn -1 0 -1.8369701465288538e-16
vn -0.9807852789517083 0 0.19509032931342324
vn -0.9238795305660377 0 0.3826834370613369
vn -0.8314696016585884 0 0.555570248949409
vn -0.7071067811865476 0 0.7071067811865476
vn -0.555570248949409 0 0.8314696016585884
vn -0.3826834370613369 0 0.9238795305660377
vn -0.19509032931342324 0 0.9807852789517083
vn -2.4492937051703357e-16 0 1
vn 0 1 0
vn 0 1 0
vn 0 1 0
vn 0 1 0
vn 0 1 0
vn 0 1 0
vn 0 1 0
vn 0 1 0
vn 0 1 0
vn 0 1 0
vn 0 1 0
vn 0 1 0
vn 0 1 0
vn 0 1 0
vn 0 1 0
vn 0 1 0
vn 0 1 0
vn 0 1 0
vn 0 1 0
vn 0 1 0
vn 0 1 0
vn 0 1 0
vn 0 1 0
vn 0 1 0
vn 0 1 0
vn 0 1 0
vn 0 1 0
vn 0 1 0
vn 0 1 0
vn 0 1 0
vn 0 1 0
vn 0 1 0
vn 0 1 0
vn 0 1 0
vn 0 1 0
vn 0 1 0
vn 0 1 0
vn 0 1 0
vn 0 1 0
vn 0 1 0
vn 0 1 0
vn 0 1 0
vn 0 1 0
vn 0 1 0
vn 0 1 0
vn 0 1 0
vn 0 1 0
vn 0 1 0
vn 0 1 0
vn 0 1 0
vn 0 1 0
vn 0 1 0
vn 0 1 0
vn 0 1 0
vn 0 1 0
vn 0 1 0
vn 0 1 0
vn 0 1 0
vn 0 1 0
vn 0 1 0
vn 0 1 0
vn 0 1 0
vn 0 1 0
vn 0 1 0
vn 0 1 0
vn 0 -1 0
vn 0 -1 0
vn 0 -1 0
vn 0 -1 0
vn 0 -1 0
vn 0 -1 0
vn 0 -1 0
vn 0 -1 0
vn 0 -1 0
vn 0 -1 0
vn 0 -1 0
vn 0 -1 0
vn 0 -1 0
vn 0 -1 0
vn 0 -1 0
vn 0 -1 0
vn 0 -1 0
vn 0 -1 0
vn 0 -1 0
vn 0 -1 0
vn 0 -1 0
vn 0 -1 0
vn 0 -1 0
vn 0 -1 0
vn 0 -1 0
vn 0 -1 0
vn 0 -1 0
vn 0 -1 0
vn 0 -1 0
vn 0 -1 0
vn 0 -1 0
vn 0 -1 0
vn 0 -1 0
vn 0 -1 0
vn 0 -1 0
vn 0 -1 0
vn 0 -1 0
vn 0 -1 0
vn 0 -1 0
vn 0 -1 0
vn 0 -1 0
vn 0 -1 0
vn 0 -1 0
vn 0 -1 0
vn 0 -1 0
vn 0 -1 0
vn 0 -1 0
vn 0 -1 0
vn 0 -1 0
vn 0 -1 0
vn 0 -1 0
vn 0 -1 0
vn 0 -1 0
vn 0 -1 0
vn 0 -1 0
vn 0 -1 0
vn 0 -1 0
vn 0 -1 0
vn 0 -1 0
vn 0 -1 0
vn 0 -1 0
vn 0 -1 0
vn 0 -1 0
vn 0 -1 0
vn 0 -1 0
f 4917/4917/4917 4950/4950/4950 4918/4918/4918
f 4950/4950/4950 4951/4951/4951 4918/4918/4918
f 4918/4918/4918 4951/4951/4951 4919/4919/4919
f 4951/4951/4951 4952/4952/4952 4919/4919/4919
f 4919/4919/4919 4952/4952/4952 4920/4920/4920
f 4952/4952/4952 4953/4953/4953 4920/4920/4920
f 4920/4920/4920 4953/4953/4953 4921/4921/4921
f 4953/4953/4953 4954/4954/4954 4921/4921/4921
f 4921/4921/4921 4954/4954/4954 4922/4922/4922
f 4954/4954/4954 4955/4955/4955 4922/4922/4922
f 4922/4922/4922 4955/4955/4955 4923/4923/4923
f 4955/4955/4955 4956/4956/4956 4923/4923/4923
f 4923/4923/4923 4956/4956/4956 4924/4924/4924
f 4956/4956/4956 4957/4957/4957 4924/4924/4924
f 4924/4924/4924 4957/4957/4957 4925/4925/4925
f 4957/4957/4957 4958/4958/4958 4925/4925/4925
f 4925/4925/4925 4958/4958/4958 4926/4926/4926
f 4958/4958/4958 4959/4959/4959 4926/4926/4926
f 4926/4926/4926 4959/4959/4959 4927/4927/4927
f 4959/4959/4959 4960/4960/4960 4927/4927/4927
f 4927/4927/4927 4960/4960/4960 4928/4928/4928
f 4960/4960/4960 4961/4961/4961 4928/4928/4928
f 4928/4928/4928 4961/4961/4961 4929/4929/4929
f 4961/4961/4961 4962/4962/4962 4929/4929/4929
f 4929/4929/4929 4962/4962/4962 4930/4930/4930
f 4962/4962/4962 4963/4963/4963 4930/4930/4930
f 4930/4930/4930 4963/4963/4963 4931/4931/4931
f 4963/4963/4963 4964/4964/4964 4931/4931/4931
f 4931/4931/4931 4964/4964/4964 4932/4932/4932
f 4964/4964/4964 4965/4965/4965 4932/4932/4932
f 4932/4932/4932 4965/4965/4965 4933/4933/4933
f 4965/4965/4965 4966/4966/4966 4933/4933/4933
f 4933/4933/4933 4966/4966/4966 4934/4934/4934
f 4966/4966/4966 4967/4967/4967 4934/4934/4934
f 4934/4934/4934 4967/4967/4967 4935/4935/4935
f 4967/4967/4967 4968/4968/4968 4935/4935/4935
f 4935/4935/4935 4968/4968/4968 4936/4936/4936
f 4968/4968/4968 4969/4969/4969 4936/4936/4936
f 4936/4936/4936 4969/4969/4969 4937/4937/4937
f 4969/4969/4969 4970/4970/4970 4937/4937/4937
f 4937/4937/4937 4970/4970/4970 4938/4938/4938
f 4970/4970/4970 4971/4971/4971 4938/4938/4938
f 4938/4938/4938 4971/4971/4971 4939/4939/4939
f 4971/4971/4971 4972/4972/4972 4939/4939/4939
f 4939/4939/4939 4972/4972/4972 4940/4940/4940
f 4972/4972/4972 4973/4973/4973 4940/4940/4940
f 4940/4940/4940 4973/4973/4973 4941/4941/4941
f 4973/4973/4973 4974/4974/4974 4941/4941/4941
f 4941/4941/4941 4974/4974/4974 4942/4942/4942
f 4974/4974/4974 4975/4975/4975 4942/4942/4942
f 4942/4942/4942 4975/4975/4975 4943/4943/4943
f 4975/4975/4975 4976/4976/4976 4943/4943/4943
f 4943/4943/4943 4976/4976/4976 4944/4944/4944
f 4976/4976/4976 4977/4977/4977 4944/4944/4944
f 4944/4944/4944 4977/4977/4977 4945/4945/4945
f 4977/4977/4977 4978/4978/4978 4945/4945/4945
f 4945/4945/4945 4978/4978/4978 4946/4946/4946
f 4978/4978/4978 4979/4979/4979 4946/4946/4946
f 4946/4946/4946 4979/4979/4979 4947/4947/4947
f 4979/4979/4979 4980/4980/4980 4947/4947/4947
f 4947/4947/4947 4980/4980/4980 4948/4948/4948
f 4980/4980/4980 4981/4981/4981 4948/4948/4948
f 4948/4948/4948 4981/4981/4981 4949/4949/4949
f 4981/4981/4981 4982/4982/4982 4949/4949/4949
f 5015/5015/5015 5016/5016/5016 4983/4983/4983
f 5016/5016/5016 5017/5017/5017 4984/4984/4984
f 5017/5017/5017 5018/5018/5018 4985/4985/4985
f 5018/5018/5018 5019/5019/5019 4986/4986/4986
f 5019/5019/5019 5020/5020/5020 4987/4987/4987
f 5020/5020/5020 5021/5021/5021 4988/4988/4988
f 5021/5021/5021 5022/5022/5022 4989/4989/4989
f 5022/5022/5022 5023/5023/5023 4990/4990/4990
f 5023/5023/5023 5024/5024/5024 4991/4991/4991
f 5024/5024/5024 5025/5025/5025 4992/4992/4992
f 5025/5025/5025 5026/5026/5026 4993/4993/4993
f 5026/5026/5026 5027/5027/5027 4994/4994/4994
f 5027/5027/5027 5028/5028/5028 4995/4995/4995
f 5028/5028/5028 5029/5029/5029 4996/4996/4996
f 5029/5029/5029 5030/5030/5030 4997/4997/4997
f 5030/5030/5030 5031/5031/5031 4998/4998/4998
f 5031/5031/5031 5032/5032/5032 4999/4999/4999
f 5032/5032/5032 5033/5033/5033 5000/5000/5000
f 5033/5033/5033 5034/5034/5034 5001/5001/5001
f 5034/5034/5034 5035/5035/5035 5002/5002/5002
f 5035/5035/5035 5036/5036/5036 5003/5003/5003
f 5036/5036/5036 5037/5037/5037 5004/5004/5004
f 5037/5037/5037 5038/5038/5038 5005/5005/5005
f 5038/5038/5038 5039/5039/5039 5006/5006/5006
f 5039/5039/5039 5040/5040/5040 5007/5007/5007
f 5040/5040/5040 5041/5041/5041 5008/5008/5008
f 5041/5041/5041 5042/5042/5042 5009/5009/5009
f 5042/5042/5042 5043/5043/5043 5010/5010/5010
f 5043/5043/5043 5044/5044/5044 5011/5011/5011
f 5044/5044/5044 5045/5045/5045 5012/5012/5012
f 5045/5045/5045 5046/5046/5046 5013/5013/5013
f 5046/5046/5046 5047/5047/5047 5014/5014/5014
f 5081/5081/5081 5080/5080/5080 5048/5048/5048
f 5082/5082/5082 5081/5081/5081 5049/5049/5049
f 5083/5083/5083 5082/5082/5082 5050/5050/5050
f 5084/5084/5084 5083/5083/5083 5051/5051/5051
f 5085/5085/5085 5084/5084/5084 5052/5052/5052
f 5086/5086/5086 5085/5085/5085 5053/5053/5053
f 5087/5087/5087 5086/5086/5086 5054/5054/5054
f 5088/5088/5088 5087/5087/5087 5055/5055/5055
f 5089/5089/5089 5088/5088/5088 5056/5056/5056
f 5090/5090/5090 5089/5089/5089 5057/5057/5057
f 5091/5091/5091 5090/5090/5090 5058/5058/5058
f 5092/5092/5092 5091/5091/5091 5059/5059/5059
f 5093/5093/5093 5092/5092/5092 5060/5060/5060
f 5094/5094/5094 5093/5093/5093 5061/5061/5061
f 5095/5095/5095 5094/5094/5094 5062/5062/5062
f 5096/5096/5096 5095/5095/5095 5063/5063/5063
f 5097/5097/5097 5096/5096/5096 5064/5064/5064
f 5098/5098/5098 5097/5097/5097 5065/5065/5065
f 5099/5099/5099 5098/5098/5098 5066/5066/5066
f 5100/5100/5100 5099/5099/5099 5067/5067/5067
f 5101/5101/5101 5100/5100/5100 5068/5068/5068
f 5102/5102/5102 5101/5101/5101 5069/5069/5069
f 5103/5103/5103 5102/5102/5102 5070/5070/5070
f 5104/5104/5104 5103/5103/5103 5071/5071/5071
f 5105/5105/5105 5104/5104/5104 5072/5072/5072
f 5106/5106/5106 5105/5105/5105 5073/5073/5073
f 5107/5107/5107 5106/5106/5106 5074/5074/5074
f 5108/5108/5108 5107/5107/5107 5075/5075/5075
f 5109/5109/5109 5108/5108/5108 5076/5076/5076
f 5110/5110/5110 5109/5109/5109 5077/5077/5077
f 5111/5111/5111 5110/5110/5110 5078/5078/5078
f 5112/5112/5112 5111/5111/5111 5079/5079/5079
o washroom_2_patient_wc_pan
usemtl porcelain
v 2.600000002980232 0.40000000298023225 3.945000011920929
v 2.600000002980232 0.40000000298023225 3.344999988079071
v 2.600000002980232 -2.980232227667301e-9 3.945000011920929
v 2.600000002980232 -2.980232227667301e-9 3.344999988079071
v 2.1999999970197677 0.40000000298023225 3.344999988079071
v 2.1999999970197677 0.40000000298023225 3.945000011920929
v 2.1999999970197677 -2.980232227667301e-9 3.344999988079071
v 2.1999999970197677 -2.980232227667301e-9 3.945000011920929
v 2.1999999970197677 0.40000000298023225 3.344999988079071
v 2.600000002980232 0.40000000298023225 3.344999988079071
v 2.1999999970197677 0.40000000298023225 3.945000011920929
v 2.600000002980232 0.40000000298023225 3.945000011920929
v 2.1999999970197677 -2.980232227667301e-9 3.945000011920929
v 2.600000002980232 -2.980232227667301e-9 3.945000011920929
v 2.1999999970197677 -2.980232227667301e-9 3.344999988079071
v 2.600000002980232 -2.980232227667301e-9 3.344999988079071
v 2.1999999970197677 0.40000000298023225 3.945000011920929
v 2.600000002980232 0.40000000298023225 3.945000011920929
v 2.1999999970197677 -2.980232227667301e-9 3.945000011920929
v 2.600000002980232 -2.980232227667301e-9 3.945000011920929
v 2.600000002980232 0.40000000298023225 3.344999988079071
v 2.1999999970197677 0.40000000298023225 3.344999988079071
v 2.600000002980232 -2.980232227667301e-9 3.344999988079071
v 2.1999999970197677 -2.980232227667301e-9 3.344999988079071
vt 0 1
vt 1 1
vt 0 0
vt 1 0
vt 0 1
vt 1 1
vt 0 0
vt 1 0
vt 0 1
vt 1 1
vt 0 0
vt 1 0
vt 0 1
vt 1 1
vt 0 0
vt 1 0
vt 0 1
vt 1 1
vt 0 0
vt 1 0
vt 0 1
vt 1 1
vt 0 0
vt 1 0
vn 1 0 0
vn 1 0 0
vn 1 0 0
vn 1 0 0
vn -1 0 0
vn -1 0 0
vn -1 0 0
vn -1 0 0
vn 0 1 0
vn 0 1 0
vn 0 1 0
vn 0 1 0
vn 0 -1 0
vn 0 -1 0
vn 0 -1 0
vn 0 -1 0
vn 0 0 1
vn 0 0 1
vn 0 0 1
vn 0 0 1
vn 0 0 -1
vn 0 0 -1
vn 0 0 -1
vn 0 0 -1
f 5113/5113/5113 5115/5115/5115 5114/5114/5114
f 5115/5115/5115 5116/5116/5116 5114/5114/5114
f 5117/5117/5117 5119/5119/5119 5118/5118/5118
f 5119/5119/5119 5120/5120/5120 5118/5118/5118
f 5121/5121/5121 5123/5123/5123 5122/5122/5122
f 5123/5123/5123 5124/5124/5124 5122/5122/5122
f 5125/5125/5125 5127/5127/5127 5126/5126/5126
f 5127/5127/5127 5128/5128/5128 5126/5126/5126
f 5129/5129/5129 5131/5131/5131 5130/5130/5130
f 5131/5131/5131 5132/5132/5132 5130/5130/5130
f 5133/5133/5133 5135/5135/5135 5134/5134/5134
f 5135/5135/5135 5136/5136/5136 5134/5134/5134
o washroom_2_patient_wc_cistern
usemtl porcelain
v 2.8000000035762787 0.7400000017881393 3.864999998807907
v 2.8000000035762787 0.7400000017881393 3.425000001192093
v 2.8000000035762787 0.3999999982118606 3.864999998807907
v 2.8000000035762787 0.3999999982118606 3.425000001192093
v 2.6199999964237213 0.7400000017881393 3.425000001192093
v 2.6199999964237213 0.7400000017881393 3.864999998807907
v 2.6199999964237213 0.3999999982118606 3.425000001192093
v 2.6199999964237213 0.3999999982118606 3.864999998807907
v 2.6199999964237213 0.7400000017881393 3.425000001192093
v 2.8000000035762787 0.7400000017881393 3.425000001192093
v 2.6199999964237213 0.7400000017881393 3.864999998807907
v 2.8000000035762787 0.7400000017881393 3.864999998807907
v 2.6199999964237213 0.3999999982118606 3.864999998807907
v 2.8000000035762787 0.3999999982118606 3.864999998807907
v 2.6199999964237213 0.3999999982118606 3.425000001192093
v 2.8000000035762787 0.3999999982118606 3.425000001192093
v 2.6199999964237213 0.7400000017881393 3.864999998807907
v 2.8000000035762787 0.7400000017881393 3.864999998807907
v 2.6199999964237213 0.3999999982118606 3.864999998807907
v 2.8000000035762787 0.3999999982118606 3.864999998807907
v 2.8000000035762787 0.7400000017881393 3.425000001192093
v 2.6199999964237213 0.7400000017881393 3.425000001192093
v 2.8000000035762787 0.3999999982118606 3.425000001192093
v 2.6199999964237213 0.3999999982118606 3.425000001192093
vt 0 1
vt 1 1
vt 0 0
vt 1 0
vt 0 1
vt 1 1
vt 0 0
vt 1 0
vt 0 1
vt 1 1
vt 0 0
vt 1 0
vt 0 1
vt 1 1
vt 0 0
vt 1 0
vt 0 1
vt 1 1
vt 0 0
vt 1 0
vt 0 1
vt 1 1
vt 0 0
vt 1 0
vn 1 0 0
vn 1 0 0
vn 1 0 0
vn 1 0 0
vn -1 0 0
vn -1 0 0
vn -1 0 0
vn -1 0 0
vn 0 1 0
vn 0 1 0
vn 0 1 0
vn 0 1 0
vn 0 -1 0
vn 0 -1 0
vn 0 -1 0
vn 0 -1 0
vn 0 0 1
vn 0 0 1
vn 0 0 1
vn 0 0 1
vn 0 0 -1
vn 0 0 -1
vn 0 0 -1
vn 0 0 -1
f 5137/5137/5137 5139/5139/5139 5138/5138/5138
f 5139/5139/5139 5140/5140/5140 5138/5138/5138
f 5141/5141/5141 5143/5143/5143 5142/5142/5142
f 5143/5143/5143 5144/5144/5144 5142/5142/5142
f 5145/5145/5145 5147/5147/5147 5146/5146/5146
f 5147/5147/5147 5148/5148/5148 5146/5146/5146
f 5149/5149/5149 5151/5151/5151 5150/5150/5150
f 5151/5151/5151 5152/5152/5152 5150/5150/5150
f 5153/5153/5153 5155/5155/5155 5154/5154/5154
f 5155/5155/5155 5156/5156/5156 5154/5154/5154
f 5157/5157/5157 5159/5159/5159 5158/5158/5158
f 5159/5159/5159 5160/5160/5160 5158/5158/5158
o washroom_2_patient_basin
usemtl porcelain
v 2.04 0.8999999986588955 3.574999997615814
v 2.04 0.8999999986588955 3.1950000023841856
v 2.04 0.7800000013411045 3.574999997615814
v 2.04 0.7800000013411045 3.1950000023841856
v 1.54 0.8999999986588955 3.1950000023841856
v 1.54 0.8999999986588955 3.574999997615814
v 1.54 0.7800000013411045 3.1950000023841856
v 1.54 0.7800000013411045 3.574999997615814
v 1.54 0.8999999986588955 3.1950000023841856
v 2.04 0.8999999986588955 3.1950000023841856
v 1.54 0.8999999986588955 3.574999997615814
v 2.04 0.8999999986588955 3.574999997615814
v 1.54 0.7800000013411045 3.574999997615814
v 2.04 0.7800000013411045 3.574999997615814
v 1.54 0.7800000013411045 3.1950000023841856
v 2.04 0.7800000013411045 3.1950000023841856
v 1.54 0.8999999986588955 3.574999997615814
v 2.04 0.8999999986588955 3.574999997615814
v 1.54 0.7800000013411045 3.574999997615814
v 2.04 0.7800000013411045 3.574999997615814
v 2.04 0.8999999986588955 3.1950000023841856
v 1.54 0.8999999986588955 3.1950000023841856
v 2.04 0.7800000013411045 3.1950000023841856
v 1.54 0.7800000013411045 3.1950000023841856
vt 0 1
vt 1 1
vt 0 0
vt 1 0
vt 0 1
vt 1 1
vt 0 0
vt 1 0
vt 0 1
vt 1 1
vt 0 0
vt 1 0
vt 0 1
vt 1 1
vt 0 0
vt 1 0
vt 0 1
vt 1 1
vt 0 0
vt 1 0
vt 0 1
vt 1 1
vt 0 0
vt 1 0
vn 1 0 0
vn 1 0 0
vn 1 0 0
vn 1 0 0
vn -1 0 0
vn -1 0 0
vn -1 0 0
vn -1 0 0
vn 0 1 0
vn 0 1 0
vn 0 1 0
vn 0 1 0
vn 0 -1 0
vn 0 -1 0
vn 0 -1 0
vn 0 -1 0
vn 0 0 1
vn 0 0 1
vn 0 0 1
vn 0 0 1
vn 0 0 -1
vn 0 0 -1
vn 0 0 -1
vn 0 0 -1
f 5161/5161/5161 5163/5163/5163 5162/5162/5162
f 5163/5163/5163 5164/5164/5164 5162/5162/5162
f 5165/5165/5165 5167/5167/5167 5166/5166/5166
f 5167/5167/5167 5168/5168/5168 5166/5166/5166
f 5169/5169/5169 5171/5171/5171 5170/5170/5170
f 5171/5171/5171 5172/5172/5172 5170/5170/5170
f 5173/5173/5173 5175/5175/5175 5174/5174/5174
f 5175/5175/5175 5176/5176/5176 5174/5174/5174
f 5177/5177/5177 5179/5179/5179 5178/5178/5178
f 5179/5179/5179 5180/5180/5180 5178/5178/5178
f 5181/5181/5181 5183/5183/5183 5182/5182/5182
f 5183/5183/5183 5184/5184/5184 5182/5182/5182
o washroom_2_patient_basin_tap
usemtl steel
v 1.79 1.1000000014901161 3.274999999552965
v 1.793901806427166 1.1000000014901161 3.2746157060563563
v 1.7976536685228348 1.1000000014901161 3.273477590754628
v 1.801111404746771 1.1000000014901161 3.2716293922811746
v 1.8041421351581812 1.1000000014901161 3.269142135158181
v 1.8066293922811747 1.1000000014901161 3.2661114047467708
v 1.8084775907546282 1.1000000014901161 3.2626536685228347
v 1.8096157060563565 1.1000000014901161 3.2589018064271658
v 1.8099999995529652 1.1000000014901161 3.255
v 1.8096157060563565 1.1000000014901161 3.251098193572834
v 1.8084775907546282 1.1000000014901161 3.247346331477165
v 1.8066293922811747 1.1000000014901161 3.243888595253229
v 1.8041421351581812 1.1000000014901161 3.2408578648418187
v 1.801111404746771 1.1000000014901161 3.2383706077188252
v 1.7976536685228348 1.1000000014901161 3.2365224092453717
v 1.793901806427166 1.1000000014901161 3.2353842939436435
v 1.79 1.1000000014901161 3.2350000004470347
v 1.7860981935728342 1.1000000014901161 3.2353842939436435
v 1.7823463314771653 1.1000000014901161 3.2365224092453717
v 1.7788885952532292 1.1000000014901161 3.2383706077188252
v 1.7758578648418188 1.1000000014901161 3.2408578648418187
v 1.7733706077188254 1.1000000014901161 3.243888595253229
v 1.7715224092453719 1.1000000014901161 3.247346331477165
v 1.7703842939436436 1.1000000014901161 3.251098193572834
v 1.7700000004470349 1.1000000014901161 3.255
v 1.7703842939436436 1.1000000014901161 3.2589018064271658
v 1.7715224092453719 1.1000000014901161 3.2626536685228347
v 1.7733706077188254 1.1000000014901161 3.2661114047467708
v 1.7758578648418188 1.1000000014901161 3.269142135158181
v 1.7788885952532292 1.1000000014901161 3.2716293922811746
v 1.7823463314771653 1.1000000014901161 3.273477590754628
v 1.7860981935728342 1.1000000014901161 3.2746157060563563
v 1.79 1.1000000014901161 3.274999999552965
v 1.79 0.8999999985098839 3.274999999552965
v 1.793901806427166 0.8999999985098839 3.2746157060563563
v 1.7976536685228348 0.8999999985098839 3.273477590754628
v 1.801111404746771 0.8999999985098839 3.2716293922811746
v 1.8041421351581812 0.8999999985098839 3.269142135158181
v 1.8066293922811747 0.8999999985098839 3.2661114047467708
v 1.8084775907546282 0.8999999985098839 3.2626536685228347
v 1.8096157060563565 0.8999999985098839 3.2589018064271658
v 1.8099999995529652 0.8999999985098839 3.255
v 1.8096157060563565 0.8999999985098839 3.251098193572834
v 1.8084775907546282 0.8999999985098839 3.247346331477165
v 1.8066293922811747 0.8999999985098839 3.243888595253229
v 1.8041421351581812 0.8999999985098839 3.2408578648418187
v 1.801111404746771 0.8999999985098839 3.2383706077188252
v 1.7976536685228348 0.8999999985098839 3.2365224092453717
v 1.793901806427166 0.8999999985098839 3.2353842939436435
v 1.79 0.8999999985098839 3.2350000004470347
v 1.7860981935728342 0.8999999985098839 3.2353842939436435
v 1.7823463314771653 0.8999999985098839 3.2365224092453717
v 1.7788885952532292 0.8999999985098839 3.2383706077188252
v 1.7758578648418188 0.8999999985098839 3.2408578648418187
v 1.7733706077188254 0.8999999985098839 3.243888595253229
v 1.7715224092453719 0.8999999985098839 3.247346331477165
v 1.7703842939436436 0.8999999985098839 3.251098193572834
v 1.7700000004470349 0.8999999985098839 3.255
v 1.7703842939436436 0.8999999985098839 3.2589018064271658
v 1.7715224092453719 0.8999999985098839 3.2626536685228347
v 1.7733706077188254 0.8999999985098839 3.2661114047467708
v 1.7758578648418188 0.8999999985098839 3.269142135158181
v 1.7788885952532292 0.8999999985098839 3.2716293922811746
v 1.7823463314771653 0.8999999985098839 3.273477590754628
v 1.7860981935728342 0.8999999985098839 3.2746157060563563
v 1.79 0.8999999985098839 3.274999999552965
v 1.79 1.1000000014901161 3.255
v 1.79 1.1000000014901161 3.255
v 1.79 1.1000000014901161 3.255
v 1.79 1.1000000014901161 3.255
v 1.79 1.1000000014901161 3.255
v 1.79 1.1000000014901161 3.255
v 1.79 1.1000000014901161 3.255
v 1.79 1.1000000014901161 3.255
v 1.79 1.1000000014901161 3.255
v 1.79 1.1000000014901161 3.255
v 1.79 1.1000000014901161 3.255
v 1.79 1.1000000014901161 3.255
v 1.79 1.1000000014901161 3.255
v 1.79 1.1000000014901161 3.255
v 1.79 1.1000000014901161 3.255
v 1.79 1.1000000014901161 3.255
v 1.79 1.1000000014901161 3.255
v 1.79 1.1000000014901161 3.255
v 1.79 1.1000000014901161 3.255
v 1.79 1.1000000014901161 3.255
v 1.79 1.1000000014901161 3.255
v 1.79 1.1000000014901161 3.255
v 1.79 1.1000000014901161 3.255
v 1.79 1.1000000014901161 3.255
v 1.79 1.1000000014901161 3.255
v 1.79 1.1000000014901161 3.255
v 1.79 1.1000000014901161 3.255
v 1.79 1.1000000014901161 3.255
v 1.79 1.1000000014901161 3.255
v 1.79 1.1000000014901161 3.255
v 1.79 1.1000000014901161 3.255
v 1.79 1.1000000014901161 3.255
v 1.79 1.1000000014901161 3.274999999552965
v 1.793901806427166 1.1000000014901161 3.2746157060563563
v 1.7976536685228348 1.1000000014901161 3.273477590754628
v 1.801111404746771 1.1000000014901161 3.2716293922811746
v 1.8041421351581812 1.1000000014901161 3.269142135158181
v 1.8066293922811747 1.1000000014901161 3.2661114047467708
v 1.8084775907546282 1.1000000014901161 3.2626536685228347
v 1.8096157060563565 1.1000000014901161 3.2589018064271658
v 1.8099999995529652 1.1000000014901161 3.255
v 1.8096157060563565 1.1000000014901161 3.251098193572834
v 1.8084775907546282 1.1000000014901161 3.247346331477165
v 1.8066293922811747 1.1000000014901161 3.243888595253229
v 1.8041421351581812 1.1000000014901161 3.2408578648418187
v 1.801111404746771 1.1000000014901161 3.2383706077188252
v 1.7976536685228348 1.1000000014901161 3.2365224092453717
v 1.793901806427166 1.1000000014901161 3.2353842939436435
v 1.79 1.1000000014901161 3.2350000004470347
v 1.7860981935728342 1.1000000014901161 3.2353842939436435
v 1.7823463314771653 1.1000000014901161 3.2365224092453717
v 1.7788885952532292 1.1000000014901161 3.2383706077188252
v 1.7758578648418188 1.1000000014901161 3.2408578648418187
v 1.7733706077188254 1.1000000014901161 3.243888595253229
v 1.7715224092453719 1.1000000014901161 3.247346331477165
v 1.7703842939436436 1.1000000014901161 3.251098193572834
v 1.7700000004470349 1.1000000014901161 3.255
v 1.7703842939436436 1.1000000014901161 3.2589018064271658
v 1.7715224092453719 1.1000000014901161 3.2626536685228347
v 1.7733706077188254 1.1000000014901161 3.2661114047467708
v 1.7758578648418188 1.1000000014901161 3.269142135158181
v 1.7788885952532292 1.1000000014901161 3.2716293922811746
v 1.7823463314771653 1.1000000014901161 3.273477590754628
v 1.7860981935728342 1.1000000014901161 3.2746157060563563
v 1.79 1.1000000014901161 3.274999999552965
v 1.79 0.8999999985098839 3.255
v 1.79 0.8999999985098839 3.255
v 1.79 0.8999999985098839 3.255
v 1.79 0.8999999985098839 3.255
v 1.79 0.8999999985098839 3.255
v 1.79 0.8999999985098839 3.255
v 1.79 0.8999999985098839 3.255
v 1.79 0.8999999985098839 3.255
v 1.79 0.8999999985098839 3.255
v 1.79 0.8999999985098839 3.255
v 1.79 0.8999999985098839 3.255
v 1.79 0.8999999985098839 3.255
v 1.79 0.8999999985098839 3.255
v 1.79 0.8999999985098839 3.255
v 1.79 0.8999999985098839 3.255
v 1.79 0.8999999985098839 3.255
v 1.79 0.8999999985098839 3.255
v 1.79 0.8999999985098839 3.255
v 1.79 0.8999999985098839 3.255
v 1.79 0.8999999985098839 3.255
v 1.79 0.8999999985098839 3.255
v 1.79 0.8999999985098839 3.255
v 1.79 0.8999999985098839 3.255
v 1.79 0.8999999985098839 3.255
v 1.79 0.8999999985098839 3.255
v 1.79 0.8999999985098839 3.255
v 1.79 0.8999999985098839 3.255
v 1.79 0.8999999985098839 3.255
v 1.79 0.8999999985098839 3.255
v 1.79 0.8999999985098839 3.255
v 1.79 0.8999999985098839 3.255
v 1.79 0.8999999985098839 3.255
v 1.79 0.8999999985098839 3.274999999552965
v 1.793901806427166 0.8999999985098839 3.2746157060563563
v 1.7976536685228348 0.8999999985098839 3.273477590754628
v 1.801111404746771 0.8999999985098839 3.2716293922811746
v 1.8041421351581812 0.8999999985098839 3.269142135158181
v 1.8066293922811747 0.8999999985098839 3.2661114047467708
v 1.8084775907546282 0.8999999985098839 3.2626536685228347
v 1.8096157060563565 0.8999999985098839 3.2589018064271658
v 1.8099999995529652 0.8999999985098839 3.255
v 1.8096157060563565 0.8999999985098839 3.251098193572834
v 1.8084775907546282 0.8999999985098839 3.247346331477165
v 1.8066293922811747 0.8999999985098839 3.243888595253229
v 1.8041421351581812 0.8999999985098839 3.2408578648418187
v 1.801111404746771 0.8999999985098839 3.2383706077188252
v 1.7976536685228348 0.8999999985098839 3.2365224092453717
v 1.793901806427166 0.8999999985098839 3.2353842939436435
v 1.79 0.8999999985098839 3.2350000004470347
v 1.7860981935728342 0.8999999985098839 3.2353842939436435
v 1.7823463314771653 0.8999999985098839 3.2365224092453717
v 1.7788885952532292 0.8999999985098839 3.2383706077188252
v 1.7758578648418188 0.8999999985098839 3.2408578648418187
v 1.7733706077188254 0.8999999985098839 3.243888595253229
v 1.7715224092453719 0.8999999985098839 3.247346331477165
v 1.7703842939436436 0.8999999985098839 3.251098193572834
v 1.7700000004470349 0.8999999985098839 3.255
v 1.7703842939436436 0.8999999985098839 3.2589018064271658
v 1.7715224092453719 0.8999999985098839 3.2626536685228347
v 1.7733706077188254 0.8999999985098839 3.2661114047467708
v 1.7758578648418188 0.8999999985098839 3.269142135158181
v 1.7788885952532292 0.8999999985098839 3.2716293922811746
v 1.7823463314771653 0.8999999985098839 3.273477590754628
v 1.7860981935728342 0.8999999985098839 3.2746157060563563
v 1.79 0.8999999985098839 3.274999999552965
vt 0 1
vt 0.03125 1
vt 0.0625 1
vt 0.09375 1
vt 0.125 1
vt 0.15625 1
vt 0.1875 1
vt 0.21875 1
vt 0.25 1
vt 0.28125 1
vt 0.3125 1
vt 0.34375 1
vt 0.375 1
vt 0.40625 1
vt 0.4375 1
vt 0.46875 1
vt 0.5 1
vt 0.53125 1
vt 0.5625 1
vt 0.59375 1
vt 0.625 1
vt 0.65625 1
vt 0.6875 1
vt 0.71875 1
vt 0.75 1
vt 0.78125 1
vt 0.8125 1
vt 0.84375 1
vt 0.875 1
vt 0.90625 1
vt 0.9375 1
vt 0.96875 1
vt 1 1
vt 0 0
vt 0.03125 0
vt 0.0625 0
vt 0.09375 0
vt 0.125 0
vt 0.15625 0
vt 0.1875 0
vt 0.21875 0
vt 0.25 0
vt 0.28125 0
vt 0.3125 0
vt 0.34375 0
vt 0.375 0
vt 0.40625 0
vt 0.4375 0
vt 0.46875 0
vt 0.5 0
vt 0.53125 0
vt 0.5625 0
vt 0.59375 0
vt 0.625 0
vt 0.65625 0
vt 0.6875 0
vt 0.71875 0
vt 0.75 0
vt 0.78125 0
vt 0.8125 0
vt 0.84375 0
vt 0.875 0
vt 0.90625 0
vt 0.9375 0
vt 0.96875 0
vt 1 0
vt 0.5 0.5
vt 0.5 0.5
vt 0.5 0.5
vt 0.5 0.5
vt 0.5 0.5
vt 0.5 0.5
vt 0.5 0.5
vt 0.5 0.5
vt 0.5 0.5
vt 0.5 0.5
vt 0.5 0.5
vt 0.5 0.5
vt 0.5 0.5
vt 0.5 0.5
vt 0.5 0.5
vt 0.5 0.5
vt 0.5 0.5
vt 0.5 0.5
vt 0.5 0.5
vt 0.5 0.5
vt 0.5 0.5
vt 0.5 0.5
vt 0.5 0.5
vt 0.5 0.5
vt 0.5 0.5
vt 0.5 0.5
vt 0.5 0.5
vt 0.5 0.5
vt 0.5 0.5
vt 0.5 0.5
vt 0.5 0.5
vt 0.5 0.5
vt 1 0.5
vt 0.9903926253318787 0.5975451469421387
vt 0.9619397521018982 0.6913416981697083
vt 0.9157348275184631 0.7777851223945618
vt 0.8535534143447876 0.8535534143447876
vt 0.7777851223945618 0.9157348275184631
vt 0.6913416981697083 0.9619397521018982
vt 0.5975451469421387 0.9903926253318787
vt 0.5 1
vt 0.40245485305786133 0.9903926253318787
vt 0.30865827202796936 0.9619397521018982
vt 0.22221487760543823 0.9157348275184631
vt 0.1464466154575348 0.8535534143447876
vt 0.08426519483327866 0.7777851223945618
vt 0.03806023299694061 0.6913416981697083
vt 0.009607359766960144 0.5975451469421387
vt 0 0.5
vt 0.009607359766960144 0.40245485305786133
vt 0.03806023299694061 0.30865827202796936
vt 0.08426519483327866 0.22221487760543823
vt 0.1464466154575348 0.1464466154575348
vt 0.22221487760543823 0.08426519483327866
vt 0.30865827202796936 0.03806023299694061
vt 0.40245485305786133 0.009607359766960144
vt 0.5 0
vt 0.5975451469421387 0.009607359766960144
vt 0.6913416981697083 0.03806023299694061
vt 0.7777851223945618 0.08426519483327866
vt 0.8535534143447876 0.1464466154575348
vt 0.9157348275184631 0.22221487760543823
vt 0.9619397521018982 0.30865827202796936
vt 0.9903926253318787 0.40245485305786133
vt 1 0.5
vt 0.5 0.5
vt 0.5 0.5
vt 0.5 0.5
vt 0.5 0.5
vt 0.5 0.5
vt 0.5 0.5
vt 0.5 0.5
vt 0.5 0.5
vt 0.5 0.5
vt 0.5 0.5
vt 0.5 0.5
vt 0.5 0.5
vt 0.5 0.5
vt 0.5 0.5
vt 0.5 0.5
vt 0.5 0.5
vt 0.5 0.5
vt 0.5 0.5
vt 0.5 0.5
vt 0.5 0.5
vt 0.5 0.5
vt 0.5 0.5
vt 0.5 0.5
vt 0.5 0.5
vt 0.5 0.5
vt 0.5 0.5
vt 0.5 0.5
vt 0.5 0.5
vt 0.5 0.5
vt 0.5 0.5
vt 0.5 0.5
vt 0.5 0.5
vt 1 0.5
vt 0.9903926253318787 0.40245485305786133
vt 0.9619397521018982 0.30865827202796936
vt 0.9157348275184631 0.22221487760543823
vt 0.8535534143447876 0.1464466154575348
vt 0.7777851223945618 0.08426519483327866
vt 0.6913416981697083 0.03806023299694061
vt 0.5975451469421387 0.009607359766960144
vt 0.5 0
vt 0.40245485305786133 0.009607359766960144
vt 0.30865827202796936 0.03806023299694061
vt 0.22221487760543823 0.08426519483327866
vt 0.1464466154575348 0.1464466154575348
vt 0.08426519483327866 0.22221487760543823
vt 0.03806023299694061 0.30865827202796936
vt 0.009607359766960144 0.40245485305786133
vt 0 0.5
vt 0.009607359766960144 0.5975451469421387
vt 0.03806023299694061 0.6913416981697083
vt 0.08426519483327866 0.7777851223945618
vt 0.1464466154575348 0.8535534143447876
vt 0.22221487760543823 0.9157348275184631
vt 0.30865827202796936 0.9619397521018982
vt 0.40245485305786133 0.9903926253318787
vt 0.5 1
vt 0.5975451469421387 0.9903926253318787
vt 0.6913416981697083 0.9619397521018982
vt 0.7777851223945618 0.9157348275184631
vt 0.8535534143447876 0.8535534143447876
vt 0.9157348275184631 0.7777851223945618
vt 0.9619397521018982 0.6913416981697083
vt 0.9903926253318787 0.5975451469421387
vt 1 0.5
vn 0 0 1
vn 0.19509032931342324 0 0.9807852789517083
vn 0.3826834370613369 0 0.9238795305660377
vn 0.555570248949409 0 0.8314696016585884
vn 0.7071067811865476 0 0.7071067811865476
vn 0.8314696016585884 0 0.555570248949409
vn 0.9238795305660377 0 0.3826834370613369
vn 0.9807852789517083 0 0.19509032931342324
vn 1 0 6.123234262925839e-17
vn 0.9807852789517083 0 -0.19509032931342324
vn 0.9238795305660377 0 -0.3826834370613369
vn 0.8314696016585884 0 -0.555570248949409
vn 0.7071067811865476 0 -0.7071067811865476
vn 0.555570248949409 0 -0.8314696016585884
vn 0.3826834370613369 0 -0.9238795305660377
vn 0.19509032931342324 0 -0.9807852789517083
vn 1.2246468525851679e-16 0 -1
vn -0.19509032931342324 0 -0.9807852789517083
vn -0.3826834370613369 0 -0.9238795305660377
vn -0.555570248949409 0 -0.8314696016585884
vn -0.7071067811865476 0 -0.7071067811865476
vn -0.8314696016585884 0 -0.555570248949409
vn -0.9238795305660377 0 -0.3826834370613369
vn -0.9807852789517083 0 -0.19509032931342324
vn -1 0 -1.8369701465288538e-16
vn -0.9807852789517083 0 0.19509032931342324
vn -0.9238795305660377 0 0.3826834370613369
vn -0.8314696016585884 0 0.555570248949409
vn -0.7071067811865476 0 0.7071067811865476
vn -0.555570248949409 0 0.8314696016585884
vn -0.3826834370613369 0 0.9238795305660377
vn -0.19509032931342324 0 0.9807852789517083
vn -2.4492937051703357e-16 0 1
vn 0 0 1
vn 0.19509032931342324 0 0.9807852789517083
vn 0.3826834370613369 0 0.9238795305660377
vn 0.555570248949409 0 0.8314696016585884
vn 0.7071067811865476 0 0.7071067811865476
vn 0.8314696016585884 0 0.555570248949409
vn 0.9238795305660377 0 0.3826834370613369
vn 0.9807852789517083 0 0.19509032931342324
vn 1 0 6.123234262925839e-17
vn 0.9807852789517083 0 -0.19509032931342324
vn 0.9238795305660377 0 -0.3826834370613369
vn 0.8314696016585884 0 -0.555570248949409
vn 0.7071067811865476 0 -0.7071067811865476
vn 0.555570248949409 0 -0.8314696016585884
vn 0.3826834370613369 0 -0.9238795305660377
vn 0.19509032931342324 0 -0.9807852789517083
vn 1.2246468525851679e-16 0 -1
vn -0.19509032931342324 0 -0.9807852789517083
vn -0.3826834370613369 0 -0.9238795305660377
vn -0.555570248949409 0 -0.8314696016585884
vn -0.7071067811865476 0 -0.7071067811865476
vn -0.8314696016585884 0 -0.555570248949409
vn -0.9238795305660377 0 -0.3826834370613369
vn -0.9807852789517083 0 -0.19509032931342324
vn -1 0 -1.8369701465288538e-16
vn -0.9807852789517083 0 0.19509032931342324
vn -0.9238795305660377 0 0.3826834370613369
vn -0.8314696016585884 0 0.555570248949409
vn -0.7071067811865476 0 0.7071067811865476
vn -0.555570248949409 0 0.8314696016585884
vn -0.3826834370613369 0 0.9238795305660377
vn -0.19509032931342324 0 0.9807852789517083
vn -2.4492937051703357e-16 0 1
vn 0 1 0
vn 0 1 0
vn 0 1 0
vn 0 1 0
vn 0 1 0
vn 0 1 0
vn 0 1 0
vn 0 1 0
vn 0 1 0
vn 0 1 0
vn 0 1 0
vn 0 1 0
vn 0 1 0
vn 0 1 0
vn 0 1 0
vn 0 1 0
vn 0 1 0
vn 0 1 0
vn 0 1 0
vn 0 1 0
vn 0 1 0
vn 0 1 0
vn 0 1 0
vn 0 1 0
vn 0 1 0
vn 0 1 0
vn 0 1 0
vn 0 1 0
vn 0 1 0
vn 0 1 0
vn 0 1 0
vn 0 1 0
vn 0 1 0
vn 0 1 0
vn 0 1 0
vn 0 1 0
vn 0 1 0
vn 0 1 0
vn 0 1 0
vn 0 1 0
vn 0 1 0
vn 0 1 0
vn 0 1 0
vn 0 1 0
vn 0 1 0
vn 0 1 0
vn 0 1 0
vn 0 1 0
vn 0 1 0
vn 0 1 0
vn 0 1 0
vn 0 1 0
vn 0 1 0
vn 0 1 0
vn 0 1 0
vn 0 1 0
vn 0 1 0
vn 0 1 0
vn 0 1 0
vn 0 1 0
vn 0 1 0
vn 0 1 0
vn 0 1 0
vn 0 1 0
vn 0 1 0
vn 0 -1 0
vn 0 -1 0
vn 0 -1 0
vn 0 -1 0
vn 0 -1 0
vn 0 -1 0
vn 0 -1 0
vn 0 -1 0
vn 0 -1 0
vn 0 -1 0
vn 0 -1 0
vn 0 -1 0
vn 0 -1 0
vn 0 -1 0
vn 0 -1 0
vn 0 -1 0
vn 0 -1 0
vn 0 -1 0
vn 0 -1 0
vn 0 -1 0
vn 0 -1 0
vn 0 -1 0
vn 0 -1 0
vn 0 -1 0
vn 0 -1 0
vn 0 -1 0
vn 0 -1 0
vn 0 -1 0
vn 0 -1 0
vn 0 -1 0
vn 0 -1 0
vn 0 -1 0
vn 0 -1 0
vn 0 -1 0
vn 0 -1 0
vn 0 -1 0
vn 0 -1 0
vn 0 -1 0
vn 0 -1 0
vn 0 -1 0
vn 0 -1 0
vn 0 -1 0
vn 0 -1 0
vn 0 -1 0
vn 0 -1 0
vn 0 -1 0
vn 0 -1 0
vn 0 -1 0
vn 0 -1 0
vn 0 -1 0
vn 0 -1 0
vn 0 -1 0
vn 0 -1 0
vn 0 -1 0
vn 0 -1 0
vn 0 -1 0
vn 0 -1 0
vn 0 -1 0
vn 0 -1 0
vn 0 -1 0
vn 0 -1 0
vn 0 -1 0
vn 0 -1 0
vn 0 -1 0
vn 0 -1 0
f 5185/5185/5185 5218/5218/5218 5186/5186/5186
f 5218/5218/5218 5219/5219/5219 5186/5186/5186
f 5186/5186/5186 5219/5219/5219 5187/5187/5187
f 5219/5219/5219 5220/5220/5220 5187/5187/5187
f 5187/5187/5187 5220/5220/5220 5188/5188/5188
f 5220/5220/5220 5221/5221/5221 5188/5188/5188
f 5188/5188/5188 5221/5221/5221 5189/5189/5189
f 5221/5221/5221 5222/5222/5222 5189/5189/5189
f 5189/5189/5189 5222/5222/5222 5190/5190/5190
f 5222/5222/5222 5223/5223/5223 5190/5190/5190
f 5190/5190/5190 5223/5223/5223 5191/5191/5191
f 5223/5223/5223 5224/5224/5224 5191/5191/5191
f 5191/5191/5191 5224/5224/5224 5192/5192/5192
f 5224/5224/5224 5225/5225/5225 5192/5192/5192
f 5192/5192/5192 5225/5225/5225 5193/5193/5193
f 5225/5225/5225 5226/5226/5226 5193/5193/5193
f 5193/5193/5193 5226/5226/5226 5194/5194/5194
f 5226/5226/5226 5227/5227/5227 5194/5194/5194
f 5194/5194/5194 5227/5227/5227 5195/5195/5195
f 5227/5227/5227 5228/5228/5228 5195/5195/5195
f 5195/5195/5195 5228/5228/5228 5196/5196/5196
f 5228/5228/5228 5229/5229/5229 5196/5196/5196
f 5196/5196/5196 5229/5229/5229 5197/5197/5197
f 5229/5229/5229 5230/5230/5230 5197/5197/5197
f 5197/5197/5197 5230/5230/5230 5198/5198/5198
f 5230/5230/5230 5231/5231/5231 5198/5198/5198
f 5198/5198/5198 5231/5231/5231 5199/5199/5199
f 5231/5231/5231 5232/5232/5232 5199/5199/5199
f 5199/5199/5199 5232/5232/5232 5200/5200/5200
f 5232/5232/5232 5233/5233/5233 5200/5200/5200
f 5200/5200/5200 5233/5233/5233 5201/5201/5201
f 5233/5233/5233 5234/5234/5234 5201/5201/5201
f 5201/5201/5201 5234/5234/5234 5202/5202/5202
f 5234/5234/5234 5235/5235/5235 5202/5202/5202
f 5202/5202/5202 5235/5235/5235 5203/5203/5203
f 5235/5235/5235 5236/5236/5236 5203/5203/5203
f 5203/5203/5203 5236/5236/5236 5204/5204/5204
f 5236/5236/5236 5237/5237/5237 5204/5204/5204
f 5204/5204/5204 5237/5237/5237 5205/5205/5205
f 5237/5237/5237 5238/5238/5238 5205/5205/5205
f 5205/5205/5205 5238/5238/5238 5206/5206/5206
f 5238/5238/5238 5239/5239/5239 5206/5206/5206
f 5206/5206/5206 5239/5239/5239 5207/5207/5207
f 5239/5239/5239 5240/5240/5240 5207/5207/5207
f 5207/5207/5207 5240/5240/5240 5208/5208/5208
f 5240/5240/5240 5241/5241/5241 5208/5208/5208
f 5208/5208/5208 5241/5241/5241 5209/5209/5209
f 5241/5241/5241 5242/5242/5242 5209/5209/5209
f 5209/5209/5209 5242/5242/5242 5210/5210/5210
f 5242/5242/5242 5243/5243/5243 5210/5210/5210
f 5210/5210/5210 5243/5243/5243 5211/5211/5211
f 5243/5243/5243 5244/5244/5244 5211/5211/5211
f 5211/5211/5211 5244/5244/5244 5212/5212/5212
f 5244/5244/5244 5245/5245/5245 5212/5212/5212
f 5212/5212/5212 5245/5245/5245 5213/5213/5213
f 5245/5245/5245 5246/5246/5246 5213/5213/5213
f 5213/5213/5213 5246/5246/5246 5214/5214/5214
f 5246/5246/5246 5247/5247/5247 5214/5214/5214
f 5214/5214/5214 5247/5247/5247 5215/5215/5215
f 5247/5247/5247 5248/5248/5248 5215/5215/5215
f 5215/5215/5215 5248/5248/5248 5216/5216/5216
f 5248/5248/5248 5249/5249/5249 5216/5216/5216
f 5216/5216/5216 5249/5249/5249 5217/5217/5217
f 5249/5249/5249 5250/5250/5250 5217/5217/5217
f 5283/5283/5283 5284/5284/5284 5251/5251/5251
f 5284/5284/5284 5285/5285/5285 5252/5252/5252
f 5285/5285/5285 5286/5286/5286 5253/5253/5253
f 5286/5286/5286 5287/5287/5287 5254/5254/5254
f 5287/5287/5287 5288/5288/5288 5255/5255/5255
f 5288/5288/5288 5289/5289/5289 5256/5256/5256
f 5289/5289/5289 5290/5290/5290 5257/5257/5257
f 5290/5290/5290 5291/5291/5291 5258/5258/5258
f 5291/5291/5291 5292/5292/5292 5259/5259/5259
f 5292/5292/5292 5293/5293/5293 5260/5260/5260
f 5293/5293/5293 5294/5294/5294 5261/5261/5261
f 5294/5294/5294 5295/5295/5295 5262/5262/5262
f 5295/5295/5295 5296/5296/5296 5263/5263/5263
f 5296/5296/5296 5297/5297/5297 5264/5264/5264
f 5297/5297/5297 5298/5298/5298 5265/5265/5265
f 5298/5298/5298 5299/5299/5299 5266/5266/5266
f 5299/5299/5299 5300/5300/5300 5267/5267/5267
f 5300/5300/5300 5301/5301/5301 5268/5268/5268
f 5301/5301/5301 5302/5302/5302 5269/5269/5269
f 5302/5302/5302 5303/5303/5303 5270/5270/5270
f 5303/5303/5303 5304/5304/5304 5271/5271/5271
f 5304/5304/5304 5305/5305/5305 5272/5272/5272
f 5305/5305/5305 5306/5306/5306 5273/5273/5273
f 5306/5306/5306 5307/5307/5307 5274/5274/5274
f 5307/5307/5307 5308/5308/5308 5275/5275/5275
f 5308/5308/5308 5309/5309/5309 5276/5276/5276
f 5309/5309/5309 5310/5310/5310 5277/5277/5277
f 5310/5310/5310 5311/5311/5311 5278/5278/5278
f 5311/5311/5311 5312/5312/5312 5279/5279/5279
f 5312/5312/5312 5313/5313/5313 5280/5280/5280
f 5313/5313/5313 5314/5314/5314 5281/5281/5281
f 5314/5314/5314 5315/5315/5315 5282/5282/5282
f 5349/5349/5349 5348/5348/5348 5316/5316/5316
f 5350/5350/5350 5349/5349/5349 5317/5317/5317
f 5351/5351/5351 5350/5350/5350 5318/5318/5318
f 5352/5352/5352 5351/5351/5351 5319/5319/5319
f 5353/5353/5353 5352/5352/5352 5320/5320/5320
f 5354/5354/5354 5353/5353/5353 5321/5321/5321
f 5355/5355/5355 5354/5354/5354 5322/5322/5322
f 5356/5356/5356 5355/5355/5355 5323/5323/5323
f 5357/5357/5357 5356/5356/5356 5324/5324/5324
f 5358/5358/5358 5357/5357/5357 5325/5325/5325
f 5359/5359/5359 5358/5358/5358 5326/5326/5326
f 5360/5360/5360 5359/5359/5359 5327/5327/5327
f 5361/5361/5361 5360/5360/5360 5328/5328/5328
f 5362/5362/5362 5361/5361/5361 5329/5329/5329
f 5363/5363/5363 5362/5362/5362 5330/5330/5330
f 5364/5364/5364 5363/5363/5363 5331/5331/5331
f 5365/5365/5365 5364/5364/5364 5332/5332/5332
f 5366/5366/5366 5365/5365/5365 5333/5333/5333
f 5367/5367/5367 5366/5366/5366 5334/5334/5334
f 5368/5368/5368 5367/5367/5367 5335/5335/5335
f 5369/5369/5369 5368/5368/5368 5336/5336/5336
f 5370/5370/5370 5369/5369/5369 5337/5337/5337
f 5371/5371/5371 5370/5370/5370 5338/5338/5338
f 5372/5372/5372 5371/5371/5371 5339/5339/5339
f 5373/5373/5373 5372/5372/5372 5340/5340/5340
f 5374/5374/5374 5373/5373/5373 5341/5341/5341
f 5375/5375/5375 5374/5374/5374 5342/5342/5342
f 5376/5376/5376 5375/5375/5375 5343/5343/5343
f 5377/5377/5377 5376/5376/5376 5344/5344/5344
f 5378/5378/5378 5377/5377/5377 5345/5345/5345
f 5379/5379/5379 5378/5378/5378 5346/5346/5346
f 5380/5380/5380 5379/5379/5379 5347/5347/5347
o washroom_2_patient_grabbar_a
usemtl steel
v 2.6599999904632567 0.8099999993294478 3.234999999329448
v 2.6599999904632567 0.8099999993294478 3.1750000006705523
v 2.6599999904632567 0.7500000006705523 3.234999999329448
v 2.6599999904632567 0.7500000006705523 3.1750000006705523
v 2.140000009536743 0.8099999993294478 3.1750000006705523
v 2.140000009536743 0.8099999993294478 3.234999999329448
v 2.140000009536743 0.7500000006705523 3.1750000006705523
v 2.140000009536743 0.7500000006705523 3.234999999329448
v 2.140000009536743 0.8099999993294478 3.1750000006705523
v 2.6599999904632567 0.8099999993294478 3.1750000006705523
v 2.140000009536743 0.8099999993294478 3.234999999329448
v 2.6599999904632567 0.8099999993294478 3.234999999329448
v 2.140000009536743 0.7500000006705523 3.234999999329448
v 2.6599999904632567 0.7500000006705523 3.234999999329448
v 2.140000009536743 0.7500000006705523 3.1750000006705523
v 2.6599999904632567 0.7500000006705523 3.1750000006705523
v 2.140000009536743 0.8099999993294478 3.234999999329448
v 2.6599999904632567 0.8099999993294478 3.234999999329448
v 2.140000009536743 0.7500000006705523 3.234999999329448
v 2.6599999904632567 0.7500000006705523 3.234999999329448
v 2.6599999904632567 0.8099999993294478 3.1750000006705523
v 2.140000009536743 0.8099999993294478 3.1750000006705523
v 2.6599999904632567 0.7500000006705523 3.1750000006705523
v 2.140000009536743 0.7500000006705523 3.1750000006705523
vt 0 1
vt 1 1
vt 0 0
vt 1 0
vt 0 1
vt 1 1
vt 0 0
vt 1 0
vt 0 1
vt 1 1
vt 0 0
vt 1 0
vt 0 1
vt 1 1
vt 0 0
vt 1 0
vt 0 1
vt 1 1
vt 0 0
vt 1 0
vt 0 1
vt 1 1
vt 0 0
vt 1 0
vn 1 0 0
vn 1 0 0
vn 1 0 0
vn 1 0 0
vn -1 0 0
vn -1 0 0
vn -1 0 0
vn -1 0 0
vn 0 1 0
vn 0 1 0
vn 0 1 0
vn 0 1 0
vn 0 -1 0
vn 0 -1 0
vn 0 -1 0
vn 0 -1 0
vn 0 0 1
vn 0 0 1
vn 0 0 1
vn 0 0 1
vn 0 0 -1
vn 0 0 -1
vn 0 0 -1
vn 0 0 -1
f 5381/5381/5381 5383/5383/5383 5382/5382/5382
f 5383/5383/5383 5384/5384/5384 5382/5382/5382
f 5385/5385/5385 5387/5387/5387 5386/5386/5386
f 5387/5387/5387 5388/5388/5388 5386/5386/5386
f 5389/5389/5389 5391/5391/5391 5390/5390/5390
f 5391/5391/5391 5392/5392/5392 5390/5390/5390
f 5393/5393/5393 5395/5395/5395 5394/5394/5394
f 5395/5395/5395 5396/5396/5396 5394/5394/5394
f 5397/5397/5397 5399/5399/5399 5398/5398/5398
f 5399/5399/5399 5400/5400/5400 5398/5398/5398
f 5401/5401/5401 5403/5403/5403 5402/5402/5402
f 5403/5403/5403 5404/5404/5404 5402/5402/5402
o washroom_2_patient_grabbar_b
usemtl steel
v 2.7999999993294478 0.8099999993294478 3.904999990463257
v 2.7999999993294478 0.8099999993294478 3.385000009536743
v 2.7999999993294478 0.7500000006705523 3.904999990463257
v 2.7999999993294478 0.7500000006705523 3.385000009536743
v 2.7400000006705523 0.8099999993294478 3.385000009536743
v 2.7400000006705523 0.8099999993294478 3.904999990463257
v 2.7400000006705523 0.7500000006705523 3.385000009536743
v 2.7400000006705523 0.7500000006705523 3.904999990463257
v 2.7400000006705523 0.8099999993294478 3.385000009536743
v 2.7999999993294478 0.8099999993294478 3.385000009536743
v 2.7400000006705523 0.8099999993294478 3.904999990463257
v 2.7999999993294478 0.8099999993294478 3.904999990463257
v 2.7400000006705523 0.7500000006705523 3.904999990463257
v 2.7999999993294478 0.7500000006705523 3.904999990463257
v 2.7400000006705523 0.7500000006705523 3.385000009536743
v 2.7999999993294478 0.7500000006705523 3.385000009536743
v 2.7400000006705523 0.8099999993294478 3.904999990463257
v 2.7999999993294478 0.8099999993294478 3.904999990463257
v 2.7400000006705523 0.7500000006705523 3.904999990463257
v 2.7999999993294478 0.7500000006705523 3.904999990463257
v 2.7999999993294478 0.8099999993294478 3.385000009536743
v 2.7400000006705523 0.8099999993294478 3.385000009536743
v 2.7999999993294478 0.7500000006705523 3.385000009536743
v 2.7400000006705523 0.7500000006705523 3.385000009536743
vt 0 1
vt 1 1
vt 0 0
vt 1 0
vt 0 1
vt 1 1
vt 0 0
vt 1 0
vt 0 1
vt 1 1
vt 0 0
vt 1 0
vt 0 1
vt 1 1
vt 0 0
vt 1 0
vt 0 1
vt 1 1
vt 0 0
vt 1 0
vt 0 1
vt 1 1
vt 0 0
vt 1 0
vn 1 0 0
vn 1 0 0
vn 1 0 0
vn 1 0 0
vn -1 0 0
vn -1 0 0
vn -1 0 0
vn -1 0 0
vn 0 1 0
vn 0 1 0
vn 0 1 0
vn 0 1 0
vn 0 -1 0
vn 0 -1 0
vn 0 -1 0
vn 0 -1 0
vn 0 0 1
vn 0 0 1
vn 0 0 1
vn 0 0 1
vn 0 0 -1
vn 0 0 -1
vn 0 0 -1
vn 0 0 -1
f 5405/5405/5405 5407/5407/5407 5406/5406/5406
f 5407/5407/5407 5408/5408/5408 5406/5406/5406
f 5409/5409/5409 5411/5411/5411 5410/5410/5410
f 5411/5411/5411 5412/5412/5412 5410/5410/5410
f 5413/5413/5413 5415/5415/5415 5414/5414/5414
f 5415/5415/5415 5416/5416/5416 5414/5414/5414
f 5417/5417/5417 5419/5419/5419 5418/5418/5418
f 5419/5419/5419 5420/5420/5420 5418/5418/5418
f 5421/5421/5421 5423/5423/5423 5422/5422/5422
f 5423/5423/5423 5424/5424/5424 5422/5422/5422
f 5425/5425/5425 5427/5427/5427 5426/5426/5426
f 5427/5427/5427 5428/5428/5428 5426/5426/5426
o specimen_hatch_box
usemtl steel
v 1.1920928966180355e-8 1.4500000059604645 0.6449999994039536
v 1.1920928966180355e-8 1.4500000059604645 0.4250000005960465
v 1.1920928966180355e-8 0.8999999940395356 0.6449999994039536
v 1.1920928966180355e-8 0.8999999940395356 0.4250000005960465
v -0.600000011920929 1.4500000059604645 0.4250000005960465
v -0.600000011920929 1.4500000059604645 0.6449999994039536
v -0.600000011920929 0.8999999940395356 0.4250000005960465
v -0.600000011920929 0.8999999940395356 0.6449999994039536
v -0.600000011920929 1.4500000059604645 0.4250000005960465
v 1.1920928966180355e-8 1.4500000059604645 0.4250000005960465
v -0.600000011920929 1.4500000059604645 0.6449999994039536
v 1.1920928966180355e-8 1.4500000059604645 0.6449999994039536
v -0.600000011920929 0.8999999940395356 0.6449999994039536
v 1.1920928966180355e-8 0.8999999940395356 0.6449999994039536
v -0.600000011920929 0.8999999940395356 0.4250000005960465
v 1.1920928966180355e-8 0.8999999940395356 0.4250000005960465
v -0.600000011920929 1.4500000059604645 0.6449999994039536
v 1.1920928966180355e-8 1.4500000059604645 0.6449999994039536
v -0.600000011920929 0.8999999940395356 0.6449999994039536
v 1.1920928966180355e-8 0.8999999940395356 0.6449999994039536
v 1.1920928966180355e-8 1.4500000059604645 0.4250000005960465
v -0.600000011920929 1.4500000059604645 0.4250000005960465
v 1.1920928966180355e-8 0.8999999940395356 0.4250000005960465
v -0.600000011920929 0.8999999940395356 0.4250000005960465
vt 0 1
vt 1 1
vt 0 0
vt 1 0
vt 0 1
vt 1 1
vt 0 0
vt 1 0
vt 0 1
vt 1 1
vt 0 0
vt 1 0
vt 0 1
vt 1 1
vt 0 0
vt 1 0
vt 0 1
vt 1 1
vt 0 0
vt 1 0
vt 0 1
vt 1 1
vt 0 0
vt 1 0
vn 1 0 0
vn 1 0 0
vn 1 0 0
vn 1 0 0
vn -1 0 0
vn -1 0 0
vn -1 0 0
vn -1 0 0
vn 0 1 0
vn 0 1 0
vn 0 1 0
vn 0 1 0
vn 0 -1 0
vn 0 -1 0
vn 0 -1 0
vn 0 -1 0
vn 0 0 1
vn 0 0 1
vn 0 0 1
vn 0 0 1
vn 0 0 -1
vn 0 0 -1
vn 0 0 -1
vn 0 0 -1
f 5429/5429/5429 5431/5431/5431 5430/5430/5430
f 5431/5431/5431 5432/5432/5432 5430/5430/5430
f 5433/5433/5433 5435/5435/5435 5434/5434/5434
f 5435/5435/5435 5436/5436/5436 5434/5434/5434
f 5437/5437/5437 5439/5439/5439 5438/5438/5438
f 5439/5439/5439 5440/5440/5440 5438/5438/5438
f 5441/5441/5441 5443/5443/5443 5442/5442/5442
f 5443/5443/5443 5444/5444/5444 5442/5442/5442
f 5445/5445/5445 5447/5447/5447 5446/5446/5446
f 5447/5447/5447 5448/5448/5448 5446/5446/5446
f 5449/5449/5449 5451/5451/5451 5450/5450/5450
f 5451/5451/5451 5452/5452/5452 5450/5450/5450
o specimen_hatch_door
usemtl glass
v 1.1920928966180355e-8 1.379999993443489 0.43499999966472386
v 1.1920928966180355e-8 1.379999993443489 0.4050000003352761
v 1.1920928966180355e-8 0.9600000065565109 0.43499999966472386
v 1.1920928966180355e-8 0.9600000065565109 0.4050000003352761
v -0.600000011920929 1.379999993443489 0.4050000003352761
v -0.600000011920929 1.379999993443489 0.43499999966472386
v -0.600000011920929 0.9600000065565109 0.4050000003352761
v -0.600000011920929 0.9600000065565109 0.43499999966472386
v -0.600000011920929 1.379999993443489 0.4050000003352761
v 1.1920928966180355e-8 1.379999993443489 0.4050000003352761
v -0.600000011920929 1.379999993443489 0.43499999966472386
v 1.1920928966180355e-8 1.379999993443489 0.43499999966472386
v -0.600000011920929 0.9600000065565109 0.43499999966472386
v 1.1920928966180355e-8 0.9600000065565109 0.43499999966472386
v -0.600000011920929 0.9600000065565109 0.4050000003352761
v 1.1920928966180355e-8 0.9600000065565109 0.4050000003352761
v -0.600000011920929 1.379999993443489 0.43499999966472386
v 1.1920928966180355e-8 1.379999993443489 0.43499999966472386
v -0.600000011920929 0.9600000065565109 0.43499999966472386
v 1.1920928966180355e-8 0.9600000065565109 0.43499999966472386
v 1.1920928966180355e-8 1.379999993443489 0.4050000003352761
v -0.600000011920929 1.379999993443489 0.4050000003352761
v 1.1920928966180355e-8 0.9600000065565109 0.4050000003352761
v -0.600000011920929 0.9600000065565109 0.4050000003352761
vt 0 1
vt 1 1
vt 0 0
vt 1 0
vt 0 1
vt 1 1
vt 0 0
vt 1 0
vt 0 1
vt 1 1
vt 0 0
vt 1 0
vt 0 1
vt 1 1
vt 0 0
vt 1 0
vt 0 1
vt 1 1
vt 0 0
vt 1 0
vt 0 1
vt 1 1
vt 0 0
vt 1 0
vn 1 0 0
vn 1 0 0
vn 1 0 0
vn 1 0 0
vn -1 0 0
vn -1 0 0
vn -1 0 0
vn -1 0 0
vn 0 1 0
vn 0 1 0
vn 0 1 0
vn 0 1 0
vn 0 -1 0
vn 0 -1 0
vn 0 -1 0
vn 0 -1 0
vn 0 0 1
vn 0 0 1
vn 0 0 1
vn 0 0 1
vn 0 0 -1
vn 0 0 -1
vn 0 0 -1
vn 0 0 -1
f 5453/5453/5453 5455/5455/5455 5454/5454/5454
f 5455/5455/5455 5456/5456/5456 5454/5454/5454
f 5457/5457/5457 5459/5459/5459 5458/5458/5458
f 5459/5459/5459 5460/5460/5460 5458/5458/5458
f 5461/5461/5461 5463/5463/5463 5462/5462/5462
f 5463/5463/5463 5464/5464/5464 5462/5462/5462
f 5465/5465/5465 5467/5467/5467 5466/5466/5466
f 5467/5467/5467 5468/5468/5468 5466/5466/5466
f 5469/5469/5469 5471/5471/5471 5470/5470/5470
f 5471/5471/5471 5472/5472/5472 5470/5470/5470
f 5473/5473/5473 5475/5475/5475 5474/5474/5474
f 5475/5475/5475 5476/5476/5476 5474/5474/5474
o specimen_hatch_shelf
usemtl bench_top
v 0.019999992847442638 0.9099999996647239 0.6649999952316284
v 0.019999992847442638 0.9099999996647239 0.4050000047683716
v 0.019999992847442638 0.8800000003352761 0.6649999952316284
v 0.019999992847442638 0.8800000003352761 0.4050000047683716
v -0.6199999928474427 0.9099999996647239 0.4050000047683716
v -0.6199999928474427 0.9099999996647239 0.6649999952316284
v -0.6199999928474427 0.8800000003352761 0.4050000047683716
v -0.6199999928474427 0.8800000003352761 0.6649999952316284
v -0.6199999928474427 0.9099999996647239 0.4050000047683716
v 0.019999992847442638 0.9099999996647239 0.4050000047683716
v -0.6199999928474427 0.9099999996647239 0.6649999952316284
v 0.019999992847442638 0.9099999996647239 0.6649999952316284
v -0.6199999928474427 0.8800000003352761 0.6649999952316284
v 0.019999992847442638 0.8800000003352761 0.6649999952316284
v -0.6199999928474427 0.8800000003352761 0.4050000047683716
v 0.019999992847442638 0.8800000003352761 0.4050000047683716
v -0.6199999928474427 0.9099999996647239 0.6649999952316284
v 0.019999992847442638 0.9099999996647239 0.6649999952316284
v -0.6199999928474427 0.8800000003352761 0.6649999952316284
v 0.019999992847442638 0.8800000003352761 0.6649999952316284
v 0.019999992847442638 0.9099999996647239 0.4050000047683716
v -0.6199999928474427 0.9099999996647239 0.4050000047683716
v 0.019999992847442638 0.8800000003352761 0.4050000047683716
v -0.6199999928474427 0.8800000003352761 0.4050000047683716
vt 0 1
vt 1 1
vt 0 0
vt 1 0
vt 0 1
vt 1 1
vt 0 0
vt 1 0
vt 0 1
vt 1 1
vt 0 0
vt 1 0
vt 0 1
vt 1 1
vt 0 0
vt 1 0
vt 0 1
vt 1 1
vt 0 0
vt 1 0
vt 0 1
vt 1 1
vt 0 0
vt 1 0
vn 1 0 0
vn 1 0 0
vn 1 0 0
vn 1 0 0
vn -1 0 0
vn -1 0 0
vn -1 0 0
vn -1 0 0
vn 0 1 0
vn 0 1 0
vn 0 1 0
vn 0 1 0
vn 0 -1 0
vn 0 -1 0
vn 0 -1 0
vn 0 -1 0
vn 0 0 1
vn 0 0 1
vn 0 0 1
vn 0 0 1
vn 0 0 -1
vn 0 0 -1
vn 0 0 -1
vn 0 0 -1
f 5477/5477/5477 5479/5479/5479 5478/5478/5478
f 5479/5479/5479 5480/5480/5480 5478/5478/5478
f 5481/5481/5481 5483/5483/5483 5482/5482/5482
f 5483/5483/5483 5484/5484/5484 5482/5482/5482
f 5485/5485/5485 5487/5487/5487 5486/5486/5486
f 5487/5487/5487 5488/5488/5488 5486/5486/5486
f 5489/5489/5489 5491/5491/5491 5490/5490/5490
f 5491/5491/5491 5492/5492/5492 5490/5490/5490
f 5493/5493/5493 5495/5495/5495 5494/5494/5494
f 5495/5495/5495 5496/5496/5496 5494/5494/5494
f 5497/5497/5497 5499/5499/5499 5498/5498/5498
f 5499/5499/5499 5500/5500/5500 5498/5498/5498
o specimen_return_carcass
usemtl cabinet
v 1.1920928966180355e-8 0.8600000071525573 0.424999988079071
v 1.1920928966180355e-8 0.8600000071525573 -0.47499998807907107
v 1.1920928966180355e-8 -7.152557379708213e-9 0.424999988079071
v 1.1920928966180355e-8 -7.152557379708213e-9 -0.47499998807907107
v -0.600000011920929 0.8600000071525573 -0.47499998807907107
v -0.600000011920929 0.8600000071525573 0.424999988079071
v -0.600000011920929 -7.152557379708213e-9 -0.47499998807907107
v -0.600000011920929 -7.152557379708213e-9 0.424999988079071
v -0.600000011920929 0.8600000071525573 -0.47499998807907107
v 1.1920928966180355e-8 0.8600000071525573 -0.47499998807907107
v -0.600000011920929 0.8600000071525573 0.424999988079071
v 1.1920928966180355e-8 0.8600000071525573 0.424999988079071
v -0.600000011920929 -7.152557379708213e-9 0.424999988079071
v 1.1920928966180355e-8 -7.152557379708213e-9 0.424999988079071
v -0.600000011920929 -7.152557379708213e-9 -0.47499998807907107
v 1.1920928966180355e-8 -7.152557379708213e-9 -0.47499998807907107
v -0.600000011920929 0.8600000071525573 0.424999988079071
v 1.1920928966180355e-8 0.8600000071525573 0.424999988079071
v -0.600000011920929 -7.152557379708213e-9 0.424999988079071
v 1.1920928966180355e-8 -7.152557379708213e-9 0.424999988079071
v 1.1920928966180355e-8 0.8600000071525573 -0.47499998807907107
v -0.600000011920929 0.8600000071525573 -0.47499998807907107
v 1.1920928966180355e-8 -7.152557379708213e-9 -0.47499998807907107
v -0.600000011920929 -7.152557379708213e-9 -0.47499998807907107
vt 0 1
vt 1 1
vt 0 0
vt 1 0
vt 0 1
vt 1 1
vt 0 0
vt 1 0
vt 0 1
vt 1 1
vt 0 0
vt 1 0
vt 0 1
vt 1 1
vt 0 0
vt 1 0
vt 0 1
vt 1 1
vt 0 0
vt 1 0
vt 0 1
vt 1 1
vt 0 0
vt 1 0
vn 1 0 0
vn 1 0 0
vn 1 0 0
vn 1 0 0
vn -1 0 0
vn -1 0 0
vn -1 0 0
vn -1 0 0
vn 0 1 0
vn 0 1 0
vn 0 1 0
vn 0 1 0
vn 0 -1 0
vn 0 -1 0
vn 0 -1 0
vn 0 -1 0
vn 0 0 1
vn 0 0 1
vn 0 0 1
vn 0 0 1
vn 0 0 -1
vn 0 0 -1
vn 0 0 -1
vn 0 0 -1
f 5501/5501/5501 5503/5503/5503 5502/5502/5502
f 5503/5503/5503 5504/5504/5504 5502/5502/5502
f 5505/5505/5505 5507/5507/5507 5506/5506/5506
f 5507/5507/5507 5508/5508/5508 5506/5506/5506
f 5509/5509/5509 5511/5511/5511 5510/5510/5510
f 5511/5511/5511 5512/5512/5512 5510/5510/5510
f 5513/5513/5513 5515/5515/5515 5514/5514/5514
f 5515/5515/5515 5516/5516/5516 5514/5514/5514
f 5517/5517/5517 5519/5519/5519 5518/5518/5518
f 5519/5519/5519 5520/5520/5520 5518/5518/5518
f 5521/5521/5521 5523/5523/5523 5522/5522/5522
f 5523/5523/5523 5524/5524/5524 5522/5522/5522
o specimen_return_top
usemtl bench_top
v 0.019999992847442638 0.8999999995529652 0.4449999988079071
v 0.019999992847442638 0.8999999995529652 -0.4949999988079071
v 0.019999992847442638 0.8600000004470348 0.4449999988079071
v 0.019999992847442638 0.8600000004470348 -0.4949999988079071
v -0.6199999928474427 0.8999999995529652 -0.4949999988079071
v -0.6199999928474427 0.8999999995529652 0.4449999988079071
v -0.6199999928474427 0.8600000004470348 -0.4949999988079071
v -0.6199999928474427 0.8600000004470348 0.4449999988079071
v -0.6199999928474427 0.8999999995529652 -0.4949999988079071
v 0.019999992847442638 0.8999999995529652 -0.4949999988079071
v -0.6199999928474427 0.8999999995529652 0.4449999988079071
v 0.019999992847442638 0.8999999995529652 0.4449999988079071
v -0.6199999928474427 0.8600000004470348 0.4449999988079071
v 0.019999992847442638 0.8600000004470348 0.4449999988079071
v -0.6199999928474427 0.8600000004470348 -0.4949999988079071
v 0.019999992847442638 0.8600000004470348 -0.4949999988079071
v -0.6199999928474427 0.8999999995529652 0.4449999988079071
v 0.019999992847442638 0.8999999995529652 0.4449999988079071
v -0.6199999928474427 0.8600000004470348 0.4449999988079071
v 0.019999992847442638 0.8600000004470348 0.4449999988079071
v 0.019999992847442638 0.8999999995529652 -0.4949999988079071
v -0.6199999928474427 0.8999999995529652 -0.4949999988079071
v 0.019999992847442638 0.8600000004470348 -0.4949999988079071
v -0.6199999928474427 0.8600000004470348 -0.4949999988079071
vt 0 1
vt 1 1
vt 0 0
vt 1 0
vt 0 1
vt 1 1
vt 0 0
vt 1 0
vt 0 1
vt 1 1
vt 0 0
vt 1 0
vt 0 1
vt 1 1
vt 0 0
vt 1 0
vt 0 1
vt 1 1
vt 0 0
vt 1 0
vt 0 1
vt 1 1
vt 0 0
vt 1 0
vn 1 0 0
vn 1 0 0
vn 1 0 0
vn 1 0 0
vn -1 0 0
vn -1 0 0
vn -1 0 0
vn -1 0 0
vn 0 1 0
vn 0 1 0
vn 0 1 0
vn 0 1 0
vn 0 -1 0
vn 0 -1 0
vn 0 -1 0
vn 0 -1 0
vn 0 0 1
vn 0 0 1
vn 0 0 1
vn 0 0 1
vn 0 0 -1
vn 0 0 -1
vn 0 0 -1
vn 0 0 -1
f 5525/5525/5525 5527/5527/5527 5526/5526/5526
f 5527/5527/5527 5528/5528/5528 5526/5526/5526
f 5529/5529/5529 5531/5531/5531 5530/5530/5530
f 5531/5531/5531 5532/5532/5532 5530/5530/5530
f 5533/5533/5533 5535/5535/5535 5534/5534/5534
f 5535/5535/5535 5536/5536/5536 5534/5534/5534
f 5537/5537/5537 5539/5539/5539 5538/5538/5538
f 5539/5539/5539 5540/5540/5540 5538/5538/5538
f 5541/5541/5541 5543/5543/5543 5542/5542/5542
f 5543/5543/5543 5544/5544/5544 5542/5542/5542
f 5545/5545/5545 5547/5547/5547 5546/5546/5546
f 5547/5547/5547 5548/5548/5548 5546/5546/5546
o eq1_biolis30i_biochemistry_base
usemtl equip_dark
v -1.6100000262260439 0.03500000007450581 -3.265000002384186
v -1.6100000262260439 0.03500000007450581 -4.144999997615814
v -1.6100000262260439 -7.450580430390374e-11 -3.265000002384186
v -1.6100000262260439 -7.450580430390374e-11 -4.144999997615814
v -2.7899999737739565 0.03500000007450581 -4.144999997615814
v -2.7899999737739565 0.03500000007450581 -3.265000002384186
v -2.7899999737739565 -7.450580430390374e-11 -4.144999997615814
v -2.7899999737739565 -7.450580430390374e-11 -3.265000002384186
v -2.7899999737739565 0.03500000007450581 -4.144999997615814
v -1.6100000262260439 0.03500000007450581 -4.144999997615814
v -2.7899999737739565 0.03500000007450581 -3.265000002384186
v -1.6100000262260439 0.03500000007450581 -3.265000002384186
v -2.7899999737739565 -7.450580430390374e-11 -3.265000002384186
v -1.6100000262260439 -7.450580430390374e-11 -3.265000002384186
v -2.7899999737739565 -7.450580430390374e-11 -4.144999997615814
v -1.6100000262260439 -7.450580430390374e-11 -4.144999997615814
v -2.7899999737739565 0.03500000007450581 -3.265000002384186
v -1.6100000262260439 0.03500000007450581 -3.265000002384186
v -2.7899999737739565 -7.450580430390374e-11 -3.265000002384186
v -1.6100000262260439 -7.450580430390374e-11 -3.265000002384186
v -1.6100000262260439 0.03500000007450581 -4.144999997615814
v -2.7899999737739565 0.03500000007450581 -4.144999997615814
v -1.6100000262260439 -7.450580430390374e-11 -4.144999997615814
v -2.7899999737739565 -7.450580430390374e-11 -4.144999997615814
vt 0 1
vt 1 1
vt 0 0
vt 1 0
vt 0 1
vt 1 1
vt 0 0
vt 1 0
vt 0 1
vt 1 1
vt 0 0
vt 1 0
vt 0 1
vt 1 1
vt 0 0
vt 1 0
vt 0 1
vt 1 1
vt 0 0
vt 1 0
vt 0 1
vt 1 1
vt 0 0
vt 1 0
vn 1 0 0
vn 1 0 0
vn 1 0 0
vn 1 0 0
vn -1 0 0
vn -1 0 0
vn -1 0 0
vn -1 0 0
vn 0 1 0
vn 0 1 0
vn 0 1 0
vn 0 1 0
vn 0 -1 0
vn 0 -1 0
vn 0 -1 0
vn 0 -1 0
vn 0 0 1
vn 0 0 1
vn 0 0 1
vn 0 0 1
vn 0 0 -1
vn 0 0 -1
vn 0 0 -1
vn 0 0 -1
f 5549/5549/5549 5551/5551/5551 5550/5550/5550
f 5551/5551/5551 5552/5552/5552 5550/5550/5550
f 5553/5553/5553 5555/5555/5555 5554/5554/5554
f 5555/5555/5555 5556/5556/5556 5554/5554/5554
f 5557/5557/5557 5559/5559/5559 5558/5558/5558
f 5559/5559/5559 5560/5560/5560 5558/5558/5558
f 5561/5561/5561 5563/5563/5563 5562/5562/5562
f 5563/5563/5563 5564/5564/5564 5562/5562/5562
f 5565/5565/5565 5567/5567/5567 5566/5566/5566
f 5567/5567/5567 5568/5568/5568 5566/5566/5566
f 5569/5569/5569 5571/5571/5571 5570/5570/5570
f 5571/5571/5571 5572/5572/5572 5570/5570/5570
o eq1_biolis30i_biochemistry_body
usemtl equip_body
v -1.5999999761581423 1.0499999928474426 -3.255000011920929
v -1.5999999761581423 1.0499999928474426 -4.154999988079071
v -1.5999999761581423 0.035000007152557355 -3.255000011920929
v -1.5999999761581423 0.035000007152557355 -4.154999988079071
v -2.800000023841858 1.0499999928474426 -4.154999988079071
v -2.800000023841858 1.0499999928474426 -3.255000011920929
v -2.800000023841858 0.035000007152557355 -4.154999988079071
v -2.800000023841858 0.035000007152557355 -3.255000011920929
v -2.800000023841858 1.0499999928474426 -4.154999988079071
v -1.5999999761581423 1.0499999928474426 -4.154999988079071
v -2.800000023841858 1.0499999928474426 -3.255000011920929
v -1.5999999761581423 1.0499999928474426 -3.255000011920929
v -2.800000023841858 0.035000007152557355 -3.255000011920929
v -1.5999999761581423 0.035000007152557355 -3.255000011920929
v -2.800000023841858 0.035000007152557355 -4.154999988079071
v -1.5999999761581423 0.035000007152557355 -4.154999988079071
v -2.800000023841858 1.0499999928474426 -3.255000011920929
v -1.5999999761581423 1.0499999928474426 -3.255000011920929
v -2.800000023841858 0.035000007152557355 -3.255000011920929
v -1.5999999761581423 0.035000007152557355 -3.255000011920929
v -1.5999999761581423 1.0499999928474426 -4.154999988079071
v -2.800000023841858 1.0499999928474426 -4.154999988079071
v -1.5999999761581423 0.035000007152557355 -4.154999988079071
v -2.800000023841858 0.035000007152557355 -4.154999988079071
vt 0 1
vt 1 1
vt 0 0
vt 1 0
vt 0 1
vt 1 1
vt 0 0
vt 1 0
vt 0 1
vt 1 1
vt 0 0
vt 1 0
vt 0 1
vt 1 1
vt 0 0
vt 1 0
vt 0 1
vt 1 1
vt 0 0
vt 1 0
vt 0 1
vt 1 1
vt 0 0
vt 1 0
vn 1 0 0
vn 1 0 0
vn 1 0 0
vn 1 0 0
vn -1 0 0
vn -1 0 0
vn -1 0 0
vn -1 0 0
vn 0 1 0
vn 0 1 0
vn 0 1 0
vn 0 1 0
vn 0 -1 0
vn 0 -1 0
vn 0 -1 0
vn 0 -1 0
vn 0 0 1
vn 0 0 1
vn 0 0 1
vn 0 0 1
vn 0 0 -1
vn 0 0 -1
vn 0 0 -1
vn 0 0 -1
f 5573/5573/5573 5575/5575/5575 5574/5574/5574
f 5575/5575/5575 5576/5576/5576 5574/5574/5574
f 5577/5577/5577 5579/5579/5579 5578/5578/5578
f 5579/5579/5579 5580/5580/5580 5578/5578/5578
f 5581/5581/5581 5583/5583/5583 5582/5582/5582
f 5583/5583/5583 5584/5584/5584 5582/5582/5582
f 5585/5585/5585 5587/5587/5587 5586/5586/5586
f 5587/5587/5587 5588/5588/5588 5586/5586/5586
f 5589/5589/5589 5591/5591/5591 5590/5590/5590
f 5591/5591/5591 5592/5592/5592 5590/5590/5590
f 5593/5593/5593 5595/5595/5595 5594/5594/5594
f 5595/5595/5595 5596/5596/5596 5594/5594/5594
o eq1_biolis30i_biochemistry_top
usemtl equip_top
v -1.6150000214576723 1.250000001490116 -3.2699999976158143
v -1.6150000214576723 1.250000001490116 -4.140000002384186
v -1.6150000214576723 1.0499999985098838 -3.2699999976158143
v -1.6150000214576723 1.0499999985098838 -4.140000002384186
v -2.784999978542328 1.250000001490116 -4.140000002384186
v -2.784999978542328 1.250000001490116 -3.2699999976158143
v -2.784999978542328 1.0499999985098838 -4.140000002384186
v -2.784999978542328 1.0499999985098838 -3.2699999976158143
v -2.784999978542328 1.250000001490116 -4.140000002384186
v -1.6150000214576723 1.250000001490116 -4.140000002384186
v -2.784999978542328 1.250000001490116 -3.2699999976158143
v -1.6150000214576723 1.250000001490116 -3.2699999976158143
v -2.784999978542328 1.0499999985098838 -3.2699999976158143
v -1.6150000214576723 1.0499999985098838 -3.2699999976158143
v -2.784999978542328 1.0499999985098838 -4.140000002384186
v -1.6150000214576723 1.0499999985098838 -4.140000002384186
v -2.784999978542328 1.250000001490116 -3.2699999976158143
v -1.6150000214576723 1.250000001490116 -3.2699999976158143
v -2.784999978542328 1.0499999985098838 -3.2699999976158143
v -1.6150000214576723 1.0499999985098838 -3.2699999976158143
v -1.6150000214576723 1.250000001490116 -4.140000002384186
v -2.784999978542328 1.250000001490116 -4.140000002384186
v -1.6150000214576723 1.0499999985098838 -4.140000002384186
v -2.784999978542328 1.0499999985098838 -4.140000002384186
vt 0 1
vt 1 1
vt 0 0
vt 1 0
vt 0 1
vt 1 1
vt 0 0
vt 1 0
vt 0 1
vt 1 1
vt 0 0
vt 1 0
vt 0 1
vt 1 1
vt 0 0
vt 1 0
vt 0 1
vt 1 1
vt 0 0
vt 1 0
vt 0 1
vt 1 1
vt 0 0
vt 1 0
vn 1 0 0
vn 1 0 0
vn 1 0 0
vn 1 0 0
vn -1 0 0
vn -1 0 0
vn -1 0 0
vn -1 0 0
vn 0 1 0
vn 0 1 0
vn 0 1 0
vn 0 1 0
vn 0 -1 0
vn 0 -1 0
vn 0 -1 0
vn 0 -1 0
vn 0 0 1
vn 0 0 1
vn 0 0 1
vn 0 0 1
vn 0 0 -1
vn 0 0 -1
vn 0 0 -1
vn 0 0 -1
f 5597/5597/5597 5599/5599/5599 5598/5598/5598
f 5599/5599/5599 5600/5600/5600 5598/5598/5598
f 5601/5601/5601 5603/5603/5603 5602/5602/5602
f 5603/5603/5603 5604/5604/5604 5602/5602/5602
f 5605/5605/5605 5607/5607/5607 5606/5606/5606
f 5607/5607/5607 5608/5608/5608 5606/5606/5606
f 5609/5609/5609 5611/5611/5611 5610/5610/5610
f 5611/5611/5611 5612/5612/5612 5610/5610/5610
f 5613/5613/5613 5615/5615/5615 5614/5614/5614
f 5615/5615/5615 5616/5616/5616 5614/5614/5614
f 5617/5617/5617 5619/5619/5619 5618/5618/5618
f 5619/5619/5619 5620/5620/5620 5618/5618/5618
o eq1_biolis30i_biochemistry_panel
usemtl accent
v -1.696000005364418 0.7500000059604645 -3.2299999998137356
v -1.696000005364418 0.7500000059604645 -3.2550000001862647
v -1.696000005364418 0.4499999940395355 -3.2299999998137356
v -1.696000005364418 0.4499999940395355 -3.2550000001862647
v -2.175999994635582 0.7500000059604645 -3.2550000001862647
v -2.175999994635582 0.7500000059604645 -3.2299999998137356
v -2.175999994635582 0.4499999940395355 -3.2550000001862647
v -2.175999994635582 0.4499999940395355 -3.2299999998137356
v -2.175999994635582 0.7500000059604645 -3.2550000001862647
v -1.696000005364418 0.7500000059604645 -3.2550000001862647
v -2.175999994635582 0.7500000059604645 -3.2299999998137356
v -1.696000005364418 0.7500000059604645 -3.2299999998137356
v -2.175999994635582 0.4499999940395355 -3.2299999998137356
v -1.696000005364418 0.4499999940395355 -3.2299999998137356
v -2.175999994635582 0.4499999940395355 -3.2550000001862647
v -1.696000005364418 0.4499999940395355 -3.2550000001862647
v -2.175999994635582 0.7500000059604645 -3.2299999998137356
v -1.696000005364418 0.7500000059604645 -3.2299999998137356
v -2.175999994635582 0.4499999940395355 -3.2299999998137356
v -1.696000005364418 0.4499999940395355 -3.2299999998137356
v -1.696000005364418 0.7500000059604645 -3.2550000001862647
v -2.175999994635582 0.7500000059604645 -3.2550000001862647
v -1.696000005364418 0.4499999940395355 -3.2550000001862647
v -2.175999994635582 0.4499999940395355 -3.2550000001862647
vt 0 1
vt 1 1
vt 0 0
vt 1 0
vt 0 1
vt 1 1
vt 0 0
vt 1 0
vt 0 1
vt 1 1
vt 0 0
vt 1 0
vt 0 1
vt 1 1
vt 0 0
vt 1 0
vt 0 1
vt 1 1
vt 0 0
vt 1 0
vt 0 1
vt 1 1
vt 0 0
vt 1 0
vn 1 0 0
vn 1 0 0
vn 1 0 0
vn 1 0 0
vn -1 0 0
vn -1 0 0
vn -1 0 0
vn -1 0 0
vn 0 1 0
vn 0 1 0
vn 0 1 0
vn 0 1 0
vn 0 -1 0
vn 0 -1 0
vn 0 -1 0
vn 0 -1 0
vn 0 0 1
vn 0 0 1
vn 0 0 1
vn 0 0 1
vn 0 0 -1
vn 0 0 -1
vn 0 0 -1
vn 0 0 -1
f 5621/5621/5621 5623/5623/5623 5622/5622/5622
f 5623/5623/5623 5624/5624/5624 5622/5622/5622
f 5625/5625/5625 5627/5627/5627 5626/5626/5626
f 5627/5627/5627 5628/5628/5628 5626/5626/5626
f 5629/5629/5629 5631/5631/5631 5630/5630/5630
f 5631/5631/5631 5632/5632/5632 5630/5630/5630
f 5633/5633/5633 5635/5635/5635 5634/5634/5634
f 5635/5635/5635 5636/5636/5636 5634/5634/5634
f 5637/5637/5637 5639/5639/5639 5638/5638/5638
f 5639/5639/5639 5640/5640/5640 5638/5638/5638
f 5641/5641/5641 5643/5643/5643 5642/5642/5642
f 5643/5643/5643 5644/5644/5644 5642/5642/5642
o eq2_mispa_i180_immunoassay_base
usemtl equip_dark
v -0.15999999046325686 0.9350000000745058 -3.4049999856948854
v -0.15999999046325686 0.9350000000745058 -4.125000014305115
v -0.15999999046325686 0.8999999999254942 -3.4049999856948854
v -0.15999999046325686 0.8999999999254942 -4.125000014305115
v -1.390000009536743 0.9350000000745058 -4.125000014305115
v -1.390000009536743 0.9350000000745058 -3.4049999856948854
v -1.390000009536743 0.8999999999254942 -4.125000014305115
v -1.390000009536743 0.8999999999254942 -3.4049999856948854
v -1.390000009536743 0.9350000000745058 -4.125000014305115
v -0.15999999046325686 0.9350000000745058 -4.125000014305115
v -1.390000009536743 0.9350000000745058 -3.4049999856948854
v -0.15999999046325686 0.9350000000745058 -3.4049999856948854
v -1.390000009536743 0.8999999999254942 -3.4049999856948854
v -0.15999999046325686 0.8999999999254942 -3.4049999856948854
v -1.390000009536743 0.8999999999254942 -4.125000014305115
v -0.15999999046325686 0.8999999999254942 -4.125000014305115
v -1.390000009536743 0.9350000000745058 -3.4049999856948854
v -0.15999999046325686 0.9350000000745058 -3.4049999856948854
v -1.390000009536743 0.8999999999254942 -3.4049999856948854
v -0.15999999046325686 0.8999999999254942 -3.4049999856948854
v -0.15999999046325686 0.9350000000745058 -4.125000014305115
v -1.390000009536743 0.9350000000745058 -4.125000014305115
v -0.15999999046325686 0.8999999999254942 -4.125000014305115
v -1.390000009536743 0.8999999999254942 -4.125000014305115
vt 0 1
vt 1 1
vt 0 0
vt 1 0
vt 0 1
vt 1 1
vt 0 0
vt 1 0
vt 0 1
vt 1 1
vt 0 0
vt 1 0
vt 0 1
vt 1 1
vt 0 0
vt 1 0
vt 0 1
vt 1 1
vt 0 0
vt 1 0
vt 0 1
vt 1 1
vt 0 0
vt 1 0
vn 1 0 0
vn 1 0 0
vn 1 0 0
vn 1 0 0
vn -1 0 0
vn -1 0 0
vn -1 0 0
vn -1 0 0
vn 0 1 0
vn 0 1 0
vn 0 1 0
vn 0 1 0
vn 0 -1 0
vn 0 -1 0
vn 0 -1 0
vn 0 -1 0
vn 0 0 1
vn 0 0 1
vn 0 0 1
vn 0 0 1
vn 0 0 -1
vn 0 0 -1
vn 0 0 -1
vn 0 0 -1
f 5645/5645/5645 5647/5647/5647 5646/5646/5646
f 5647/5647/5647 5648/5648/5648 5646/5646/5646
f 5649/5649/5649 5651/5651/5651 5650/5650/5650
f 5651/5651/5651 5652/5652/5652 5650/5650/5650
f 5653/5653/5653 5655/5655/5655 5654/5654/5654
f 5655/5655/5655 5656/5656/5656 5654/5654/5654
f 5657/5657/5657 5659/5659/5659 5658/5658/5658
f 5659/5659/5659 5660/5660/5660 5658/5658/5658
f 5661/5661/5661 5663/5663/5663 5662/5662/5662
f 5663/5663/5663 5664/5664/5664 5662/5662/5662
f 5665/5665/5665 5667/5667/5667 5666/5666/5666
f 5667/5667/5667 5668/5668/5668 5666/5666/5666
o eq2_mispa_i180_immunoassay_body
usemtl equip_body
v -0.15000000000000002 1.4040000058412552 -3.3949999952316285
v -0.15000000000000002 1.4040000058412552 -4.135000004768372
v -0.15000000000000002 0.9349999941587448 -3.3949999952316285
v -0.15000000000000002 0.9349999941587448 -4.135000004768372
v -1.4 1.4040000058412552 -4.135000004768372
v -1.4 1.4040000058412552 -3.3949999952316285
v -1.4 0.9349999941587448 -4.135000004768372
v -1.4 0.9349999941587448 -3.3949999952316285
v -1.4 1.4040000058412552 -4.135000004768372
v -0.15000000000000002 1.4040000058412552 -4.135000004768372
v -1.4 1.4040000058412552 -3.3949999952316285
v -0.15000000000000002 1.4040000058412552 -3.3949999952316285
v -1.4 0.9349999941587448 -3.3949999952316285
v -0.15000000000000002 0.9349999941587448 -3.3949999952316285
v -1.4 0.9349999941587448 -4.135000004768372
v -0.15000000000000002 0.9349999941587448 -4.135000004768372
v -1.4 1.4040000058412552 -3.3949999952316285
v -0.15000000000000002 1.4040000058412552 -3.3949999952316285
v -1.4 0.9349999941587448 -3.3949999952316285
v -0.15000000000000002 0.9349999941587448 -3.3949999952316285
v -0.15000000000000002 1.4040000058412552 -4.135000004768372
v -1.4 1.4040000058412552 -4.135000004768372
v -0.15000000000000002 0.9349999941587448 -4.135000004768372
v -1.4 0.9349999941587448 -4.135000004768372
vt 0 1
vt 1 1
vt 0 0
vt 1 0
vt 0 1
vt 1 1
vt 0 0
vt 1 0
vt 0 1
vt 1 1
vt 0 0
vt 1 0
vt 0 1
vt 1 1
vt 0 0
vt 1 0
vt 0 1
vt 1 1
vt 0 0
vt 1 0
vt 0 1
vt 1 1
vt 0 0
vt 1 0
vn 1 0 0
vn 1 0 0
vn 1 0 0
vn 1 0 0
vn -1 0 0
vn -1 0 0
vn -1 0 0
vn -1 0 0
vn 0 1 0
vn 0 1 0
vn 0 1 0
vn 0 1 0
vn 0 -1 0
vn 0 -1 0
vn 0 -1 0
vn 0 -1 0
vn 0 0 1
vn 0 0 1
vn 0 0 1
vn 0 0 1
vn 0 0 -1
vn 0 0 -1
vn 0 0 -1
vn 0 0 -1
f 5669/5669/5669 5671/5671/5671 5670/5670/5670
f 5671/5671/5671 5672/5672/5672 5670/5670/5670
f 5673/5673/5673 5675/5675/5675 5674/5674/5674
f 5675/5675/5675 5676/5676/5676 5674/5674/5674
f 5677/5677/5677 5679/5679/5679 5678/5678/5678
f 5679/5679/5679 5680/5680/5680 5678/5678/5678
f 5681/5681/5681 5683/5683/5683 5682/5682/5682
f 5683/5683/5683 5684/5684/5684 5682/5682/5682
f 5685/5685/5685 5687/5687/5687 5686/5686/5686
f 5687/5687/5687 5688/5688/5688 5686/5686/5686
f 5689/5689/5689 5691/5691/5691 5690/5690/5690
f 5691/5691/5691 5692/5692/5692 5690/5690/5690
o eq2_mispa_i180_immunoassay_top
usemtl equip_top
v -0.16499998569488528 1.5000000004172327 -3.410000010728836
v -0.16499998569488528 1.5000000004172327 -4.1199999892711645
v -0.16499998569488528 1.4039999995827677 -3.410000010728836
v -0.16499998569488528 1.4039999995827677 -4.1199999892711645
v -1.3850000143051147 1.5000000004172327 -4.1199999892711645
v -1.3850000143051147 1.5000000004172327 -3.410000010728836
v -1.3850000143051147 1.4039999995827677 -4.1199999892711645
v -1.3850000143051147 1.4039999995827677 -3.410000010728836
v -1.3850000143051147 1.5000000004172327 -4.1199999892711645
v -0.16499998569488528 1.5000000004172327 -4.1199999892711645
v -1.3850000143051147 1.5000000004172327 -3.410000010728836
v -0.16499998569488528 1.5000000004172327 -3.410000010728836
v -1.3850000143051147 1.4039999995827677 -3.410000010728836
v -0.16499998569488528 1.4039999995827677 -3.410000010728836
v -1.3850000143051147 1.4039999995827677 -4.1199999892711645
v -0.16499998569488528 1.4039999995827677 -4.1199999892711645
v -1.3850000143051147 1.5000000004172327 -3.410000010728836
v -0.16499998569488528 1.5000000004172327 -3.410000010728836
v -1.3850000143051147 1.4039999995827677 -3.410000010728836
v -0.16499998569488528 1.4039999995827677 -3.410000010728836
v -0.16499998569488528 1.5000000004172327 -4.1199999892711645
v -1.3850000143051147 1.5000000004172327 -4.1199999892711645
v -0.16499998569488528 1.4039999995827677 -4.1199999892711645
v -1.3850000143051147 1.4039999995827677 -4.1199999892711645
vt 0 1
vt 1 1
vt 0 0
vt 1 0
vt 0 1
vt 1 1
vt 0 0
vt 1 0
vt 0 1
vt 1 1
vt 0 0
vt 1 0
vt 0 1
vt 1 1
vt 0 0
vt 1 0
vt 0 1
vt 1 1
vt 0 0
vt 1 0
vt 0 1
vt 1 1
vt 0 0
vt 1 0
vn 1 0 0
vn 1 0 0
vn 1 0 0
vn 1 0 0
vn -1 0 0
vn -1 0 0
vn -1 0 0
vn -1 0 0
vn 0 1 0
vn 0 1 0
vn 0 1 0
vn 0 1 0
vn 0 -1 0
vn 0 -1 0
vn 0 -1 0
vn 0 -1 0
vn 0 0 1
vn 0 0 1
vn 0 0 1
vn 0 0 1
vn 0 0 -1
vn 0 0 -1
vn 0 0 -1
vn 0 0 -1
f 5693/5693/5693 5695/5695/5695 5694/5694/5694
f 5695/5695/5695 5696/5696/5696 5694/5694/5694
f 5697/5697/5697 5699/5699/5699 5698/5698/5698
f 5699/5699/5699 5700/5700/5700 5698/5698/5698
f 5701/5701/5701 5703/5703/5703 5702/5702/5702
f 5703/5703/5703 5704/5704/5704 5702/5702/5702
f 5705/5705/5705 5707/5707/5707 5706/5706/5706
f 5707/5707/5707 5708/5708/5708 5706/5706/5706
f 5709/5709/5709 5711/5711/5711 5710/5710/5710
f 5711/5711/5711 5712/5712/5712 5710/5710/5710
f 5713/5713/5713 5715/5715/5715 5714/5714/5714
f 5715/5715/5715 5716/5716/5716 5714/5714/5714
o eq2_mispa_i180_immunoassay_panel
usemtl screen
v -0.25 1.368000002026558 -3.3699999998137353
v -0.25 1.368000002026558 -3.3950000001862644
v -0.25 1.115999997973442 -3.3699999998137353
v -0.25 1.115999997973442 -3.3950000001862644
v -0.75 1.368000002026558 -3.3950000001862644
v -0.75 1.368000002026558 -3.3699999998137353
v -0.75 1.115999997973442 -3.3950000001862644
v -0.75 1.115999997973442 -3.3699999998137353
v -0.75 1.368000002026558 -3.3950000001862644
v -0.25 1.368000002026558 -3.3950000001862644
v -0.75 1.368000002026558 -3.3699999998137353
v -0.25 1.368000002026558 -3.3699999998137353
v -0.75 1.115999997973442 -3.3699999998137353
v -0.25 1.115999997973442 -3.3699999998137353
v -0.75 1.115999997973442 -3.3950000001862644
v -0.25 1.115999997973442 -3.3950000001862644
v -0.75 1.368000002026558 -3.3699999998137353
v -0.25 1.368000002026558 -3.3699999998137353
v -0.75 1.115999997973442 -3.3699999998137353
v -0.25 1.115999997973442 -3.3699999998137353
v -0.25 1.368000002026558 -3.3950000001862644
v -0.75 1.368000002026558 -3.3950000001862644
v -0.25 1.115999997973442 -3.3950000001862644
v -0.75 1.115999997973442 -3.3950000001862644
vt 0 1
vt 1 1
vt 0 0
vt 1 0
vt 0 1
vt 1 1
vt 0 0
vt 1 0
vt 0 1
vt 1 1
vt 0 0
vt 1 0
vt 0 1
vt 1 1
vt 0 0
vt 1 0
vt 0 1
vt 1 1
vt 0 0
vt 1 0
vt 0 1
vt 1 1
vt 0 0
vt 1 0
vn 1 0 0
vn 1 0 0
vn 1 0 0
vn 1 0 0
vn -1 0 0
vn -1 0 0
vn -1 0 0
vn -1 0 0
vn 0 1 0
vn 0 1 0
vn 0 1 0
vn 0 1 0
vn 0 -1 0
vn 0 -1 0
vn 0 -1 0
vn 0 -1 0
vn 0 0 1
vn 0 0 1
vn 0 0 1
vn 0 0 1
vn 0 0 -1
vn 0 0 -1
vn 0 0 -1
vn 0 0 -1
f 5717/5717/5717 5719/5719/5719 5718/5718/5718
f 5719/5719/5719 5720/5720/5720 5718/5718/5718
f 5721/5721/5721 5723/5723/5723 5722/5722/5722
f 5723/5723/5723 5724/5724/5724 5722/5722/5722
f 5725/5725/5725 5727/5727/5727 5726/5726/5726
f 5727/5727/5727 5728/5728/5728 5726/5726/5726
f 5729/5729/5729 5731/5731/5731 5730/5730/5730
f 5731/5731/5731 5732/5732/5732 5730/5730/5730
f 5733/5733/5733 5735/5735/5735 5734/5734/5734
f 5735/5735/5735 5736/5736/5736 5734/5734/5734
f 5737/5737/5737 5739/5739/5739 5738/5738/5738
f 5739/5739/5739 5740/5740/5740 5738/5738/5738
o eq3_bc5140_haematology_base
usemtl equip_dark
v -2.459999993443489 0.9350000000745058 -0.7350000023841858
v -2.459999993443489 0.9350000000745058 -1.1149999976158143
v -2.459999993443489 0.8999999999254942 -0.7350000023841858
v -2.459999993443489 0.8999999999254942 -1.1149999976158143
v -2.790000006556511 0.9350000000745058 -1.1149999976158143
v -2.790000006556511 0.9350000000745058 -0.7350000023841858
v -2.790000006556511 0.8999999999254942 -1.1149999976158143
v -2.790000006556511 0.8999999999254942 -0.7350000023841858
v -2.790000006556511 0.9350000000745058 -1.1149999976158143
v -2.459999993443489 0.9350000000745058 -1.1149999976158143
v -2.790000006556511 0.9350000000745058 -0.7350000023841858
v -2.459999993443489 0.9350000000745058 -0.7350000023841858
v -2.790000006556511 0.8999999999254942 -0.7350000023841858
v -2.459999993443489 0.8999999999254942 -0.7350000023841858
v -2.790000006556511 0.8999999999254942 -1.1149999976158143
v -2.459999993443489 0.8999999999254942 -1.1149999976158143
v -2.790000006556511 0.9350000000745058 -0.7350000023841858
v -2.459999993443489 0.9350000000745058 -0.7350000023841858
v -2.790000006556511 0.8999999999254942 -0.7350000023841858
v -2.459999993443489 0.8999999999254942 -0.7350000023841858
v -2.459999993443489 0.9350000000745058 -1.1149999976158143
v -2.790000006556511 0.9350000000745058 -1.1149999976158143
v -2.459999993443489 0.8999999999254942 -1.1149999976158143
v -2.790000006556511 0.8999999999254942 -1.1149999976158143
vt 0 1
vt 1 1
vt 0 0
vt 1 0
vt 0 1
vt 1 1
vt 0 0
vt 1 0
vt 0 1
vt 1 1
vt 0 0
vt 1 0
vt 0 1
vt 1 1
vt 0 0
vt 1 0
vt 0 1
vt 1 1
vt 0 0
vt 1 0
vt 0 1
vt 1 1
vt 0 0
vt 1 0
vn 1 0 0
vn 1 0 0
vn 1 0 0
vn 1 0 0
vn -1 0 0
vn -1 0 0
vn -1 0 0
vn -1 0 0
vn 0 1 0
vn 0 1 0
vn 0 1 0
vn 0 1 0
vn 0 -1 0
vn 0 -1 0
vn 0 -1 0
vn 0 -1 0
vn 0 0 1
vn 0 0 1
vn 0 0 1
vn 0 0 1
vn 0 0 -1
vn 0 0 -1
vn 0 0 -1
vn 0 0 -1
f 5741/5741/5741 5743/5743/5743 5742/5742/5742
f 5743/5743/5743 5744/5744/5744 5742/5742/5742
f 5745/5745/5745 5747/5747/5747 5746/5746/5746
f 5747/5747/5747 5748/5748/5748 5746/5746/5746
f 5749/5749/5749 5751/5751/5751 5750/5750/5750
f 5751/5751/5751 5752/5752/5752 5750/5750/5750
f 5753/5753/5753 5755/5755/5755 5754/5754/5754
f 5755/5755/5755 5756/5756/5756 5754/5754/5754
f 5757/5757/5757 5759/5759/5759 5758/5758/5758
f 5759/5759/5759 5760/5760/5760 5758/5758/5758
f 5761/5761/5761 5763/5763/5763 5762/5762/5762
f 5763/5763/5763 5764/5764/5764 5762/5762/5762
o eq3_bc5140_haematology_body
usemtl equip_body
v -2.4500000029802322 1.244399996113777 -0.7249999970197678
v -2.4500000029802322 1.244399996113777 -1.1250000029802323
v -2.4500000029802322 0.9350000038862227 -0.7249999970197678
v -2.4500000029802322 0.9350000038862227 -1.1250000029802323
v -2.7999999970197678 1.244399996113777 -1.1250000029802323
v -2.7999999970197678 1.244399996113777 -0.7249999970197678
v -2.7999999970197678 0.9350000038862227 -1.1250000029802323
v -2.7999999970197678 0.9350000038862227 -0.7249999970197678
v -2.7999999970197678 1.244399996113777 -1.1250000029802323
v -2.4500000029802322 1.244399996113777 -1.1250000029802323
v -2.7999999970197678 1.244399996113777 -0.7249999970197678
v -2.4500000029802322 1.244399996113777 -0.7249999970197678
v -2.7999999970197678 0.9350000038862227 -0.7249999970197678
v -2.4500000029802322 0.9350000038862227 -0.7249999970197678
v -2.7999999970197678 0.9350000038862227 -1.1250000029802323
v -2.4500000029802322 0.9350000038862227 -1.1250000029802323
v -2.7999999970197678 1.244399996113777 -0.7249999970197678
v -2.4500000029802322 1.244399996113777 -0.7249999970197678
v -2.7999999970197678 0.9350000038862227 -0.7249999970197678
v -2.4500000029802322 0.9350000038862227 -0.7249999970197678
v -2.4500000029802322 1.244399996113777 -1.1250000029802323
v -2.7999999970197678 1.244399996113777 -1.1250000029802323
v -2.4500000029802322 0.9350000038862227 -1.1250000029802323
v -2.7999999970197678 0.9350000038862227 -1.1250000029802323
vt 0 1
vt 1 1
vt 0 0
vt 1 0
vt 0 1
vt 1 1
vt 0 0
vt 1 0
vt 0 1
vt 1 1
vt 0 0
vt 1 0
vt 0 1
vt 1 1
vt 0 0
vt 1 0
vt 0 1
vt 1 1
vt 0 0
vt 1 0
vt 0 1
vt 1 1
vt 0 0
vt 1 0
vn 1 0 0
vn 1 0 0
vn 1 0 0
vn 1 0 0
vn -1 0 0
vn -1 0 0
vn -1 0 0
vn -1 0 0
vn 0 1 0
vn 0 1 0
vn 0 1 0
vn 0 1 0
vn 0 -1 0
vn 0 -1 0
vn 0 -1 0
vn 0 -1 0
vn 0 0 1
vn 0 0 1
vn 0 0 1
vn 0 0 1
vn 0 0 -1
vn 0 0 -1
vn 0 0 -1
vn 0 0 -1
f 5765/5765/5765 5767/5767/5767 5766/5766/5766
f 5767/5767/5767 5768/5768/5768 5766/5766/5766
f 5769/5769/5769 5771/5771/5771 5770/5770/5770
f 5771/5771/5771 5772/5772/5772 5770/5770/5770
f 5773/5773/5773 5775/5775/5775 5774/5774/5774
f 5775/5775/5775 5776/5776/5776 5774/5774/5774
f 5777/5777/5777 5779/5779/5779 5778/5778/5778
f 5779/5779/5779 5780/5780/5780 5778/5778/5778
f 5781/5781/5781 5783/5783/5783 5782/5782/5782
f 5783/5783/5783 5784/5784/5784 5782/5782/5782
f 5785/5785/5785 5787/5787/5787 5786/5786/5786
f 5787/5787/5787 5788/5788/5788 5786/5786/5786
o eq3_bc5140_haematology_top
usemtl equip_top
v -2.4650000035762787 1.3100000001609324 -0.7399999976158143
v -2.4650000035762787 1.3100000001609324 -1.1100000023841858
v -2.4650000035762787 1.2443999998390674 -0.7399999976158143
v -2.4650000035762787 1.2443999998390674 -1.1100000023841858
v -2.7849999964237213 1.3100000001609324 -1.1100000023841858
v -2.7849999964237213 1.3100000001609324 -0.7399999976158143
v -2.7849999964237213 1.2443999998390674 -1.1100000023841858
v -2.7849999964237213 1.2443999998390674 -0.7399999976158143
v -2.7849999964237213 1.3100000001609324 -1.1100000023841858
v -2.4650000035762787 1.3100000001609324 -1.1100000023841858
v -2.7849999964237213 1.3100000001609324 -0.7399999976158143
v -2.4650000035762787 1.3100000001609324 -0.7399999976158143
v -2.7849999964237213 1.2443999998390674 -0.7399999976158143
v -2.4650000035762787 1.2443999998390674 -0.7399999976158143
v -2.7849999964237213 1.2443999998390674 -1.1100000023841858
v -2.4650000035762787 1.2443999998390674 -1.1100000023841858
v -2.7849999964237213 1.3100000001609324 -0.7399999976158143
v -2.4650000035762787 1.3100000001609324 -0.7399999976158143
v -2.7849999964237213 1.2443999998390674 -0.7399999976158143
v -2.4650000035762787 1.2443999998390674 -0.7399999976158143
v -2.4650000035762787 1.3100000001609324 -1.1100000023841858
v -2.7849999964237213 1.3100000001609324 -1.1100000023841858
v -2.4650000035762787 1.2443999998390674 -1.1100000023841858
v -2.7849999964237213 1.2443999998390674 -1.1100000023841858
vt 0 1
vt 1 1
vt 0 0
vt 1 0
vt 0 1
vt 1 1
vt 0 0
vt 1 0
vt 0 1
vt 1 1
vt 0 0
vt 1 0
vt 0 1
vt 1 1
vt 0 0
vt 1 0
vt 0 1
vt 1 1
vt 0 0
vt 1 0
vt 0 1
vt 1 1
vt 0 0
vt 1 0
vn 1 0 0
vn 1 0 0
vn 1 0 0
vn 1 0 0
vn -1 0 0
vn -1 0 0
vn -1 0 0
vn -1 0 0
vn 0 1 0
vn 0 1 0
vn 0 1 0
vn 0 1 0
vn 0 -1 0
vn 0 -1 0
vn 0 -1 0
vn 0 -1 0
vn 0 0 1
vn 0 0 1
vn 0 0 1
vn 0 0 1
vn 0 0 -1
vn 0 0 -1
vn 0 0 -1
vn 0 0 -1
f 5789/5789/5789 5791/5791/5791 5790/5790/5790
f 5791/5791/5791 5792/5792/5792 5790/5790/5790
f 5793/5793/5793 5795/5795/5795 5794/5794/5794
f 5795/5795/5795 5796/5796/5796 5794/5794/5794
f 5797/5797/5797 5799/5799/5799 5798/5798/5798
f 5799/5799/5799 5800/5800/5800 5798/5798/5798
f 5801/5801/5801 5803/5803/5803 5802/5802/5802
f 5803/5803/5803 5804/5804/5804 5802/5802/5802
f 5805/5805/5805 5807/5807/5807 5806/5806/5806
f 5807/5807/5807 5808/5808/5808 5806/5806/5806
f 5809/5809/5809 5811/5811/5811 5810/5810/5810
f 5811/5811/5811 5812/5812/5812 5810/5810/5810
o eq3_bc5140_haematology_panel
usemtl screen
v -2.6319999997019767 1.219799997162819 -1.1249999998137354
v -2.6319999997019767 1.219799997162819 -1.1500000001862645
v -2.6319999997019767 1.0476000028371812 -1.1249999998137354
v -2.6319999997019767 1.0476000028371812 -1.1500000001862645
v -2.772000000298023 1.219799997162819 -1.1500000001862645
v -2.772000000298023 1.219799997162819 -1.1249999998137354
v -2.772000000298023 1.0476000028371812 -1.1500000001862645
v -2.772000000298023 1.0476000028371812 -1.1249999998137354
v -2.772000000298023 1.219799997162819 -1.1500000001862645
v -2.6319999997019767 1.219799997162819 -1.1500000001862645
v -2.772000000298023 1.219799997162819 -1.1249999998137354
v -2.6319999997019767 1.219799997162819 -1.1249999998137354
v -2.772000000298023 1.0476000028371812 -1.1249999998137354
v -2.6319999997019767 1.0476000028371812 -1.1249999998137354
v -2.772000000298023 1.0476000028371812 -1.1500000001862645
v -2.6319999997019767 1.0476000028371812 -1.1500000001862645
v -2.772000000298023 1.219799997162819 -1.1249999998137354
v -2.6319999997019767 1.219799997162819 -1.1249999998137354
v -2.772000000298023 1.0476000028371812 -1.1249999998137354
v -2.6319999997019767 1.0476000028371812 -1.1249999998137354
v -2.6319999997019767 1.219799997162819 -1.1500000001862645
v -2.772000000298023 1.219799997162819 -1.1500000001862645
v -2.6319999997019767 1.0476000028371812 -1.1500000001862645
v -2.772000000298023 1.0476000028371812 -1.1500000001862645
vt 0 1
vt 1 1
vt 0 0
vt 1 0
vt 0 1
vt 1 1
vt 0 0
vt 1 0
vt 0 1
vt 1 1
vt 0 0
vt 1 0
vt 0 1
vt 1 1
vt 0 0
vt 1 0
vt 0 1
vt 1 1
vt 0 0
vt 1 0
vt 0 1
vt 1 1
vt 0 0
vt 1 0
vn 1 0 0
vn 1 0 0
vn 1 0 0
vn 1 0 0
vn -1 0 0
vn -1 0 0
vn -1 0 0
vn -1 0 0
vn 0 1 0
vn 0 1 0
vn 0 1 0
vn 0 1 0
vn 0 -1 0
vn 0 -1 0
vn 0 -1 0
vn 0 -1 0
vn 0 0 1
vn 0 0 1
vn 0 0 1
vn 0 0 1
vn 0 0 -1
vn 0 0 -1
vn 0 0 -1
vn 0 0 -1
f 5813/5813/5813 5815/5815/5815 5814/5814/5814
f 5815/5815/5815 5816/5816/5816 5814/5814/5814
f 5817/5817/5817 5819/5819/5819 5818/5818/5818
f 5819/5819/5819 5820/5820/5820 5818/5818/5818
f 5821/5821/5821 5823/5823/5823 5822/5822/5822
f 5823/5823/5823 5824/5824/5824 5822/5822/5822
f 5825/5825/5825 5827/5827/5827 5826/5826/5826
f 5827/5827/5827 5828/5828/5828 5826/5826/5826
f 5829/5829/5829 5831/5831/5831 5830/5830/5830
f 5831/5831/5831 5832/5832/5832 5830/5830/5830
f 5833/5833/5833 5835/5835/5835 5834/5834/5834
f 5835/5835/5835 5836/5836/5836 5834/5834/5834
o eq4_mispa_maestro_hba1c_base
usemtl equip_dark
v -1.770000009536743 0.9350000000745058 -0.5850000143051147
v -1.770000009536743 0.9350000000745058 -1.1149999856948853
v -1.770000009536743 0.8999999999254942 -0.5850000143051147
v -1.770000009536743 0.8999999999254942 -1.1149999856948853
v -2.2899999904632566 0.9350000000745058 -1.1149999856948853
v -2.2899999904632566 0.9350000000745058 -0.5850000143051147
v -2.2899999904632566 0.8999999999254942 -1.1149999856948853
v -2.2899999904632566 0.8999999999254942 -0.5850000143051147
v -2.2899999904632566 0.9350000000745058 -1.1149999856948853
v -1.770000009536743 0.9350000000745058 -1.1149999856948853
v -2.2899999904632566 0.9350000000745058 -0.5850000143051147
v -1.770000009536743 0.9350000000745058 -0.5850000143051147
v -2.2899999904632566 0.8999999999254942 -0.5850000143051147
v -1.770000009536743 0.8999999999254942 -0.5850000143051147
v -2.2899999904632566 0.8999999999254942 -1.1149999856948853
v -1.770000009536743 0.8999999999254942 -1.1149999856948853
v -2.2899999904632566 0.9350000000745058 -0.5850000143051147
v -1.770000009536743 0.9350000000745058 -0.5850000143051147
v -2.2899999904632566 0.8999999999254942 -0.5850000143051147
v -1.770000009536743 0.8999999999254942 -0.5850000143051147
v -1.770000009536743 0.9350000000745058 -1.1149999856948853
v -2.2899999904632566 0.9350000000745058 -1.1149999856948853
v -1.770000009536743 0.8999999999254942 -1.1149999856948853
v -2.2899999904632566 0.8999999999254942 -1.1149999856948853
vt 0 1
vt 1 1
vt 0 0
vt 1 0
vt 0 1
vt 1 1
vt 0 0
vt 1 0
vt 0 1
vt 1 1
vt 0 0
vt 1 0
vt 0 1
vt 1 1
vt 0 0
vt 1 0
vt 0 1
vt 1 1
vt 0 0
vt 1 0
vt 0 1
vt 1 1
vt 0 0
vt 1 0
vn 1 0 0
vn 1 0 0
vn 1 0 0
vn 1 0 0
vn -1 0 0
vn -1 0 0
vn -1 0 0
vn -1 0 0
vn 0 1 0
vn 0 1 0
vn 0 1 0
vn 0 1 0
vn 0 -1 0
vn 0 -1 0
vn 0 -1 0
vn 0 -1 0
vn 0 0 1
vn 0 0 1
vn 0 0 1
vn 0 0 1
vn 0 0 -1
vn 0 0 -1
vn 0 0 -1
vn 0 0 -1
f 5837/5837/5837 5839/5839/5839 5838/5838/5838
f 5839/5839/5839 5840/5840/5840 5838/5838/5838
f 5841/5841/5841 5843/5843/5843 5842/5842/5842
f 5843/5843/5843 5844/5844/5844 5842/5842/5842
f 5845/5845/5845 5847/5847/5847 5846/5846/5846
f 5847/5847/5847 5848/5848/5848 5846/5846/5846
f 5849/5849/5849 5851/5851/5851 5850/5850/5850
f 5851/5851/5851 5852/5852/5852 5850/5850/5850
f 5853/5853/5853 5855/5855/5855 5854/5854/5854
f 5855/5855/5855 5856/5856/5856 5854/5854/5854
f 5857/5857/5857 5859/5859/5859 5858/5858/5858
f 5859/5859/5859 5860/5860/5860 5858/5858/5858
o eq4_mispa_maestro_hba1c_body
usemtl equip_body
v -1.7599999892711637 1.378800001168251 -0.5749999940395355
v -1.7599999892711637 1.378800001168251 -1.1250000059604646
v -1.7599999892711637 0.934999998831749 -0.5749999940395355
v -1.7599999892711637 0.934999998831749 -1.1250000059604646
v -2.300000010728836 1.378800001168251 -1.1250000059604646
v -2.300000010728836 1.378800001168251 -0.5749999940395355
v -2.300000010728836 0.934999998831749 -1.1250000059604646
v -2.300000010728836 0.934999998831749 -0.5749999940395355
v -2.300000010728836 1.378800001168251 -1.1250000059604646
v -1.7599999892711637 1.378800001168251 -1.1250000059604646
v -2.300000010728836 1.378800001168251 -0.5749999940395355
v -1.7599999892711637 1.378800001168251 -0.5749999940395355
v -2.300000010728836 0.934999998831749 -0.5749999940395355
v -1.7599999892711637 0.934999998831749 -0.5749999940395355
v -2.300000010728836 0.934999998831749 -1.1250000059604646
v -1.7599999892711637 0.934999998831749 -1.1250000059604646
v -2.300000010728836 1.378800001168251 -0.5749999940395355
v -1.7599999892711637 1.378800001168251 -0.5749999940395355
v -2.300000010728836 0.934999998831749 -0.5749999940395355
v -1.7599999892711637 0.934999998831749 -0.5749999940395355
v -1.7599999892711637 1.378800001168251 -1.1250000059604646
v -2.300000010728836 1.378800001168251 -1.1250000059604646
v -1.7599999892711637 0.934999998831749 -1.1250000059604646
v -2.300000010728836 0.934999998831749 -1.1250000059604646
vt 0 1
vt 1 1
vt 0 0
vt 1 0
vt 0 1
vt 1 1
vt 0 0
vt 1 0
vt 0 1
vt 1 1
vt 0 0
vt 1 0
vt 0 1
vt 1 1
vt 0 0
vt 1 0
vt 0 1
vt 1 1
vt 0 0
vt 1 0
vt 0 1
vt 1 1
vt 0 0
vt 1 0
vn 1 0 0
vn 1 0 0
vn 1 0 0
vn 1 0 0
vn -1 0 0
vn -1 0 0
vn -1 0 0
vn -1 0 0
vn 0 1 0
vn 0 1 0
vn 0 1 0
vn 0 1 0
vn 0 -1 0
vn 0 -1 0
vn 0 -1 0
vn 0 -1 0
vn 0 0 1
vn 0 0 1
vn 0 0 1
vn 0 0 1
vn 0 0 -1
vn 0 0 -1
vn 0 0 -1
vn 0 0 -1
f 5861/5861/5861 5863/5863/5863 5862/5862/5862
f 5863/5863/5863 5864/5864/5864 5862/5862/5862
f 5865/5865/5865 5867/5867/5867 5866/5866/5866
f 5867/5867/5867 5868/5868/5868 5866/5866/5866
f 5869/5869/5869 5871/5871/5871 5870/5870/5870
f 5871/5871/5871 5872/5872/5872 5870/5870/5870
f 5873/5873/5873 5875/5875/5875 5874/5874/5874
f 5875/5875/5875 5876/5876/5876 5874/5874/5874
f 5877/5877/5877 5879/5879/5879 5878/5878/5878
f 5879/5879/5879 5880/5880/5880 5878/5878/5878
f 5881/5881/5881 5883/5883/5883 5882/5882/5882
f 5883/5883/5883 5884/5884/5884 5882/5882/5882
o eq4_mispa_maestro_hba1c_top
usemtl equip_top
v -1.7750000047683714 1.4700000007688998 -0.5900000095367431
v -1.7750000047683714 1.4700000007688998 -1.109999990463257
v -1.7750000047683714 1.3787999992311 -0.5900000095367431
v -1.7750000047683714 1.3787999992311 -1.109999990463257
v -2.2849999952316282 1.4700000007688998 -1.109999990463257
v -2.2849999952316282 1.4700000007688998 -0.5900000095367431
v -2.2849999952316282 1.3787999992311 -1.109999990463257
v -2.2849999952316282 1.3787999992311 -0.5900000095367431
v -2.2849999952316282 1.4700000007688998 -1.109999990463257
v -1.7750000047683714 1.4700000007688998 -1.109999990463257
v -2.2849999952316282 1.4700000007688998 -0.5900000095367431
v -1.7750000047683714 1.4700000007688998 -0.5900000095367431
v -2.2849999952316282 1.3787999992311 -0.5900000095367431
v -1.7750000047683714 1.3787999992311 -0.5900000095367431
v -2.2849999952316282 1.3787999992311 -1.109999990463257
v -1.7750000047683714 1.3787999992311 -1.109999990463257
v -2.2849999952316282 1.4700000007688998 -0.5900000095367431
v -1.7750000047683714 1.4700000007688998 -0.5900000095367431
v -2.2849999952316282 1.3787999992311 -0.5900000095367431
v -1.7750000047683714 1.3787999992311 -0.5900000095367431
v -1.7750000047683714 1.4700000007688998 -1.109999990463257
v -2.2849999952316282 1.4700000007688998 -1.109999990463257
v -1.7750000047683714 1.3787999992311 -1.109999990463257
v -2.2849999952316282 1.3787999992311 -1.109999990463257
vt 0 1
vt 1 1
vt 0 0
vt 1 0
vt 0 1
vt 1 1
vt 0 0
vt 1 0
vt 0 1
vt 1 1
vt 0 0
vt 1 0
vt 0 1
vt 1 1
vt 0 0
vt 1 0
vt 0 1
vt 1 1
vt 0 0
vt 1 0
vt 0 1
vt 1 1
vt 0 0
vt 1 0
vn 1 0 0
vn 1 0 0
vn 1 0 0
vn 1 0 0
vn -1 0 0
vn -1 0 0
vn -1 0 0
vn -1 0 0
vn 0 1 0
vn 0 1 0
vn 0 1 0
vn 0 1 0
vn 0 -1 0
vn 0 -1 0
vn 0 -1 0
vn 0 -1 0
vn 0 0 1
vn 0 0 1
vn 0 0 1
vn 0 0 1
vn 0 0 -1
vn 0 0 -1
vn 0 0 -1
vn 0 0 -1
f 5885/5885/5885 5887/5887/5887 5886/5886/5886
f 5887/5887/5887 5888/5888/5888 5886/5886/5886
f 5889/5889/5889 5891/5891/5891 5890/5890/5890
f 5891/5891/5891 5892/5892/5892 5890/5890/5890
f 5893/5893/5893 5895/5895/5895 5894/5894/5894
f 5895/5895/5895 5896/5896/5896 5894/5894/5894
f 5897/5897/5897 5899/5899/5899 5898/5898/5898
f 5899/5899/5899 5900/5900/5900 5898/5898/5898
f 5901/5901/5901 5903/5903/5903 5902/5902/5902
f 5903/5903/5903 5904/5904/5904 5902/5902/5902
f 5905/5905/5905 5907/5907/5907 5906/5906/5906
f 5907/5907/5907 5908/5908/5908 5906/5906/5906
o eq4_mispa_maestro_hba1c_panel
usemtl screen
v -2.0407999971985817 1.3445999996900557 -1.1249999998137354
v -2.0407999971985817 1.3445999996900557 -1.1500000001862645
v -2.0407999971985817 1.105200000309944 -1.1249999998137354
v -2.0407999971985817 1.105200000309944 -1.1500000001862645
v -2.2568000028014183 1.3445999996900557 -1.1500000001862645
v -2.2568000028014183 1.3445999996900557 -1.1249999998137354
v -2.2568000028014183 1.105200000309944 -1.1500000001862645
v -2.2568000028014183 1.105200000309944 -1.1249999998137354
v -2.2568000028014183 1.3445999996900557 -1.1500000001862645
v -2.0407999971985817 1.3445999996900557 -1.1500000001862645
v -2.2568000028014183 1.3445999996900557 -1.1249999998137354
v -2.0407999971985817 1.3445999996900557 -1.1249999998137354
v -2.2568000028014183 1.105200000309944 -1.1249999998137354
v -2.0407999971985817 1.105200000309944 -1.1249999998137354
v -2.2568000028014183 1.105200000309944 -1.1500000001862645
v -2.0407999971985817 1.105200000309944 -1.1500000001862645
v -2.2568000028014183 1.3445999996900557 -1.1249999998137354
v -2.0407999971985817 1.3445999996900557 -1.1249999998137354
v -2.2568000028014183 1.105200000309944 -1.1249999998137354
v -2.0407999971985817 1.105200000309944 -1.1249999998137354
v -2.0407999971985817 1.3445999996900557 -1.1500000001862645
v -2.2568000028014183 1.3445999996900557 -1.1500000001862645
v -2.0407999971985817 1.105200000309944 -1.1500000001862645
v -2.2568000028014183 1.105200000309944 -1.1500000001862645
vt 0 1
vt 1 1
vt 0 0
vt 1 0
vt 0 1
vt 1 1
vt 0 0
vt 1 0
vt 0 1
vt 1 1
vt 0 0
vt 1 0
vt 0 1
vt 1 1
vt 0 0
vt 1 0
vt 0 1
vt 1 1
vt 0 0
vt 1 0
vt 0 1
vt 1 1
vt 0 0
vt 1 0
vn 1 0 0
vn 1 0 0
vn 1 0 0
vn 1 0 0
vn -1 0 0
vn -1 0 0
vn -1 0 0
vn -1 0 0
vn 0 1 0
vn 0 1 0
vn 0 1 0
vn 0 1 0
vn 0 -1 0
vn 0 -1 0
vn 0 -1 0
vn 0 -1 0
vn 0 0 1
vn 0 0 1
vn 0 0 1
vn 0 0 1
vn 0 0 -1
vn 0 0 -1
vn 0 0 -1
vn 0 0 -1
f 5909/5909/5909 5911/5911/5911 5910/5910/5910
f 5911/5911/5911 5912/5912/5912 5910/5910/5910
f 5913/5913/5913 5915/5915/5915 5914/5914/5914
f 5915/5915/5915 5916/5916/5916 5914/5914/5914
f 5917/5917/5917 5919/5919/5919 5918/5918/5918
f 5919/5919/5919 5920/5920/5920 5918/5918/5918
f 5921/5921/5921 5923/5923/5923 5922/5922/5922
f 5923/5923/5923 5924/5924/5924 5922/5922/5922
f 5925/5925/5925 5927/5927/5927 5926/5926/5926
f 5927/5927/5927 5928/5928/5928 5926/5926/5926
f 5929/5929/5929 5931/5931/5931 5930/5930/5930
f 5931/5931/5931 5932/5932/5932 5930/5930/5930
o eq5_mispa_lyte_plus_ise_base
usemtl equip_dark
v -1.2199999976158142 0.9350000000745058 -0.9550000017881393
v -1.2199999976158142 0.9350000000745058 -1.1149999982118606
v -1.2199999976158142 0.8999999999254942 -0.9550000017881393
v -1.2199999976158142 0.8999999999254942 -1.1149999982118606
v -1.5900000023841858 0.9350000000745058 -1.1149999982118606
v -1.5900000023841858 0.9350000000745058 -0.9550000017881393
v -1.5900000023841858 0.8999999999254942 -1.1149999982118606
v -1.5900000023841858 0.8999999999254942 -0.9550000017881393
v -1.5900000023841858 0.9350000000745058 -1.1149999982118606
v -1.2199999976158142 0.9350000000745058 -1.1149999982118606
v -1.5900000023841858 0.9350000000745058 -0.9550000017881393
v -1.2199999976158142 0.9350000000745058 -0.9550000017881393
v -1.5900000023841858 0.8999999999254942 -0.9550000017881393
v -1.2199999976158142 0.8999999999254942 -0.9550000017881393
v -1.5900000023841858 0.8999999999254942 -1.1149999982118606
v -1.2199999976158142 0.8999999999254942 -1.1149999982118606
v -1.5900000023841858 0.9350000000745058 -0.9550000017881393
v -1.2199999976158142 0.9350000000745058 -0.9550000017881393
v -1.5900000023841858 0.8999999999254942 -0.9550000017881393
v -1.2199999976158142 0.8999999999254942 -0.9550000017881393
v -1.2199999976158142 0.9350000000745058 -1.1149999982118606
v -1.5900000023841858 0.9350000000745058 -1.1149999982118606
v -1.2199999976158142 0.8999999999254942 -1.1149999982118606
v -1.5900000023841858 0.8999999999254942 -1.1149999982118606
vt 0 1
vt 1 1
vt 0 0
vt 1 0
vt 0 1
vt 1 1
vt 0 0
vt 1 0
vt 0 1
vt 1 1
vt 0 0
vt 1 0
vt 0 1
vt 1 1
vt 0 0
vt 1 0
vt 0 1
vt 1 1
vt 0 0
vt 1 0
vt 0 1
vt 1 1
vt 0 0
vt 1 0
vn 1 0 0
vn 1 0 0
vn 1 0 0
vn 1 0 0
vn -1 0 0
vn -1 0 0
vn -1 0 0
vn -1 0 0
vn 0 1 0
vn 0 1 0
vn 0 1 0
vn 0 1 0
vn 0 -1 0
vn 0 -1 0
vn 0 -1 0
vn 0 -1 0
vn 0 0 1
vn 0 0 1
vn 0 0 1
vn 0 0 1
vn 0 0 -1
vn 0 0 -1
vn 0 0 -1
vn 0 0 -1
f 5933/5933/5933 5935/5935/5935 5934/5934/5934
f 5935/5935/5935 5936/5936/5936 5934/5934/5934
f 5937/5937/5937 5939/5939/5939 5938/5938/5938
f 5939/5939/5939 5940/5940/5940 5938/5938/5938
f 5941/5941/5941 5943/5943/5943 5942/5942/5942
f 5943/5943/5943 5944/5944/5944 5942/5942/5942
f 5945/5945/5945 5947/5947/5947 5946/5946/5946
f 5947/5947/5947 5948/5948/5948 5946/5946/5946
f 5949/5949/5949 5951/5951/5951 5950/5950/5950
f 5951/5951/5951 5952/5952/5952 5950/5950/5950
f 5953/5953/5953 5955/5955/5955 5954/5954/5954
f 5955/5955/5955 5956/5956/5956 5954/5954/5954
o eq5_mispa_lyte_plus_ise_body
usemtl equip_body
v -1.2100000071525574 1.168799996995926 -0.9449999964237212
v -1.2100000071525574 1.168799996995926 -1.1250000035762786
v -1.2100000071525574 0.9350000030040742 -0.9449999964237212
v -1.2100000071525574 0.9350000030040742 -1.1250000035762786
v -1.5999999928474427 1.168799996995926 -1.1250000035762786
v -1.5999999928474427 1.168799996995926 -0.9449999964237212
v -1.5999999928474427 0.9350000030040742 -1.1250000035762786
v -1.5999999928474427 0.9350000030040742 -0.9449999964237212
v -1.5999999928474427 1.168799996995926 -1.1250000035762786
v -1.2100000071525574 1.168799996995926 -1.1250000035762786
v -1.5999999928474427 1.168799996995926 -0.9449999964237212
v -1.2100000071525574 1.168799996995926 -0.9449999964237212
v -1.5999999928474427 0.9350000030040742 -0.9449999964237212
v -1.2100000071525574 0.9350000030040742 -0.9449999964237212
v -1.5999999928474427 0.9350000030040742 -1.1250000035762786
v -1.2100000071525574 0.9350000030040742 -1.1250000035762786
v -1.5999999928474427 1.168799996995926 -0.9449999964237212
v -1.2100000071525574 1.168799996995926 -0.9449999964237212
v -1.5999999928474427 0.9350000030040742 -0.9449999964237212
v -1.2100000071525574 0.9350000030040742 -0.9449999964237212
v -1.2100000071525574 1.168799996995926 -1.1250000035762786
v -1.5999999928474427 1.168799996995926 -1.1250000035762786
v -1.2100000071525574 0.9350000030040742 -1.1250000035762786
v -1.5999999928474427 0.9350000030040742 -1.1250000035762786
vt 0 1
vt 1 1
vt 0 0
vt 1 0
vt 0 1
vt 1 1
vt 0 0
vt 1 0
vt 0 1
vt 1 1
vt 0 0
vt 1 0
vt 0 1
vt 1 1
vt 0 0
vt 1 0
vt 0 1
vt 1 1
vt 0 0
vt 1 0
vt 0 1
vt 1 1
vt 0 0
vt 1 0
vn 1 0 0
vn 1 0 0
vn 1 0 0
vn 1 0 0
vn -1 0 0
vn -1 0 0
vn -1 0 0
vn -1 0 0
vn 0 1 0
vn 0 1 0
vn 0 1 0
vn 0 1 0
vn 0 -1 0
vn 0 -1 0
vn 0 -1 0
vn 0 -1 0
vn 0 0 1
vn 0 0 1
vn 0 0 1
vn 0 0 1
vn 0 0 -1
vn 0 0 -1
vn 0 0 -1
vn 0 0 -1
f 5957/5957/5957 5959/5959/5959 5958/5958/5958
f 5959/5959/5959 5960/5960/5960 5958/5958/5958
f 5961/5961/5961 5963/5963/5963 5962/5962/5962
f 5963/5963/5963 5964/5964/5964 5962/5962/5962
f 5965/5965/5965 5967/5967/5967 5966/5966/5966
f 5967/5967/5967 5968/5968/5968 5966/5966/5966
f 5969/5969/5969 5971/5971/5971 5970/5970/5970
f 5971/5971/5971 5972/5972/5972 5970/5970/5970
f 5973/5973/5973 5975/5975/5975 5974/5974/5974
f 5975/5975/5975 5976/5976/5976 5974/5974/5974
f 5977/5977/5977 5979/5979/5979 5978/5978/5978
f 5979/5979/5979 5980/5980/5980 5978/5978/5978
o eq5_mispa_lyte_plus_ise_top
usemtl equip_top
v -1.2249999928474427 1.2199999993532895 -0.9599999970197677
v -1.2249999928474427 1.2199999993532895 -1.1100000029802322
v -1.2249999928474427 1.1688000006467103 -0.9599999970197677
v -1.2249999928474427 1.1688000006467103 -1.1100000029802322
v -1.5850000071525574 1.2199999993532895 -1.1100000029802322
v -1.5850000071525574 1.2199999993532895 -0.9599999970197677
v -1.5850000071525574 1.1688000006467103 -1.1100000029802322
v -1.5850000071525574 1.1688000006467103 -0.9599999970197677
v -1.5850000071525574 1.2199999993532895 -1.1100000029802322
v -1.2249999928474427 1.2199999993532895 -1.1100000029802322
v -1.5850000071525574 1.2199999993532895 -0.9599999970197677
v -1.2249999928474427 1.2199999993532895 -0.9599999970197677
v -1.5850000071525574 1.1688000006467103 -0.9599999970197677
v -1.2249999928474427 1.1688000006467103 -0.9599999970197677
v -1.5850000071525574 1.1688000006467103 -1.1100000029802322
v -1.2249999928474427 1.1688000006467103 -1.1100000029802322
v -1.5850000071525574 1.2199999993532895 -0.9599999970197677
v -1.2249999928474427 1.2199999993532895 -0.9599999970197677
v -1.5850000071525574 1.1688000006467103 -0.9599999970197677
v -1.2249999928474427 1.1688000006467103 -0.9599999970197677
v -1.2249999928474427 1.2199999993532895 -1.1100000029802322
v -1.5850000071525574 1.2199999993532895 -1.1100000029802322
v -1.2249999928474427 1.1688000006467103 -1.1100000029802322
v -1.5850000071525574 1.1688000006467103 -1.1100000029802322
vt 0 1
vt 1 1
vt 0 0
vt 1 0
vt 0 1
vt 1 1
vt 0 0
vt 1 0
vt 0 1
vt 1 1
vt 0 0
vt 1 0
vt 0 1
vt 1 1
vt 0 0
vt 1 0
vt 0 1
vt 1 1
vt 0 0
vt 1 0
vt 0 1
vt 1 1
vt 0 0
vt 1 0
vn 1 0 0
vn 1 0 0
vn 1 0 0
vn 1 0 0
vn -1 0 0
vn -1 0 0
vn -1 0 0
vn -1 0 0
vn 0 1 0
vn 0 1 0
vn 0 1 0
vn 0 1 0
vn 0 -1 0
vn 0 -1 0
vn 0 -1 0
vn 0 -1 0
vn 0 0 1
vn 0 0 1
vn 0 0 1
vn 0 0 1
vn 0 0 -1
vn 0 0 -1
vn 0 0 -1
vn 0 0 -1
f 5981/5981/5981 5983/5983/5983 5982/5982/5982
f 5983/5983/5983 5984/5984/5984 5982/5982/5982
f 5985/5985/5985 5987/5987/5987 5986/5986/5986
f 5987/5987/5987 5988/5988/5988 5986/5986/5986
f 5989/5989/5989 5991/5991/5991 5990/5990/5990
f 5991/5991/5991 5992/5992/5992 5990/5990/5990
f 5993/5993/5993 5995/5995/5995 5994/5994/5994
f 5995/5995/5995 5996/5996/5996 5994/5994/5994
f 5997/5997/5997 5999/5999/5999 5998/5998/5998
f 5999/5999/5999 6000/6000/6000 5998/5998/5998
f 6001/6001/6001 6003/6003/6003 6002/6002/6002
f 6003/6003/6003 6004/6004/6004 6002/6002/6002
o eq5_mispa_lyte_plus_ise_panel
usemtl screen
v -1.4127999983906745 1.1495999976038933 -1.1249999998137354
v -1.4127999983906745 1.1495999976038933 -1.1500000001862645
v -1.4127999983906745 1.0152000023961067 -1.1249999998137354
v -1.4127999983906745 1.0152000023961067 -1.1500000001862645
v -1.5688000016093253 1.1495999976038933 -1.1500000001862645
v -1.5688000016093253 1.1495999976038933 -1.1249999998137354
v -1.5688000016093253 1.0152000023961067 -1.1500000001862645
v -1.5688000016093253 1.0152000023961067 -1.1249999998137354
v -1.5688000016093253 1.1495999976038933 -1.1500000001862645
v -1.4127999983906745 1.1495999976038933 -1.1500000001862645
v -1.5688000016093253 1.1495999976038933 -1.1249999998137354
v -1.4127999983906745 1.1495999976038933 -1.1249999998137354
v -1.5688000016093253 1.0152000023961067 -1.1249999998137354
v -1.4127999983906745 1.0152000023961067 -1.1249999998137354
v -1.5688000016093253 1.0152000023961067 -1.1500000001862645
v -1.4127999983906745 1.0152000023961067 -1.1500000001862645
v -1.5688000016093253 1.1495999976038933 -1.1249999998137354
v -1.4127999983906745 1.1495999976038933 -1.1249999998137354
v -1.5688000016093253 1.0152000023961067 -1.1249999998137354
v -1.4127999983906745 1.0152000023961067 -1.1249999998137354
v -1.4127999983906745 1.1495999976038933 -1.1500000001862645
v -1.5688000016093253 1.1495999976038933 -1.1500000001862645
v -1.4127999983906745 1.0152000023961067 -1.1500000001862645
v -1.5688000016093253 1.0152000023961067 -1.1500000001862645
vt 0 1
vt 1 1
vt 0 0
vt 1 0
vt 0 1
vt 1 1
vt 0 0
vt 1 0
vt 0 1
vt 1 1
vt 0 0
vt 1 0
vt 0 1
vt 1 1
vt 0 0
vt 1 0
vt 0 1
vt 1 1
vt 0 0
vt 1 0
vt 0 1
vt 1 1
vt 0 0
vt 1 0
vn 1 0 0
vn 1 0 0
vn 1 0 0
vn 1 0 0
vn -1 0 0
vn -1 0 0
vn -1 0 0
vn -1 0 0
vn 0 1 0
vn 0 1 0
vn 0 1 0
vn 0 1 0
vn 0 -1 0
vn 0 -1 0
vn 0 -1 0
vn 0 -1 0
vn 0 0 1
vn 0 0 1
vn 0 0 1
vn 0 0 1
vn 0 0 -1
vn 0 0 -1
vn 0 0 -1
vn 0 0 -1
f 6005/6005/6005 6007/6007/6007 6006/6006/6006
f 6007/6007/6007 6008/6008/6008 6006/6006/6006
f 6009/6009/6009 6011/6011/6011 6010/6010/6010
f 6011/6011/6011 6012/6012/6012 6010/6010/6010
f 6013/6013/6013 6015/6015/6015 6014/6014/6014
f 6015/6015/6015 6016/6016/6016 6014/6014/6014
f 6017/6017/6017 6019/6019/6019 6018/6018/6018
f 6019/6019/6019 6020/6020/6020 6018/6018/6018
f 6021/6021/6021 6023/6023/6023 6022/6022/6022
f 6023/6023/6023 6024/6024/6024 6022/6022/6022
f 6025/6025/6025 6027/6027/6027 6026/6026/6026
f 6027/6027/6027 6028/6028/6028 6026/6026/6026
o eq6_u280_urine_analyser_base
usemtl equip_dark
v -0.7599999994039536 0.9350000000745058 -0.8849999979138374
v -0.7599999994039536 0.9350000000745058 -1.1150000020861626
v -0.7599999994039536 0.8999999999254942 -0.8849999979138374
v -0.7599999994039536 0.8999999999254942 -1.1150000020861626
v -1.0400000005960464 0.9350000000745058 -1.1150000020861626
v -1.0400000005960464 0.9350000000745058 -0.8849999979138374
v -1.0400000005960464 0.8999999999254942 -1.1150000020861626
v -1.0400000005960464 0.8999999999254942 -0.8849999979138374
v -1.0400000005960464 0.9350000000745058 -1.1150000020861626
v -0.7599999994039536 0.9350000000745058 -1.1150000020861626
v -1.0400000005960464 0.9350000000745058 -0.8849999979138374
v -0.7599999994039536 0.9350000000745058 -0.8849999979138374
v -1.0400000005960464 0.8999999999254942 -0.8849999979138374
v -0.7599999994039536 0.8999999999254942 -0.8849999979138374
v -1.0400000005960464 0.8999999999254942 -1.1150000020861626
v -0.7599999994039536 0.8999999999254942 -1.1150000020861626
v -1.0400000005960464 0.9350000000745058 -0.8849999979138374
v -0.7599999994039536 0.9350000000745058 -0.8849999979138374
v -1.0400000005960464 0.8999999999254942 -0.8849999979138374
v -0.7599999994039536 0.8999999999254942 -0.8849999979138374
v -0.7599999994039536 0.9350000000745058 -1.1150000020861626
v -1.0400000005960464 0.9350000000745058 -1.1150000020861626
v -0.7599999994039536 0.8999999999254942 -1.1150000020861626
v -1.0400000005960464 0.8999999999254942 -1.1150000020861626
vt 0 1
vt 1 1
vt 0 0
vt 1 0
vt 0 1
vt 1 1
vt 0 0
vt 1 0
vt 0 1
vt 1 1
vt 0 0
vt 1 0
vt 0 1
vt 1 1
vt 0 0
vt 1 0
vt 0 1
vt 1 1
vt 0 0
vt 1 0
vt 0 1
vt 1 1
vt 0 0
vt 1 0
vn 1 0 0
vn 1 0 0
vn 1 0 0
vn 1 0 0
vn -1 0 0
vn -1 0 0
vn -1 0 0
vn -1 0 0
vn 0 1 0
vn 0 1 0
vn 0 1 0
vn 0 1 0
vn 0 -1 0
vn 0 -1 0
vn 0 -1 0
vn 0 -1 0
vn 0 0 1
vn 0 0 1
vn 0 0 1
vn 0 0 1
vn 0 0 -1
vn 0 0 -1
vn 0 0 -1
vn 0 0 -1
f 6029/6029/6029 6031/6031/6031 6030/6030/6030
f 6031/6031/6031 6032/6032/6032 6030/6030/6030
f 6033/6033/6033 6035/6035/6035 6034/6034/6034
f 6035/6035/6035 6036/6036/6036 6034/6034/6034
f 6037/6037/6037 6039/6039/6039 6038/6038/6038
f 6039/6039/6039 6040/6040/6040 6038/6038/6038
f 6041/6041/6041 6043/6043/6043 6042/6042/6042
f 6043/6043/6043 6044/6044/6044 6042/6042/6042
f 6045/6045/6045 6047/6047/6047 6046/6046/6046
f 6047/6047/6047 6048/6048/6048 6046/6046/6046
f 6049/6049/6049 6051/6051/6051 6050/6050/6050
f 6051/6051/6051 6052/6052/6052 6050/6050/6050
o eq6_u280_urine_analyser_body
usemtl equip_body
v -0.7499999940395355 1.0680000006556511 -0.875
v -0.7499999940395355 1.0680000006556511 -1.125
v -0.7499999940395355 0.934999999344349 -0.875
v -0.7499999940395355 0.934999999344349 -1.125
v -1.0500000059604644 1.0680000006556511 -1.125
v -1.0500000059604644 1.0680000006556511 -0.875
v -1.0500000059604644 0.934999999344349 -1.125
v -1.0500000059604644 0.934999999344349 -0.875
v -1.0500000059604644 1.0680000006556511 -1.125
v -0.7499999940395355 1.0680000006556511 -1.125
v -1.0500000059604644 1.0680000006556511 -0.875
v -0.7499999940395355 1.0680000006556511 -0.875
v -1.0500000059604644 0.934999999344349 -0.875
v -0.7499999940395355 0.934999999344349 -0.875
v -1.0500000059604644 0.934999999344349 -1.125
v -0.7499999940395355 0.934999999344349 -1.125
v -1.0500000059604644 1.0680000006556511 -0.875
v -0.7499999940395355 1.0680000006556511 -0.875
v -1.0500000059604644 0.934999999344349 -0.875
v -0.7499999940395355 0.934999999344349 -0.875
v -0.7499999940395355 1.0680000006556511 -1.125
v -1.0500000059604644 1.0680000006556511 -1.125
v -0.7499999940395355 0.934999999344349 -1.125
v -1.0500000059604644 0.934999999344349 -1.125
vt 0 1
vt 1 1
vt 0 0
vt 1 0
vt 0 1
vt 1 1
vt 0 0
vt 1 0
vt 0 1
vt 1 1
vt 0 0
vt 1 0
vt 0 1
vt 1 1
vt 0 0
vt 1 0
vt 0 1
vt 1 1
vt 0 0
vt 1 0
vt 0 1
vt 1 1
vt 0 0
vt 1 0
vn 1 0 0
vn 1 0 0
vn 1 0 0
vn 1 0 0
vn -1 0 0
vn -1 0 0
vn -1 0 0
vn -1 0 0
vn 0 1 0
vn 0 1 0
vn 0 1 0
vn 0 1 0
vn 0 -1 0
vn 0 -1 0
vn 0 -1 0
vn 0 -1 0
vn 0 0 1
vn 0 0 1
vn 0 0 1
vn 0 0 1
vn 0 0 -1
vn 0 0 -1
vn 0 0 -1
vn 0 0 -1
f 6053/6053/6053 6055/6055/6055 6054/6054/6054
f 6055/6055/6055 6056/6056/6056 6054/6054/6054
f 6057/6057/6057 6059/6059/6059 6058/6058/6058
f 6059/6059/6059 6060/6060/6060 6058/6058/6058
f 6061/6061/6061 6063/6063/6063 6062/6062/6062
f 6063/6063/6063 6064/6064/6064 6062/6062/6062
f 6065/6065/6065 6067/6067/6067 6066/6066/6066
f 6067/6067/6067 6068/6068/6068 6066/6066/6066
f 6069/6069/6069 6071/6071/6071 6070/6070/6070
f 6071/6071/6071 6072/6072/6072 6070/6070/6070
f 6073/6073/6073 6075/6075/6075 6074/6074/6074
f 6075/6075/6075 6076/6076/6076 6074/6074/6074
o eq6_u280_urine_analyser_top
usemtl equip_top
v -0.764999994635582 1.100000000759959 -0.8900000005960464
v -0.764999994635582 1.100000000759959 -1.1099999994039536
v -0.764999994635582 1.0679999992400406 -0.8900000005960464
v -0.764999994635582 1.0679999992400406 -1.1099999994039536
v -1.035000005364418 1.100000000759959 -1.1099999994039536
v -1.035000005364418 1.100000000759959 -0.8900000005960464
v -1.035000005364418 1.0679999992400406 -1.1099999994039536
v -1.035000005364418 1.0679999992400406 -0.8900000005960464
v -1.035000005364418 1.100000000759959 -1.1099999994039536
v -0.764999994635582 1.100000000759959 -1.1099999994039536
v -1.035000005364418 1.100000000759959 -0.8900000005960464
v -0.764999994635582 1.100000000759959 -0.8900000005960464
v -1.035000005364418 1.0679999992400406 -0.8900000005960464
v -0.764999994635582 1.0679999992400406 -0.8900000005960464
v -1.035000005364418 1.0679999992400406 -1.1099999994039536
v -0.764999994635582 1.0679999992400406 -1.1099999994039536
v -1.035000005364418 1.100000000759959 -0.8900000005960464
v -0.764999994635582 1.100000000759959 -0.8900000005960464
v -1.035000005364418 1.0679999992400406 -0.8900000005960464
v -0.764999994635582 1.0679999992400406 -0.8900000005960464
v -0.764999994635582 1.100000000759959 -1.1099999994039536
v -1.035000005364418 1.100000000759959 -1.1099999994039536
v -0.764999994635582 1.0679999992400406 -1.1099999994039536
v -1.035000005364418 1.0679999992400406 -1.1099999994039536
vt 0 1
vt 1 1
vt 0 0
vt 1 0
vt 0 1
vt 1 1
vt 0 0
vt 1 0
vt 0 1
vt 1 1
vt 0 0
vt 1 0
vt 0 1
vt 1 1
vt 0 0
vt 1 0
vt 0 1
vt 1 1
vt 0 0
vt 1 0
vt 0 1
vt 1 1
vt 0 0
vt 1 0
vn 1 0 0
vn 1 0 0
vn 1 0 0
vn 1 0 0
vn -1 0 0
vn -1 0 0
vn -1 0 0
vn -1 0 0
vn 0 1 0
vn 0 1 0
vn 0 1 0
vn 0 1 0
vn 0 -1 0
vn 0 -1 0
vn 0 -1 0
vn 0 -1 0
vn 0 0 1
vn 0 0 1
vn 0 0 1
vn 0 0 1
vn 0 0 -1
vn 0 0 -1
vn 0 0 -1
vn 0 0 -1
f 6077/6077/6077 6079/6079/6079 6078/6078/6078
f 6079/6079/6079 6080/6080/6080 6078/6078/6078
f 6081/6081/6081 6083/6083/6083 6082/6082/6082
f 6083/6083/6083 6084/6084/6084 6082/6082/6082
f 6085/6085/6085 6087/6087/6087 6086/6086/6086
f 6087/6087/6087 6088/6088/6088 6086/6086/6086
f 6089/6089/6089 6091/6091/6091 6090/6090/6090
f 6091/6091/6091 6092/6092/6092 6090/6090/6090
f 6093/6093/6093 6095/6095/6095 6094/6094/6094
f 6095/6095/6095 6096/6096/6096 6094/6094/6094
f 6097/6097/6097 6099/6099/6099 6098/6098/6098
f 6099/6099/6099 6100/6100/6100 6098/6098/6098
o eq6_u280_urine_analyser_panel
usemtl screen
v -0.9060000013411045 1.0559999994337559 -1.1249999998137354
v -0.9060000013411045 1.0559999994337559 -1.1500000001862645
v -0.9060000013411045 0.9720000005662441 -1.1249999998137354
v -0.9060000013411045 0.9720000005662441 -1.1500000001862645
v -1.0259999986588955 1.0559999994337559 -1.1500000001862645
v -1.0259999986588955 1.0559999994337559 -1.1249999998137354
v -1.0259999986588955 0.9720000005662441 -1.1500000001862645
v -1.0259999986588955 0.9720000005662441 -1.1249999998137354
v -1.0259999986588955 1.0559999994337559 -1.1500000001862645
v -0.9060000013411045 1.0559999994337559 -1.1500000001862645
v -1.0259999986588955 1.0559999994337559 -1.1249999998137354
v -0.9060000013411045 1.0559999994337559 -1.1249999998137354
v -1.0259999986588955 0.9720000005662441 -1.1249999998137354
v -0.9060000013411045 0.9720000005662441 -1.1249999998137354
v -1.0259999986588955 0.9720000005662441 -1.1500000001862645
v -0.9060000013411045 0.9720000005662441 -1.1500000001862645
v -1.0259999986588955 1.0559999994337559 -1.1249999998137354
v -0.9060000013411045 1.0559999994337559 -1.1249999998137354
v -1.0259999986588955 0.9720000005662441 -1.1249999998137354
v -0.9060000013411045 0.9720000005662441 -1.1249999998137354
v -0.9060000013411045 1.0559999994337559 -1.1500000001862645
v -1.0259999986588955 1.0559999994337559 -1.1500000001862645
v -0.9060000013411045 0.9720000005662441 -1.1500000001862645
v -1.0259999986588955 0.9720000005662441 -1.1500000001862645
vt 0 1
vt 1 1
vt 0 0
vt 1 0
vt 0 1
vt 1 1
vt 0 0
vt 1 0
vt 0 1
vt 1 1
vt 0 0
vt 1 0
vt 0 1
vt 1 1
vt 0 0
vt 1 0
vt 0 1
vt 1 1
vt 0 0
vt 1 0
vt 0 1
vt 1 1
vt 0 0
vt 1 0
vn 1 0 0
vn 1 0 0
vn 1 0 0
vn 1 0 0
vn -1 0 0
vn -1 0 0
vn -1 0 0
vn -1 0 0
vn 0 1 0
vn 0 1 0
vn 0 1 0
vn 0 1 0
vn 0 -1 0
vn 0 -1 0
vn 0 -1 0
vn 0 -1 0
vn 0 0 1
vn 0 0 1
vn 0 0 1
vn 0 0 1
vn 0 0 -1
vn 0 0 -1
vn 0 0 -1
vn 0 0 -1
f 6101/6101/6101 6103/6103/6103 6102/6102/6102
f 6103/6103/6103 6104/6104/6104 6102/6102/6102
f 6105/6105/6105 6107/6107/6107 6106/6106/6106
f 6107/6107/6107 6108/6108/6108 6106/6106/6106
f 6109/6109/6109 6111/6111/6111 6110/6110/6110
f 6111/6111/6111 6112/6112/6112 6110/6110/6110
f 6113/6113/6113 6115/6115/6115 6114/6114/6114
f 6115/6115/6115 6116/6116/6116 6114/6114/6114
f 6117/6117/6117 6119/6119/6119 6118/6118/6118
f 6119/6119/6119 6120/6120/6120 6118/6118/6118
f 6121/6121/6121 6123/6123/6123 6122/6122/6122
f 6123/6123/6123 6124/6124/6124 6122/6122/6122
o eq7_remi_r8c_plus_centrifuge_base
usemtl equip_dark
v -0.2699999976158142 0.9350000000745058 -0.6549999958276749
v -0.2699999976158142 0.9350000000745058 -1.1150000041723251
v -0.2699999976158142 0.8999999999254942 -0.6549999958276749
v -0.2699999976158142 0.8999999999254942 -1.1150000041723251
v -0.6400000023841859 0.9350000000745058 -1.1150000041723251
v -0.6400000023841859 0.9350000000745058 -0.6549999958276749
v -0.6400000023841859 0.8999999999254942 -1.1150000041723251
v -0.6400000023841859 0.8999999999254942 -0.6549999958276749
v -0.6400000023841859 0.9350000000745058 -1.1150000041723251
v -0.2699999976158142 0.9350000000745058 -1.1150000041723251
v -0.6400000023841859 0.9350000000745058 -0.6549999958276749
v -0.2699999976158142 0.9350000000745058 -0.6549999958276749
v -0.6400000023841859 0.8999999999254942 -0.6549999958276749
v -0.2699999976158142 0.8999999999254942 -0.6549999958276749
v -0.6400000023841859 0.8999999999254942 -1.1150000041723251
v -0.2699999976158142 0.8999999999254942 -1.1150000041723251
v -0.6400000023841859 0.9350000000745058 -0.6549999958276749
v -0.2699999976158142 0.9350000000745058 -0.6549999958276749
v -0.6400000023841859 0.8999999999254942 -0.6549999958276749
v -0.2699999976158142 0.8999999999254942 -0.6549999958276749
v -0.2699999976158142 0.9350000000745058 -1.1150000041723251
v -0.6400000023841859 0.9350000000745058 -1.1150000041723251
v -0.2699999976158142 0.8999999999254942 -1.1150000041723251
v -0.6400000023841859 0.8999999999254942 -1.1150000041723251
vt 0 1
vt 1 1
vt 0 0
vt 1 0
vt 0 1
vt 1 1
vt 0 0
vt 1 0
vt 0 1
vt 1 1
vt 0 0
vt 1 0
vt 0 1
vt 1 1
vt 0 0
vt 1 0
vt 0 1
vt 1 1
vt 0 0
vt 1 0
vt 0 1
vt 1 1
vt 0 0
vt 1 0
vn 1 0 0
vn 1 0 0
vn 1 0 0
vn 1 0 0
vn -1 0 0
vn -1 0 0
vn -1 0 0
vn -1 0 0
vn 0 1 0
vn 0 1 0
vn 0 1 0
vn 0 1 0
vn 0 -1 0
vn 0 -1 0
vn 0 -1 0
vn 0 -1 0
vn 0 0 1
vn 0 0 1
vn 0 0 1
vn 0 0 1
vn 0 0 -1
vn 0 0 -1
vn 0 0 -1
vn 0 0 -1
f 6125/6125/6125 6127/6127/6127 6126/6126/6126
f 6127/6127/6127 6128/6128/6128 6126/6126/6126
f 6129/6129/6129 6131/6131/6131 6130/6130/6130
f 6131/6131/6131 6132/6132/6132 6130/6130/6130
f 6133/6133/6133 6135/6135/6135 6134/6134/6134
f 6135/6135/6135 6136/6136/6136 6134/6134/6134
f 6137/6137/6137 6139/6139/6139 6138/6138/6138
f 6139/6139/6139 6140/6140/6140 6138/6138/6138
f 6141/6141/6141 6143/6143/6143 6142/6142/6142
f 6143/6143/6143 6144/6144/6144 6142/6142/6142
f 6145/6145/6145 6147/6147/6147 6146/6146/6146
f 6147/6147/6147 6148/6148/6148 6146/6146/6146
o eq7_remi_r8c_plus_centrifuge_body
usemtl equip_body
v -0.2600000071525574 1.1435999997735025 -0.645000005364418
v -0.2600000071525574 1.1435999997735025 -1.124999994635582
v -0.2600000071525574 0.9350000002264978 -0.645000005364418
v -0.2600000071525574 0.9350000002264978 -1.124999994635582
v -0.6499999928474427 1.1435999997735025 -1.124999994635582
v -0.6499999928474427 1.1435999997735025 -0.645000005364418
v -0.6499999928474427 0.9350000002264978 -1.124999994635582
v -0.6499999928474427 0.9350000002264978 -0.645000005364418
v -0.6499999928474427 1.1435999997735025 -1.124999994635582
v -0.2600000071525574 1.1435999997735025 -1.124999994635582
v -0.6499999928474427 1.1435999997735025 -0.645000005364418
v -0.2600000071525574 1.1435999997735025 -0.645000005364418
v -0.6499999928474427 0.9350000002264978 -0.645000005364418
v -0.2600000071525574 0.9350000002264978 -0.645000005364418
v -0.6499999928474427 0.9350000002264978 -1.124999994635582
v -0.2600000071525574 0.9350000002264978 -1.124999994635582
v -0.6499999928474427 1.1435999997735025 -0.645000005364418
v -0.2600000071525574 1.1435999997735025 -0.645000005364418
v -0.6499999928474427 0.9350000002264978 -0.645000005364418
v -0.2600000071525574 0.9350000002264978 -0.645000005364418
v -0.2600000071525574 1.1435999997735025 -1.124999994635582
v -0.6499999928474427 1.1435999997735025 -1.124999994635582
v -0.2600000071525574 0.9350000002264978 -1.124999994635582
v -0.6499999928474427 0.9350000002264978 -1.124999994635582
vt 0 1
vt 1 1
vt 0 0
vt 1 0
vt 0 1
vt 1 1
vt 0 0
vt 1 0
vt 0 1
vt 1 1
vt 0 0
vt 1 0
vt 0 1
vt 1 1
vt 0 0
vt 1 0
vt 0 1
vt 1 1
vt 0 0
vt 1 0
vt 0 1
vt 1 1
vt 0 0
vt 1 0
vn 1 0 0
vn 1 0 0
vn 1 0 0
vn 1 0 0
vn -1 0 0
vn -1 0 0
vn -1 0 0
vn -1 0 0
vn 0 1 0
vn 0 1 0
vn 0 1 0
vn 0 1 0
vn 0 -1 0
vn 0 -1 0
vn 0 -1 0
vn 0 -1 0
vn 0 0 1
vn 0 0 1
vn 0 0 1
vn 0 0 1
vn 0 0 -1
vn 0 0 -1
vn 0 0 -1
vn 0 0 -1
f 6149/6149/6149 6151/6151/6151 6150/6150/6150
f 6151/6151/6151 6152/6152/6152 6150/6150/6150
f 6153/6153/6153 6155/6155/6155 6154/6154/6154
f 6155/6155/6155 6156/6156/6156 6154/6154/6154
f 6157/6157/6157 6159/6159/6159 6158/6158/6158
f 6159/6159/6159 6160/6160/6160 6158/6158/6158
f 6161/6161/6161 6163/6163/6163 6162/6162/6162
f 6163/6163/6163 6164/6164/6164 6162/6162/6162
f 6165/6165/6165 6167/6167/6167 6166/6166/6166
f 6167/6167/6167 6168/6168/6168 6166/6166/6166
f 6169/6169/6169 6171/6171/6171 6170/6170/6170
f 6171/6171/6171 6172/6172/6172 6170/6170/6170
o eq7_remi_r8c_plus_centrifuge_top
usemtl equip_top
v -0.27499999284744264 1.1899999997049568 -0.6600000059604645
v -0.27499999284744264 1.1899999997049568 -1.1099999940395355
v -0.27499999284744264 1.1436000002950428 -0.6600000059604645
v -0.27499999284744264 1.1436000002950428 -1.1099999940395355
v -0.6350000071525574 1.1899999997049568 -1.1099999940395355
v -0.6350000071525574 1.1899999997049568 -0.6600000059604645
v -0.6350000071525574 1.1436000002950428 -1.1099999940395355
v -0.6350000071525574 1.1436000002950428 -0.6600000059604645
v -0.6350000071525574 1.1899999997049568 -1.1099999940395355
v -0.27499999284744264 1.1899999997049568 -1.1099999940395355
v -0.6350000071525574 1.1899999997049568 -0.6600000059604645
v -0.27499999284744264 1.1899999997049568 -0.6600000059604645
v -0.6350000071525574 1.1436000002950428 -0.6600000059604645
v -0.27499999284744264 1.1436000002950428 -0.6600000059604645
v -0.6350000071525574 1.1436000002950428 -1.1099999940395355
v -0.27499999284744264 1.1436000002950428 -1.1099999940395355
v -0.6350000071525574 1.1899999997049568 -0.6600000059604645
v -0.27499999284744264 1.1899999997049568 -0.6600000059604645
v -0.6350000071525574 1.1436000002950428 -0.6600000059604645
v -0.27499999284744264 1.1436000002950428 -0.6600000059604645
v -0.27499999284744264 1.1899999997049568 -1.1099999940395355
v -0.6350000071525574 1.1899999997049568 -1.1099999940395355
v -0.27499999284744264 1.1436000002950428 -1.1099999940395355
v -0.6350000071525574 1.1436000002950428 -1.1099999940395355
vt 0 1
vt 1 1
vt 0 0
vt 1 0
vt 0 1
vt 1 1
vt 0 0
vt 1 0
vt 0 1
vt 1 1
vt 0 0
vt 1 0
vt 0 1
vt 1 1
vt 0 0
vt 1 0
vt 0 1
vt 1 1
vt 0 0
vt 1 0
vt 0 1
vt 1 1
vt 0 0
vt 1 0
vn 1 0 0
vn 1 0 0
vn 1 0 0
vn 1 0 0
vn -1 0 0
vn -1 0 0
vn -1 0 0
vn -1 0 0
vn 0 1 0
vn 0 1 0
vn 0 1 0
vn 0 1 0
vn 0 -1 0
vn 0 -1 0
vn 0 -1 0
vn 0 -1 0
vn 0 0 1
vn 0 0 1
vn 0 0 1
vn 0 0 1
vn 0 0 -1
vn 0 0 -1
vn 0 0 -1
vn 0 0 -1
f 6173/6173/6173 6175/6175/6175 6174/6174/6174
f 6175/6175/6175 6176/6176/6176 6174/6174/6174
f 6177/6177/6177 6179/6179/6179 6178/6178/6178
f 6179/6179/6179 6180/6180/6180 6178/6178/6178
f 6181/6181/6181 6183/6183/6183 6182/6182/6182
f 6183/6183/6183 6184/6184/6184 6182/6182/6182
f 6185/6185/6185 6187/6187/6187 6186/6186/6186
f 6187/6187/6187 6188/6188/6188 6186/6186/6186
f 6189/6189/6189 6191/6191/6191 6190/6190/6190
f 6191/6191/6191 6192/6192/6192 6190/6190/6190
f 6193/6193/6193 6195/6195/6195 6194/6194/6194
f 6195/6195/6195 6196/6196/6196 6194/6194/6194
o eq7_remi_r8c_plus_centrifuge_panel
usemtl screen
v -0.4627999983906744 1.1261999989926814 -1.1249999998137354
v -0.4627999983906744 1.1261999989926814 -1.1500000001862645
v -0.4627999983906744 1.0044000010073184 -1.1249999998137354
v -0.4627999983906744 1.0044000010073184 -1.1500000001862645
v -0.6188000016093252 1.1261999989926814 -1.1500000001862645
v -0.6188000016093252 1.1261999989926814 -1.1249999998137354
v -0.6188000016093252 1.0044000010073184 -1.1500000001862645
v -0.6188000016093252 1.0044000010073184 -1.1249999998137354
v -0.6188000016093252 1.1261999989926814 -1.1500000001862645
v -0.4627999983906744 1.1261999989926814 -1.1500000001862645
v -0.6188000016093252 1.1261999989926814 -1.1249999998137354
v -0.4627999983906744 1.1261999989926814 -1.1249999998137354
v -0.6188000016093252 1.0044000010073184 -1.1249999998137354
v -0.4627999983906744 1.0044000010073184 -1.1249999998137354
v -0.6188000016093252 1.0044000010073184 -1.1500000001862645
v -0.4627999983906744 1.0044000010073184 -1.1500000001862645
v -0.6188000016093252 1.1261999989926814 -1.1249999998137354
v -0.4627999983906744 1.1261999989926814 -1.1249999998137354
v -0.6188000016093252 1.0044000010073184 -1.1249999998137354
v -0.4627999983906744 1.0044000010073184 -1.1249999998137354
v -0.4627999983906744 1.1261999989926814 -1.1500000001862645
v -0.6188000016093252 1.1261999989926814 -1.1500000001862645
v -0.4627999983906744 1.0044000010073184 -1.1500000001862645
v -0.6188000016093252 1.0044000010073184 -1.1500000001862645
vt 0 1
vt 1 1
vt 0 0
vt 1 0
vt 0 1
vt 1 1
vt 0 0
vt 1 0
vt 0 1
vt 1 1
vt 0 0
vt 1 0
vt 0 1
vt 1 1
vt 0 0
vt 1 0
vt 0 1
vt 1 1
vt 0 0
vt 1 0
vt 0 1
vt 1 1
vt 0 0
vt 1 0
vn 1 0 0
vn 1 0 0
vn 1 0 0
vn 1 0 0
vn -1 0 0
vn -1 0 0
vn -1 0 0
vn -1 0 0
vn 0 1 0
vn 0 1 0
vn 0 1 0
vn 0 1 0
vn 0 -1 0
vn 0 -1 0
vn 0 -1 0
vn 0 -1 0
vn 0 0 1
vn 0 0 1
vn 0 0 1
vn 0 0 1
vn 0 0 -1
vn 0 0 -1
vn 0 0 -1
vn 0 0 -1
f 6197/6197/6197 6199/6199/6199 6198/6198/6198
f 6199/6199/6199 6200/6200/6200 6198/6198/6198
f 6201/6201/6201 6203/6203/6203 6202/6202/6202
f 6203/6203/6203 6204/6204/6204 6202/6202/6202
f 6205/6205/6205 6207/6207/6207 6206/6206/6206
f 6207/6207/6207 6208/6208/6208 6206/6206/6206
f 6209/6209/6209 6211/6211/6211 6210/6210/6210
f 6211/6211/6211 6212/6212/6212 6210/6210/6210
f 6213/6213/6213 6215/6215/6215 6214/6214/6214
f 6215/6215/6215 6216/6216/6216 6214/6214/6214
f 6217/6217/6217 6219/6219/6219 6218/6218/6218
f 6219/6219/6219 6220/6220/6220 6218/6218/6218
o eq7_centrifuge_lid
usemtl equip_top
v -0.46 1.240000000372529 -0.7349999940395355
v -0.43073645144701006 1.240000000372529 -0.7378822064399719
v -0.4025974860787392 1.240000000372529 -0.7464180684089661
v -0.37666446626186373 1.240000000372529 -0.7602795606851578
v -0.3539339816570282 1.240000000372529 -0.7789339816570282
v -0.3352795606851578 1.240000000372529 -0.8016644662618637
v -0.3214180684089661 1.240000000372529 -0.8275974860787392
v -0.31288220643997194 1.240000000372529 -0.85573645144701
v -0.30999999403953554 1.240000000372529 -0.885
v -0.31288220643997194 1.240000000372529 -0.91426354855299
v -0.3214180684089661 1.240000000372529 -0.9424025139212608
v -0.3352795606851578 1.240000000372529 -0.9683355337381363
v -0.3539339816570282 1.240000000372529 -0.9910660183429718
v -0.37666446626186373 1.240000000372529 -1.0097204393148422
v -0.4025974860787392 1.240000000372529 -1.023581931591034
v -0.43073645144701006 1.240000000372529 -1.032117793560028
v -0.46 1.240000000372529 -1.0350000059604645
v -0.48926354855299 1.240000000372529 -1.032117793560028
v -0.5174025139212608 1.240000000372529 -1.023581931591034
v -0.5433355337381363 1.240000000372529 -1.0097204393148422
v -0.5660660183429718 1.240000000372529 -0.9910660183429718
v -0.5847204393148422 1.240000000372529 -0.9683355337381363
v -0.5985819315910339 1.240000000372529 -0.9424025139212608
v -0.607117793560028 1.240000000372529 -0.91426354855299
v -0.6100000059604644 1.240000000372529 -0.885
v -0.607117793560028 1.240000000372529 -0.85573645144701
v -0.5985819315910339 1.240000000372529 -0.8275974860787392
v -0.5847204393148422 1.240000000372529 -0.8016644662618637
v -0.5660660183429718 1.240000000372529 -0.7789339816570282
v -0.5433355337381363 1.240000000372529 -0.7602795606851578
v -0.5174025139212608 1.240000000372529 -0.7464180684089661
v -0.48926354855299 1.240000000372529 -0.7378822064399719
v -0.4600000000000001 1.240000000372529 -0.7349999940395355
v -0.46 1.189999999627471 -0.7349999940395355
v -0.43073645144701006 1.189999999627471 -0.7378822064399719
v -0.4025974860787392 1.189999999627471 -0.7464180684089661
v -0.37666446626186373 1.189999999627471 -0.7602795606851578
v -0.3539339816570282 1.189999999627471 -0.7789339816570282
v -0.3352795606851578 1.189999999627471 -0.8016644662618637
v -0.3214180684089661 1.189999999627471 -0.8275974860787392
v -0.31288220643997194 1.189999999627471 -0.85573645144701
v -0.30999999403953554 1.189999999627471 -0.885
v -0.31288220643997194 1.189999999627471 -0.91426354855299
v -0.3214180684089661 1.189999999627471 -0.9424025139212608
v -0.3352795606851578 1.189999999627471 -0.9683355337381363
v -0.3539339816570282 1.189999999627471 -0.9910660183429718
v -0.37666446626186373 1.189999999627471 -1.0097204393148422
v -0.4025974860787392 1.189999999627471 -1.023581931591034
v -0.43073645144701006 1.189999999627471 -1.032117793560028
v -0.46 1.189999999627471 -1.0350000059604645
v -0.48926354855299 1.189999999627471 -1.032117793560028
v -0.5174025139212608 1.189999999627471 -1.023581931591034
v -0.5433355337381363 1.189999999627471 -1.0097204393148422
v -0.5660660183429718 1.189999999627471 -0.9910660183429718
v -0.5847204393148422 1.189999999627471 -0.9683355337381363
v -0.5985819315910339 1.189999999627471 -0.9424025139212608
v -0.607117793560028 1.189999999627471 -0.91426354855299
v -0.6100000059604644 1.189999999627471 -0.885
v -0.607117793560028 1.189999999627471 -0.85573645144701
v -0.5985819315910339 1.189999999627471 -0.8275974860787392
v -0.5847204393148422 1.189999999627471 -0.8016644662618637
v -0.5660660183429718 1.189999999627471 -0.7789339816570282
v -0.5433355337381363 1.189999999627471 -0.7602795606851578
v -0.5174025139212608 1.189999999627471 -0.7464180684089661
v -0.48926354855299 1.189999999627471 -0.7378822064399719
v -0.4600000000000001 1.189999999627471 -0.7349999940395355
v -0.46 1.240000000372529 -0.885
v -0.46 1.240000000372529 -0.885
v -0.46 1.240000000372529 -0.885
v -0.46 1.240000000372529 -0.885
v -0.46 1.240000000372529 -0.885
v -0.46 1.240000000372529 -0.885
v -0.46 1.240000000372529 -0.885
v -0.46 1.240000000372529 -0.885
v -0.46 1.240000000372529 -0.885
v -0.46 1.240000000372529 -0.885
v -0.46 1.240000000372529 -0.885
v -0.46 1.240000000372529 -0.885
v -0.46 1.240000000372529 -0.885
v -0.46 1.240000000372529 -0.885
v -0.46 1.240000000372529 -0.885
v -0.46 1.240000000372529 -0.885
v -0.46 1.240000000372529 -0.885
v -0.46 1.240000000372529 -0.885
v -0.46 1.240000000372529 -0.885
v -0.46 1.240000000372529 -0.885
v -0.46 1.240000000372529 -0.885
v -0.46 1.240000000372529 -0.885
v -0.46 1.240000000372529 -0.885
v -0.46 1.240000000372529 -0.885
v -0.46 1.240000000372529 -0.885
v -0.46 1.240000000372529 -0.885
v -0.46 1.240000000372529 -0.885
v -0.46 1.240000000372529 -0.885
v -0.46 1.240000000372529 -0.885
v -0.46 1.240000000372529 -0.885
v -0.46 1.240000000372529 -0.885
v -0.46 1.240000000372529 -0.885
v -0.46 1.240000000372529 -0.7349999940395355
v -0.43073645144701006 1.240000000372529 -0.7378822064399719
v -0.4025974860787392 1.240000000372529 -0.7464180684089661
v -0.37666446626186373 1.240000000372529 -0.7602795606851578
v -0.3539339816570282 1.240000000372529 -0.7789339816570282
v -0.3352795606851578 1.240000000372529 -0.8016644662618637
v -0.3214180684089661 1.240000000372529 -0.8275974860787392
v -0.31288220643997194 1.240000000372529 -0.85573645144701
v -0.30999999403953554 1.240000000372529 -0.885
v -0.31288220643997194 1.240000000372529 -0.91426354855299
v -0.3214180684089661 1.240000000372529 -0.9424025139212608
v -0.3352795606851578 1.240000000372529 -0.9683355337381363
v -0.3539339816570282 1.240000000372529 -0.9910660183429718
v -0.37666446626186373 1.240000000372529 -1.0097204393148422
v -0.4025974860787392 1.240000000372529 -1.023581931591034
v -0.43073645144701006 1.240000000372529 -1.032117793560028
v -0.46 1.240000000372529 -1.0350000059604645
v -0.48926354855299 1.240000000372529 -1.032117793560028
v -0.5174025139212608 1.240000000372529 -1.023581931591034
v -0.5433355337381363 1.240000000372529 -1.0097204393148422
v -0.5660660183429718 1.240000000372529 -0.9910660183429718
v -0.5847204393148422 1.240000000372529 -0.9683355337381363
v -0.5985819315910339 1.240000000372529 -0.9424025139212608
v -0.607117793560028 1.240000000372529 -0.91426354855299
v -0.6100000059604644 1.240000000372529 -0.885
v -0.607117793560028 1.240000000372529 -0.85573645144701
v -0.5985819315910339 1.240000000372529 -0.8275974860787392
v -0.5847204393148422 1.240000000372529 -0.8016644662618637
v -0.5660660183429718 1.240000000372529 -0.7789339816570282
v -0.5433355337381363 1.240000000372529 -0.7602795606851578
v -0.5174025139212608 1.240000000372529 -0.7464180684089661
v -0.48926354855299 1.240000000372529 -0.7378822064399719
v -0.4600000000000001 1.240000000372529 -0.7349999940395355
v -0.46 1.189999999627471 -0.885
v -0.46 1.189999999627471 -0.885
v -0.46 1.189999999627471 -0.885
v -0.46 1.189999999627471 -0.885
v -0.46 1.189999999627471 -0.885
v -0.46 1.189999999627471 -0.885
v -0.46 1.189999999627471 -0.885
v -0.46 1.189999999627471 -0.885
v -0.46 1.189999999627471 -0.885
v -0.46 1.189999999627471 -0.885
v -0.46 1.189999999627471 -0.885
v -0.46 1.189999999627471 -0.885
v -0.46 1.189999999627471 -0.885
v -0.46 1.189999999627471 -0.885
v -0.46 1.189999999627471 -0.885
v -0.46 1.189999999627471 -0.885
v -0.46 1.189999999627471 -0.885
v -0.46 1.189999999627471 -0.885
v -0.46 1.189999999627471 -0.885
v -0.46 1.189999999627471 -0.885
v -0.46 1.189999999627471 -0.885
v -0.46 1.189999999627471 -0.885
v -0.46 1.189999999627471 -0.885
v -0.46 1.189999999627471 -0.885
v -0.46 1.189999999627471 -0.885
v -0.46 1.189999999627471 -0.885
v -0.46 1.189999999627471 -0.885
v -0.46 1.189999999627471 -0.885
v -0.46 1.189999999627471 -0.885
v -0.46 1.189999999627471 -0.885
v -0.46 1.189999999627471 -0.885
v -0.46 1.189999999627471 -0.885
v -0.46 1.189999999627471 -0.7349999940395355
v -0.43073645144701006 1.189999999627471 -0.7378822064399719
v -0.4025974860787392 1.189999999627471 -0.7464180684089661
v -0.37666446626186373 1.189999999627471 -0.7602795606851578
v -0.3539339816570282 1.189999999627471 -0.7789339816570282
v -0.3352795606851578 1.189999999627471 -0.8016644662618637
v -0.3214180684089661 1.189999999627471 -0.8275974860787392
v -0.31288220643997194 1.189999999627471 -0.85573645144701
v -0.30999999403953554 1.189999999627471 -0.885
v -0.31288220643997194 1.189999999627471 -0.91426354855299
v -0.3214180684089661 1.189999999627471 -0.9424025139212608
v -0.3352795606851578 1.189999999627471 -0.9683355337381363
v -0.3539339816570282 1.189999999627471 -0.9910660183429718
v -0.37666446626186373 1.189999999627471 -1.0097204393148422
v -0.4025974860787392 1.189999999627471 -1.023581931591034
v -0.43073645144701006 1.189999999627471 -1.032117793560028
v -0.46 1.189999999627471 -1.0350000059604645
v -0.48926354855299 1.189999999627471 -1.032117793560028
v -0.5174025139212608 1.189999999627471 -1.023581931591034
v -0.5433355337381363 1.189999999627471 -1.0097204393148422
v -0.5660660183429718 1.189999999627471 -0.9910660183429718
v -0.5847204393148422 1.189999999627471 -0.9683355337381363
v -0.5985819315910339 1.189999999627471 -0.9424025139212608
v -0.607117793560028 1.189999999627471 -0.91426354855299
v -0.6100000059604644 1.189999999627471 -0.885
v -0.607117793560028 1.189999999627471 -0.85573645144701
v -0.5985819315910339 1.189999999627471 -0.8275974860787392
v -0.5847204393148422 1.189999999627471 -0.8016644662618637
v -0.5660660183429718 1.189999999627471 -0.7789339816570282
v -0.5433355337381363 1.189999999627471 -0.7602795606851578
v -0.5174025139212608 1.189999999627471 -0.7464180684089661
v -0.48926354855299 1.189999999627471 -0.7378822064399719
v -0.4600000000000001 1.189999999627471 -0.7349999940395355
vt 0 1
vt 0.03125 1
vt 0.0625 1
vt 0.09375 1
vt 0.125 1
vt 0.15625 1
vt 0.1875 1
vt 0.21875 1
vt 0.25 1
vt 0.28125 1
vt 0.3125 1
vt 0.34375 1
vt 0.375 1
vt 0.40625 1
vt 0.4375 1
vt 0.46875 1
vt 0.5 1
vt 0.53125 1
vt 0.5625 1
vt 0.59375 1
vt 0.625 1
vt 0.65625 1
vt 0.6875 1
vt 0.71875 1
vt 0.75 1
vt 0.78125 1
vt 0.8125 1
vt 0.84375 1
vt 0.875 1
vt 0.90625 1
vt 0.9375 1
vt 0.96875 1
vt 1 1
vt 0 0
vt 0.03125 0
vt 0.0625 0
vt 0.09375 0
vt 0.125 0
vt 0.15625 0
vt 0.1875 0
vt 0.21875 0
vt 0.25 0
vt 0.28125 0
vt 0.3125 0
vt 0.34375 0
vt 0.375 0
vt 0.40625 0
vt 0.4375 0
vt 0.46875 0
vt 0.5 0
vt 0.53125 0
vt 0.5625 0
vt 0.59375 0
vt 0.625 0
vt 0.65625 0
vt 0.6875 0
vt 0.71875 0
vt 0.75 0
vt 0.78125 0
vt 0.8125 0
vt 0.84375 0
vt 0.875 0
vt 0.90625 0
vt 0.9375 0
vt 0.96875 0
vt 1 0
vt 0.5 0.5
vt 0.5 0.5
vt 0.5 0.5
vt 0.5 0.5
vt 0.5 0.5
vt 0.5 0.5
vt 0.5 0.5
vt 0.5 0.5
vt 0.5 0.5
vt 0.5 0.5
vt 0.5 0.5
vt 0.5 0.5
vt 0.5 0.5
vt 0.5 0.5
vt 0.5 0.5
vt 0.5 0.5
vt 0.5 0.5
vt 0.5 0.5
vt 0.5 0.5
vt 0.5 0.5
vt 0.5 0.5
vt 0.5 0.5
vt 0.5 0.5
vt 0.5 0.5
vt 0.5 0.5
vt 0.5 0.5
vt 0.5 0.5
vt 0.5 0.5
vt 0.5 0.5
vt 0.5 0.5
vt 0.5 0.5
vt 0.5 0.5
vt 1 0.5
vt 0.9903926253318787 0.5975451469421387
vt 0.9619397521018982 0.6913416981697083
vt 0.9157348275184631 0.7777851223945618
vt 0.8535534143447876 0.8535534143447876
vt 0.7777851223945618 0.9157348275184631
vt 0.6913416981697083 0.9619397521018982
vt 0.5975451469421387 0.9903926253318787
vt 0.5 1
vt 0.40245485305786133 0.9903926253318787
vt 0.30865827202796936 0.9619397521018982
vt 0.22221487760543823 0.9157348275184631
vt 0.1464466154575348 0.8535534143447876
vt 0.08426519483327866 0.7777851223945618
vt 0.03806023299694061 0.6913416981697083
vt 0.009607359766960144 0.5975451469421387
vt 0 0.5
vt 0.009607359766960144 0.40245485305786133
vt 0.03806023299694061 0.30865827202796936
vt 0.08426519483327866 0.22221487760543823
vt 0.1464466154575348 0.1464466154575348
vt 0.22221487760543823 0.08426519483327866
vt 0.30865827202796936 0.03806023299694061
vt 0.40245485305786133 0.009607359766960144
vt 0.5 0
vt 0.5975451469421387 0.009607359766960144
vt 0.6913416981697083 0.03806023299694061
vt 0.7777851223945618 0.08426519483327866
vt 0.8535534143447876 0.1464466154575348
vt 0.9157348275184631 0.22221487760543823
vt 0.9619397521018982 0.30865827202796936
vt 0.9903926253318787 0.40245485305786133
vt 1 0.5
vt 0.5 0.5
vt 0.5 0.5
vt 0.5 0.5
vt 0.5 0.5
vt 0.5 0.5
vt 0.5 0.5
vt 0.5 0.5
vt 0.5 0.5
vt 0.5 0.5
vt 0.5 0.5
vt 0.5 0.5
vt 0.5 0.5
vt 0.5 0.5
vt 0.5 0.5
vt 0.5 0.5
vt 0.5 0.5
vt 0.5 0.5
vt 0.5 0.5
vt 0.5 0.5
vt 0.5 0.5
vt 0.5 0.5
vt 0.5 0.5
vt 0.5 0.5
vt 0.5 0.5
vt 0.5 0.5
vt 0.5 0.5
vt 0.5 0.5
vt 0.5 0.5
vt 0.5 0.5
vt 0.5 0.5
vt 0.5 0.5
vt 0.5 0.5
vt 1 0.5
vt 0.9903926253318787 0.40245485305786133
vt 0.9619397521018982 0.30865827202796936
vt 0.9157348275184631 0.22221487760543823
vt 0.8535534143447876 0.1464466154575348
vt 0.7777851223945618 0.08426519483327866
vt 0.6913416981697083 0.03806023299694061
vt 0.5975451469421387 0.009607359766960144
vt 0.5 0
vt 0.40245485305786133 0.009607359766960144
vt 0.30865827202796936 0.03806023299694061
vt 0.22221487760543823 0.08426519483327866
vt 0.1464466154575348 0.1464466154575348
vt 0.08426519483327866 0.22221487760543823
vt 0.03806023299694061 0.30865827202796936
vt 0.009607359766960144 0.40245485305786133
vt 0 0.5
vt 0.009607359766960144 0.5975451469421387
vt 0.03806023299694061 0.6913416981697083
vt 0.08426519483327866 0.7777851223945618
vt 0.1464466154575348 0.8535534143447876
vt 0.22221487760543823 0.9157348275184631
vt 0.30865827202796936 0.9619397521018982
vt 0.40245485305786133 0.9903926253318787
vt 0.5 1
vt 0.5975451469421387 0.9903926253318787
vt 0.6913416981697083 0.9619397521018982
vt 0.7777851223945618 0.9157348275184631
vt 0.8535534143447876 0.8535534143447876
vt 0.9157348275184631 0.7777851223945618
vt 0.9619397521018982 0.6913416981697083
vt 0.9903926253318787 0.5975451469421387
vt 1 0.5
vn 0 0 1
vn 0.19509032931342324 0 0.9807852789517083
vn 0.3826834370613369 0 0.9238795305660377
vn 0.555570248949409 0 0.8314696016585884
vn 0.7071067811865476 0 0.7071067811865476
vn 0.8314696016585884 0 0.555570248949409
vn 0.9238795305660377 0 0.3826834370613369
vn 0.9807852789517083 0 0.19509032931342324
vn 1 0 6.123234262925839e-17
vn 0.9807852789517083 0 -0.19509032931342324
vn 0.9238795305660377 0 -0.3826834370613369
vn 0.8314696016585884 0 -0.555570248949409
vn 0.7071067811865476 0 -0.7071067811865476
vn 0.555570248949409 0 -0.8314696016585884
vn 0.3826834370613369 0 -0.9238795305660377
vn 0.19509032931342324 0 -0.9807852789517083
vn 1.2246468525851679e-16 0 -1
vn -0.19509032931342324 0 -0.9807852789517083
vn -0.3826834370613369 0 -0.9238795305660377
vn -0.555570248949409 0 -0.8314696016585884
vn -0.7071067811865476 0 -0.7071067811865476
vn -0.8314696016585884 0 -0.555570248949409
vn -0.9238795305660377 0 -0.3826834370613369
vn -0.9807852789517083 0 -0.19509032931342324
vn -1 0 -1.8369701465288538e-16
vn -0.9807852789517083 0 0.19509032931342324
vn -0.9238795305660377 0 0.3826834370613369
vn -0.8314696016585884 0 0.555570248949409
vn -0.7071067811865476 0 0.7071067811865476
vn -0.555570248949409 0 0.8314696016585884
vn -0.3826834370613369 0 0.9238795305660377
vn -0.19509032931342324 0 0.9807852789517083
vn -2.4492937051703357e-16 0 1
vn 0 0 1
vn 0.19509032931342324 0 0.9807852789517083
vn 0.3826834370613369 0 0.9238795305660377
vn 0.555570248949409 0 0.8314696016585884
vn 0.7071067811865476 0 0.7071067811865476
vn 0.8314696016585884 0 0.555570248949409
vn 0.9238795305660377 0 0.3826834370613369
vn 0.9807852789517083 0 0.19509032931342324
vn 1 0 6.123234262925839e-17
vn 0.9807852789517083 0 -0.19509032931342324
vn 0.9238795305660377 0 -0.3826834370613369
vn 0.8314696016585884 0 -0.555570248949409
vn 0.7071067811865476 0 -0.7071067811865476
vn 0.555570248949409 0 -0.8314696016585884
vn 0.3826834370613369 0 -0.9238795305660377
vn 0.19509032931342324 0 -0.9807852789517083
vn 1.2246468525851679e-16 0 -1
vn -0.19509032931342324 0 -0.9807852789517083
vn -0.3826834370613369 0 -0.9238795305660377
vn -0.555570248949409 0 -0.8314696016585884
vn -0.7071067811865476 0 -0.7071067811865476
vn -0.8314696016585884 0 -0.555570248949409
vn -0.9238795305660377 0 -0.3826834370613369
vn -0.9807852789517083 0 -0.19509032931342324
vn -1 0 -1.8369701465288538e-16
vn -0.9807852789517083 0 0.19509032931342324
vn -0.9238795305660377 0 0.3826834370613369
vn -0.8314696016585884 0 0.555570248949409
vn -0.7071067811865476 0 0.7071067811865476
vn -0.555570248949409 0 0.8314696016585884
vn -0.3826834370613369 0 0.9238795305660377
vn -0.19509032931342324 0 0.9807852789517083
vn -2.4492937051703357e-16 0 1
vn 0 1 0
vn 0 1 0
vn 0 1 0
vn 0 1 0
vn 0 1 0
vn 0 1 0
vn 0 1 0
vn 0 1 0
vn 0 1 0
vn 0 1 0
vn 0 1 0
vn 0 1 0
vn 0 1 0
vn 0 1 0
vn 0 1 0
vn 0 1 0
vn 0 1 0
vn 0 1 0
vn 0 1 0
vn 0 1 0
vn 0 1 0
vn 0 1 0
vn 0 1 0
vn 0 1 0
vn 0 1 0
vn 0 1 0
vn 0 1 0
vn 0 1 0
vn 0 1 0
vn 0 1 0
vn 0 1 0
vn 0 1 0
vn 0 1 0
vn 0 1 0
vn 0 1 0
vn 0 1 0
vn 0 1 0
vn 0 1 0
vn 0 1 0
vn 0 1 0
vn 0 1 0
vn 0 1 0
vn 0 1 0
vn 0 1 0
vn 0 1 0
vn 0 1 0
vn 0 1 0
vn 0 1 0
vn 0 1 0
vn 0 1 0
vn 0 1 0
vn 0 1 0
vn 0 1 0
vn 0 1 0
vn 0 1 0
vn 0 1 0
vn 0 1 0
vn 0 1 0
vn 0 1 0
vn 0 1 0
vn 0 1 0
vn 0 1 0
vn 0 1 0
vn 0 1 0
vn 0 1 0
vn 0 -1 0
vn 0 -1 0
vn 0 -1 0
vn 0 -1 0
vn 0 -1 0
vn 0 -1 0
vn 0 -1 0
vn 0 -1 0
vn 0 -1 0
vn 0 -1 0
vn 0 -1 0
vn 0 -1 0
vn 0 -1 0
vn 0 -1 0
vn 0 -1 0
vn 0 -1 0
vn 0 -1 0
vn 0 -1 0
vn 0 -1 0
vn 0 -1 0
vn 0 -1 0
vn 0 -1 0
vn 0 -1 0
vn 0 -1 0
vn 0 -1 0
vn 0 -1 0
vn 0 -1 0
vn 0 -1 0
vn 0 -1 0
vn 0 -1 0
vn 0 -1 0
vn 0 -1 0
vn 0 -1 0
vn 0 -1 0
vn 0 -1 0
vn 0 -1 0
vn 0 -1 0
vn 0 -1 0
vn 0 -1 0
vn 0 -1 0
vn 0 -1 0
vn 0 -1 0
vn 0 -1 0
vn 0 -1 0
vn 0 -1 0
vn 0 -1 0
vn 0 -1 0
vn 0 -1 0
vn 0 -1 0
vn 0 -1 0
vn 0 -1 0
vn 0 -1 0
vn 0 -1 0
vn 0 -1 0
vn 0 -1 0
vn 0 -1 0
vn 0 -1 0
vn 0 -1 0
vn 0 -1 0
vn 0 -1 0
vn 0 -1 0
vn 0 -1 0
vn 0 -1 0
vn 0 -1 0
vn 0 -1 0
f 6221/6221/6221 6254/6254/6254 6222/6222/6222
f 6254/6254/6254 6255/6255/6255 6222/6222/6222
f 6222/6222/6222 6255/6255/6255 6223/6223/6223
f 6255/6255/6255 6256/6256/6256 6223/6223/6223
f 6223/6223/6223 6256/6256/6256 6224/6224/6224
f 6256/6256/6256 6257/6257/6257 6224/6224/6224
f 6224/6224/6224 6257/6257/6257 6225/6225/6225
f 6257/6257/6257 6258/6258/6258 6225/6225/6225
f 6225/6225/6225 6258/6258/6258 6226/6226/6226
f 6258/6258/6258 6259/6259/6259 6226/6226/6226
f 6226/6226/6226 6259/6259/6259 6227/6227/6227
f 6259/6259/6259 6260/6260/6260 6227/6227/6227
f 6227/6227/6227 6260/6260/6260 6228/6228/6228
f 6260/6260/6260 6261/6261/6261 6228/6228/6228
f 6228/6228/6228 6261/6261/6261 6229/6229/6229
f 6261/6261/6261 6262/6262/6262 6229/6229/6229
f 6229/6229/6229 6262/6262/6262 6230/6230/6230
f 6262/6262/6262 6263/6263/6263 6230/6230/6230
f 6230/6230/6230 6263/6263/6263 6231/6231/6231
f 6263/6263/6263 6264/6264/6264 6231/6231/6231
f 6231/6231/6231 6264/6264/6264 6232/6232/6232
f 6264/6264/6264 6265/6265/6265 6232/6232/6232
f 6232/6232/6232 6265/6265/6265 6233/6233/6233
f 6265/6265/6265 6266/6266/6266 6233/6233/6233
f 6233/6233/6233 6266/6266/6266 6234/6234/6234
f 6266/6266/6266 6267/6267/6267 6234/6234/6234
f 6234/6234/6234 6267/6267/6267 6235/6235/6235
f 6267/6267/6267 6268/6268/6268 6235/6235/6235
f 6235/6235/6235 6268/6268/6268 6236/6236/6236
f 6268/6268/6268 6269/6269/6269 6236/6236/6236
f 6236/6236/6236 6269/6269/6269 6237/6237/6237
f 6269/6269/6269 6270/6270/6270 6237/6237/6237
f 6237/6237/6237 6270/6270/6270 6238/6238/6238
f 6270/6270/6270 6271/6271/6271 6238/6238/6238
f 6238/6238/6238 6271/6271/6271 6239/6239/6239
f 6271/6271/6271 6272/6272/6272 6239/6239/6239
f 6239/6239/6239 6272/6272/6272 6240/6240/6240
f 6272/6272/6272 6273/6273/6273 6240/6240/6240
f 6240/6240/6240 6273/6273/6273 6241/6241/6241
f 6273/6273/6273 6274/6274/6274 6241/6241/6241
f 6241/6241/6241 6274/6274/6274 6242/6242/6242
f 6274/6274/6274 6275/6275/6275 6242/6242/6242
f 6242/6242/6242 6275/6275/6275 6243/6243/6243
f 6275/6275/6275 6276/6276/6276 6243/6243/6243
f 6243/6243/6243 6276/6276/6276 6244/6244/6244
f 6276/6276/6276 6277/6277/6277 6244/6244/6244
f 6244/6244/6244 6277/6277/6277 6245/6245/6245
f 6277/6277/6277 6278/6278/6278 6245/6245/6245
f 6245/6245/6245 6278/6278/6278 6246/6246/6246
f 6278/6278/6278 6279/6279/6279 6246/6246/6246
f 6246/6246/6246 6279/6279/6279 6247/6247/6247
f 6279/6279/6279 6280/6280/6280 6247/6247/6247
f 6247/6247/6247 6280/6280/6280 6248/6248/6248
f 6280/6280/6280 6281/6281/6281 6248/6248/6248
f 6248/6248/6248 6281/6281/6281 6249/6249/6249
f 6281/6281/6281 6282/6282/6282 6249/6249/6249
f 6249/6249/6249 6282/6282/6282 6250/6250/6250
f 6282/6282/6282 6283/6283/6283 6250/6250/6250
f 6250/6250/6250 6283/6283/6283 6251/6251/6251
f 6283/6283/6283 6284/6284/6284 6251/6251/6251
f 6251/6251/6251 6284/6284/6284 6252/6252/6252
f 6284/6284/6284 6285/6285/6285 6252/6252/6252
f 6252/6252/6252 6285/6285/6285 6253/6253/6253
f 6285/6285/6285 6286/6286/6286 6253/6253/6253
f 6319/6319/6319 6320/6320/6320 6287/6287/6287
f 6320/6320/6320 6321/6321/6321 6288/6288/6288
f 6321/6321/6321 6322/6322/6322 6289/6289/6289
f 6322/6322/6322 6323/6323/6323 6290/6290/6290
f 6323/6323/6323 6324/6324/6324 6291/6291/6291
f 6324/6324/6324 6325/6325/6325 6292/6292/6292
f 6325/6325/6325 6326/6326/6326 6293/6293/6293
f 6326/6326/6326 6327/6327/6327 6294/6294/6294
f 6327/6327/6327 6328/6328/6328 6295/6295/6295
f 6328/6328/6328 6329/6329/6329 6296/6296/6296
f 6329/6329/6329 6330/6330/6330 6297/6297/6297
f 6330/6330/6330 6331/6331/6331 6298/6298/6298
f 6331/6331/6331 6332/6332/6332 6299/6299/6299
f 6332/6332/6332 6333/6333/6333 6300/6300/6300
f 6333/6333/6333 6334/6334/6334 6301/6301/6301
f 6334/6334/6334 6335/6335/6335 6302/6302/6302
f 6335/6335/6335 6336/6336/6336 6303/6303/6303
f 6336/6336/6336 6337/6337/6337 6304/6304/6304
f 6337/6337/6337 6338/6338/6338 6305/6305/6305
f 6338/6338/6338 6339/6339/6339 6306/6306/6306
f 6339/6339/6339 6340/6340/6340 6307/6307/6307
f 6340/6340/6340 6341/6341/6341 6308/6308/6308
f 6341/6341/6341 6342/6342/6342 6309/6309/6309
f 6342/6342/6342 6343/6343/6343 6310/6310/6310
f 6343/6343/6343 6344/6344/6344 6311/6311/6311
f 6344/6344/6344 6345/6345/6345 6312/6312/6312
f 6345/6345/6345 6346/6346/6346 6313/6313/6313
f 6346/6346/6346 6347/6347/6347 6314/6314/6314
f 6347/6347/6347 6348/6348/6348 6315/6315/6315
f 6348/6348/6348 6349/6349/6349 6316/6316/6316
f 6349/6349/6349 6350/6350/6350 6317/6317/6317
f 6350/6350/6350 6351/6351/6351 6318/6318/6318
f 6385/6385/6385 6384/6384/6384 6352/6352/6352
f 6386/6386/6386 6385/6385/6385 6353/6353/6353
f 6387/6387/6387 6386/6386/6386 6354/6354/6354
f 6388/6388/6388 6387/6387/6387 6355/6355/6355
f 6389/6389/6389 6388/6388/6388 6356/6356/6356
f 6390/6390/6390 6389/6389/6389 6357/6357/6357
f 6391/6391/6391 6390/6390/6390 6358/6358/6358
f 6392/6392/6392 6391/6391/6391 6359/6359/6359
f 6393/6393/6393 6392/6392/6392 6360/6360/6360
f 6394/6394/6394 6393/6393/6393 6361/6361/6361
f 6395/6395/6395 6394/6394/6394 6362/6362/6362
f 6396/6396/6396 6395/6395/6395 6363/6363/6363
f 6397/6397/6397 6396/6396/6396 6364/6364/6364
f 6398/6398/6398 6397/6397/6397 6365/6365/6365
f 6399/6399/6399 6398/6398/6398 6366/6366/6366
f 6400/6400/6400 6399/6399/6399 6367/6367/6367
f 6401/6401/6401 6400/6400/6400 6368/6368/6368
f 6402/6402/6402 6401/6401/6401 6369/6369/6369
f 6403/6403/6403 6402/6402/6402 6370/6370/6370
f 6404/6404/6404 6403/6403/6403 6371/6371/6371
f 6405/6405/6405 6404/6404/6404 6372/6372/6372
f 6406/6406/6406 6405/6405/6405 6373/6373/6373
f 6407/6407/6407 6406/6406/6406 6374/6374/6374
f 6408/6408/6408 6407/6407/6407 6375/6375/6375
f 6409/6409/6409 6408/6408/6408 6376/6376/6376
f 6410/6410/6410 6409/6409/6409 6377/6377/6377
f 6411/6411/6411 6410/6410/6410 6378/6378/6378
f 6412/6412/6412 6411/6411/6411 6379/6379/6379
f 6413/6413/6413 6412/6412/6412 6380/6380/6380
f 6414/6414/6414 6413/6413/6413 6381/6381/6381
f 6415/6415/6415 6414/6414/6414 6382/6382/6382
f 6416/6416/6416 6415/6415/6415 6383/6383/6383
o eq8_microscope_base
usemtl equip_dark
v 0.10000000357627868 1.000000000745058 -0.8949999979138374
v 0.10000000357627868 1.000000000745058 -1.1250000020861626
v 0.10000000357627868 0.8999999992549419 -0.8949999979138374
v 0.10000000357627868 0.8999999992549419 -1.1250000020861626
v -0.08000000357627869 1.000000000745058 -1.1250000020861626
v -0.08000000357627869 1.000000000745058 -0.8949999979138374
v -0.08000000357627869 0.8999999992549419 -1.1250000020861626
v -0.08000000357627869 0.8999999992549419 -0.8949999979138374
v -0.08000000357627869 1.000000000745058 -1.1250000020861626
v 0.10000000357627868 1.000000000745058 -1.1250000020861626
v -0.08000000357627869 1.000000000745058 -0.8949999979138374
v 0.10000000357627868 1.000000000745058 -0.8949999979138374
v -0.08000000357627869 0.8999999992549419 -0.8949999979138374
v 0.10000000357627868 0.8999999992549419 -0.8949999979138374
v -0.08000000357627869 0.8999999992549419 -1.1250000020861626
v 0.10000000357627868 0.8999999992549419 -1.1250000020861626
v -0.08000000357627869 1.000000000745058 -0.8949999979138374
v 0.10000000357627868 1.000000000745058 -0.8949999979138374
v -0.08000000357627869 0.8999999992549419 -0.8949999979138374
v 0.10000000357627868 0.8999999992549419 -0.8949999979138374
v 0.10000000357627868 1.000000000745058 -1.1250000020861626
v -0.08000000357627869 1.000000000745058 -1.1250000020861626
v 0.10000000357627868 0.8999999992549419 -1.1250000020861626
v -0.08000000357627869 0.8999999992549419 -1.1250000020861626
vt 0 1
vt 1 1
vt 0 0
vt 1 0
vt 0 1
vt 1 1
vt 0 0
vt 1 0
vt 0 1
vt 1 1
vt 0 0
vt 1 0
vt 0 1
vt 1 1
vt 0 0
vt 1 0
vt 0 1
vt 1 1
vt 0 0
vt 1 0
vt 0 1
vt 1 1
vt 0 0
vt 1 0
vn 1 0 0
vn 1 0 0
vn 1 0 0
vn 1 0 0
vn -1 0 0
vn -1 0 0
vn -1 0 0
vn -1 0 0
vn 0 1 0
vn 0 1 0
vn 0 1 0
vn 0 1 0
vn 0 -1 0
vn 0 -1 0
vn 0 -1 0
vn 0 -1 0
vn 0 0 1
vn 0 0 1
vn 0 0 1
vn 0 0 1
vn 0 0 -1
vn 0 0 -1
vn 0 0 -1
vn 0 0 -1
f 6417/6417/6417 6419/6419/6419 6418/6418/6418
f 6419/6419/6419 6420/6420/6420 6418/6418/6418
f 6421/6421/6421 6423/6423/6423 6422/6422/6422
f 6423/6423/6423 6424/6424/6424 6422/6422/6422
f 6425/6425/6425 6427/6427/6427 6426/6426/6426
f 6427/6427/6427 6428/6428/6428 6426/6426/6426
f 6429/6429/6429 6431/6431/6431 6430/6430/6430
f 6431/6431/6431 6432/6432/6432 6430/6430/6430
f 6433/6433/6433 6435/6435/6435 6434/6434/6434
f 6435/6435/6435 6436/6436/6436 6434/6434/6434
f 6437/6437/6437 6439/6439/6439 6438/6438/6438
f 6439/6439/6439 6440/6440/6440 6438/6438/6438
o eq8_microscope_arm
usemtl equip_dark
v 0.10000000074505806 1.2199999994039536 -0.9049999992549419
v 0.10000000074505806 1.2199999994039536 -1.0050000007450581
v 0.10000000074505806 1.0000000005960465 -0.9049999992549419
v 0.10000000074505806 1.0000000005960465 -1.0050000007450581
v -7.450580569168253e-10 1.2199999994039536 -1.0050000007450581
v -7.450580569168253e-10 1.2199999994039536 -0.9049999992549419
v -7.450580569168253e-10 1.0000000005960465 -1.0050000007450581
v -7.450580569168253e-10 1.0000000005960465 -0.9049999992549419
v -7.450580569168253e-10 1.2199999994039536 -1.0050000007450581
v 0.10000000074505806 1.2199999994039536 -1.0050000007450581
v -7.450580569168253e-10 1.2199999994039536 -0.9049999992549419
v 0.10000000074505806 1.2199999994039536 -0.9049999992549419
v -7.450580569168253e-10 1.0000000005960465 -0.9049999992549419
v 0.10000000074505806 1.0000000005960465 -0.9049999992549419
v -7.450580569168253e-10 1.0000000005960465 -1.0050000007450581
v 0.10000000074505806 1.0000000005960465 -1.0050000007450581
v -7.450580569168253e-10 1.2199999994039536 -0.9049999992549419
v 0.10000000074505806 1.2199999994039536 -0.9049999992549419
v -7.450580569168253e-10 1.0000000005960465 -0.9049999992549419
v 0.10000000074505806 1.0000000005960465 -0.9049999992549419
v 0.10000000074505806 1.2199999994039536 -1.0050000007450581
v -7.450580569168253e-10 1.2199999994039536 -1.0050000007450581
v 0.10000000074505806 1.0000000005960465 -1.0050000007450581
v -7.450580569168253e-10 1.0000000005960465 -1.0050000007450581
vt 0 1
vt 1 1
vt 0 0
vt 1 0
vt 0 1
vt 1 1
vt 0 0
vt 1 0
vt 0 1
vt 1 1
vt 0 0
vt 1 0
vt 0 1
vt 1 1
vt 0 0
vt 1 0
vt 0 1
vt 1 1
vt 0 0
vt 1 0
vt 0 1
vt 1 1
vt 0 0
vt 1 0
vn 1 0 0
vn 1 0 0
vn 1 0 0
vn 1 0 0
vn -1 0 0
vn -1 0 0
vn -1 0 0
vn -1 0 0
vn 0 1 0
vn 0 1 0
vn 0 1 0
vn 0 1 0
vn 0 -1 0
vn 0 -1 0
vn 0 -1 0
vn 0 -1 0
vn 0 0 1
vn 0 0 1
vn 0 0 1
vn 0 0 1
vn 0 0 -1
vn 0 0 -1
vn 0 0 -1
vn 0 0 -1
f 6441/6441/6441 6443/6443/6443 6442/6442/6442
f 6443/6443/6443 6444/6444/6444 6442/6442/6442
f 6445/6445/6445 6447/6447/6447 6446/6446/6446
f 6447/6447/6447 6448/6448/6448 6446/6446/6446
f 6449/6449/6449 6451/6451/6451 6450/6450/6450
f 6451/6451/6451 6452/6452/6452 6450/6450/6450
f 6453/6453/6453 6455/6455/6455 6454/6454/6454
f 6455/6455/6455 6456/6456/6456 6454/6454/6454
f 6457/6457/6457 6459/6459/6459 6458/6458/6458
f 6459/6459/6459 6460/6460/6460 6458/6458/6458
f 6461/6461/6461 6463/6463/6463 6462/6462/6462
f 6463/6463/6463 6464/6464/6464 6462/6462/6462
o eq8_microscope_stage
usemtl steel
v 0.10000000357627868 1.0899999996647238 -0.9849999997019767
v 0.10000000357627868 1.0899999996647238 -1.1250000002980232
v 0.10000000357627868 1.060000000335276 -0.9849999997019767
v 0.10000000357627868 1.060000000335276 -1.1250000002980232
v -0.08000000357627869 1.0899999996647238 -1.1250000002980232
v -0.08000000357627869 1.0899999996647238 -0.9849999997019767
v -0.08000000357627869 1.060000000335276 -1.1250000002980232
v -0.08000000357627869 1.060000000335276 -0.9849999997019767
v -0.08000000357627869 1.0899999996647238 -1.1250000002980232
v 0.10000000357627868 1.0899999996647238 -1.1250000002980232
v -0.08000000357627869 1.0899999996647238 -0.9849999997019767
v 0.10000000357627868 1.0899999996647238 -0.9849999997019767
v -0.08000000357627869 1.060000000335276 -0.9849999997019767
v 0.10000000357627868 1.060000000335276 -0.9849999997019767
v -0.08000000357627869 1.060000000335276 -1.1250000002980232
v 0.10000000357627868 1.060000000335276 -1.1250000002980232
v -0.08000000357627869 1.0899999996647238 -0.9849999997019767
v 0.10000000357627868 1.0899999996647238 -0.9849999997019767
v -0.08000000357627869 1.060000000335276 -0.9849999997019767
v 0.10000000357627868 1.060000000335276 -0.9849999997019767
v 0.10000000357627868 1.0899999996647238 -1.1250000002980232
v -0.08000000357627869 1.0899999996647238 -1.1250000002980232
v 0.10000000357627868 1.060000000335276 -1.1250000002980232
v -0.08000000357627869 1.060000000335276 -1.1250000002980232
vt 0 1
vt 1 1
vt 0 0
vt 1 0
vt 0 1
vt 1 1
vt 0 0
vt 1 0
vt 0 1
vt 1 1
vt 0 0
vt 1 0
vt 0 1
vt 1 1
vt 0 0
vt 1 0
vt 0 1
vt 1 1
vt 0 0
vt 1 0
vt 0 1
vt 1 1
vt 0 0
vt 1 0
vn 1 0 0
vn 1 0 0
vn 1 0 0
vn 1 0 0
vn -1 0 0
vn -1 0 0
vn -1 0 0
vn -1 0 0
vn 0 1 0
vn 0 1 0
vn 0 1 0
vn 0 1 0
vn 0 -1 0
vn 0 -1 0
vn 0 -1 0
vn 0 -1 0
vn 0 0 1
vn 0 0 1
vn 0 0 1
vn 0 0 1
vn 0 0 -1
vn 0 0 -1
vn 0 0 -1
vn 0 0 -1
f 6465/6465/6465 6467/6467/6467 6466/6466/6466
f 6467/6467/6467 6468/6468/6468 6466/6466/6466
f 6469/6469/6469 6471/6471/6471 6470/6470/6470
f 6471/6471/6471 6472/6472/6472 6470/6470/6470
f 6473/6473/6473 6475/6475/6475 6474/6474/6474
f 6475/6475/6475 6476/6476/6476 6474/6474/6474
f 6477/6477/6477 6479/6479/6479 6478/6478/6478
f 6479/6479/6479 6480/6480/6480 6478/6478/6478
f 6481/6481/6481 6483/6483/6483 6482/6482/6482
f 6483/6483/6483 6484/6484/6484 6482/6482/6482
f 6485/6485/6485 6487/6487/6487 6486/6486/6486
f 6487/6487/6487 6488/6488/6488 6486/6486/6486
o eq8_microscope_head
usemtl equip_dark
v 0.01 1.2999999982118606 -0.9999999982118606
v 0.018779064752161505 1.2999999982118606 -1.0008646641671657
v 0.027220754176378252 1.2999999982118606 -1.0034254212677478
v 0.03500065974891186 1.2999999982118606 -1.007583865970373
v 0.04181980550289154 1.2999999982118606 -1.0131801944971084
v 0.04741613402962685 1.2999999982118606 -1.019999340251088
v 0.05157457873225212 1.2999999982118606 -1.0277792458236217
v 0.054135335832834246 1.2999999982118606 -1.0362209352478384
v 0.055000001788139345 1.2999999982118606 -1.045
v 0.054135335832834246 1.2999999982118606 -1.0537790647521614
v 0.05157457873225212 1.2999999982118606 -1.0622207541763782
v 0.04741613402962685 1.2999999982118606 -1.0700006597489118
v 0.04181980550289154 1.2999999982118606 -1.0768198055028915
v 0.03500065974891186 1.2999999982118606 -1.0824161340296268
v 0.027220754176378252 1.2999999982118606 -1.086574578732252
v 0.018779064752161505 1.2999999982118606 -1.0891353358328342
v 0.010000000000000005 1.2999999982118606 -1.0900000017881393
v 0.0012209352478384974 1.2999999982118606 -1.0891353358328342
v -0.00722075417637825 1.2999999982118606 -1.086574578732252
v -0.015000659748911857 1.2999999982118606 -1.0824161340296268
v -0.02181980550289154 1.2999999982118606 -1.0768198055028915
v -0.027416134029626844 1.2999999982118606 -1.0700006597489118
v -0.03157457873225212 1.2999999982118606 -1.0622207541763782
v -0.03413533583283424 1.2999999982118606 -1.0537790647521614
v -0.03500000178813934 1.2999999982118606 -1.045
v -0.03413533583283424 1.2999999982118606 -1.0362209352478384
v -0.03157457873225212 1.2999999982118606 -1.0277792458236217
v -0.027416134029626844 1.2999999982118606 -1.019999340251088
v -0.02181980550289154 1.2999999982118606 -1.0131801944971084
v -0.015000659748911857 1.2999999982118606 -1.007583865970373
v -0.00722075417637825 1.2999999982118606 -1.0034254212677478
v 0.0012209352478384974 1.2999999982118606 -1.0008646641671657
v 0.00999999999999999 1.2999999982118606 -0.9999999982118606
v 0.01 1.1400000017881393 -0.9999999982118606
v 0.018779064752161505 1.1400000017881393 -1.0008646641671657
v 0.027220754176378252 1.1400000017881393 -1.0034254212677478
v 0.03500065974891186 1.1400000017881393 -1.007583865970373
v 0.04181980550289154 1.1400000017881393 -1.0131801944971084
v 0.04741613402962685 1.1400000017881393 -1.019999340251088
v 0.05157457873225212 1.1400000017881393 -1.0277792458236217
v 0.054135335832834246 1.1400000017881393 -1.0362209352478384
v 0.055000001788139345 1.1400000017881393 -1.045
v 0.054135335832834246 1.1400000017881393 -1.0537790647521614
v 0.05157457873225212 1.1400000017881393 -1.0622207541763782
v 0.04741613402962685 1.1400000017881393 -1.0700006597489118
v 0.04181980550289154 1.1400000017881393 -1.0768198055028915
v 0.03500065974891186 1.1400000017881393 -1.0824161340296268
v 0.027220754176378252 1.1400000017881393 -1.086574578732252
v 0.018779064752161505 1.1400000017881393 -1.0891353358328342
v 0.010000000000000005 1.1400000017881393 -1.0900000017881393
v 0.0012209352478384974 1.1400000017881393 -1.0891353358328342
v -0.00722075417637825 1.1400000017881393 -1.086574578732252
v -0.015000659748911857 1.1400000017881393 -1.0824161340296268
v -0.02181980550289154 1.1400000017881393 -1.0768198055028915
v -0.027416134029626844 1.1400000017881393 -1.0700006597489118
v -0.03157457873225212 1.1400000017881393 -1.0622207541763782
v -0.03413533583283424 1.1400000017881393 -1.0537790647521614
v -0.03500000178813934 1.1400000017881393 -1.045
v -0.03413533583283424 1.1400000017881393 -1.0362209352478384
v -0.03157457873225212 1.1400000017881393 -1.0277792458236217
v -0.027416134029626844 1.1400000017881393 -1.019999340251088
v -0.02181980550289154 1.1400000017881393 -1.0131801944971084
v -0.015000659748911857 1.1400000017881393 -1.007583865970373
v -0.00722075417637825 1.1400000017881393 -1.0034254212677478
v 0.0012209352478384974 1.1400000017881393 -1.0008646641671657
v 0.00999999999999999 1.1400000017881393 -0.9999999982118606
v 0.01 1.2999999982118606 -1.045
v 0.01 1.2999999982118606 -1.045
v 0.01 1.2999999982118606 -1.045
v 0.01 1.2999999982118606 -1.045
v 0.01 1.2999999982118606 -1.045
v 0.01 1.2999999982118606 -1.045
v 0.01 1.2999999982118606 -1.045
v 0.01 1.2999999982118606 -1.045
v 0.01 1.2999999982118606 -1.045
v 0.01 1.2999999982118606 -1.045
v 0.01 1.2999999982118606 -1.045
v 0.01 1.2999999982118606 -1.045
v 0.01 1.2999999982118606 -1.045
v 0.01 1.2999999982118606 -1.045
v 0.01 1.2999999982118606 -1.045
v 0.01 1.2999999982118606 -1.045
v 0.01 1.2999999982118606 -1.045
v 0.01 1.2999999982118606 -1.045
v 0.01 1.2999999982118606 -1.045
v 0.01 1.2999999982118606 -1.045
v 0.01 1.2999999982118606 -1.045
v 0.01 1.2999999982118606 -1.045
v 0.01 1.2999999982118606 -1.045
v 0.01 1.2999999982118606 -1.045
v 0.01 1.2999999982118606 -1.045
v 0.01 1.2999999982118606 -1.045
v 0.01 1.2999999982118606 -1.045
v 0.01 1.2999999982118606 -1.045
v 0.01 1.2999999982118606 -1.045
v 0.01 1.2999999982118606 -1.045
v 0.01 1.2999999982118606 -1.045
v 0.01 1.2999999982118606 -1.045
v 0.01 1.2999999982118606 -0.9999999982118606
v 0.018779064752161505 1.2999999982118606 -1.0008646641671657
v 0.027220754176378252 1.2999999982118606 -1.0034254212677478
v 0.03500065974891186 1.2999999982118606 -1.007583865970373
v 0.04181980550289154 1.2999999982118606 -1.0131801944971084
v 0.04741613402962685 1.2999999982118606 -1.019999340251088
v 0.05157457873225212 1.2999999982118606 -1.0277792458236217
v 0.054135335832834246 1.2999999982118606 -1.0362209352478384
v 0.055000001788139345 1.2999999982118606 -1.045
v 0.054135335832834246 1.2999999982118606 -1.0537790647521614
v 0.05157457873225212 1.2999999982118606 -1.0622207541763782
v 0.04741613402962685 1.2999999982118606 -1.0700006597489118
v 0.04181980550289154 1.2999999982118606 -1.0768198055028915
v 0.03500065974891186 1.2999999982118606 -1.0824161340296268
v 0.027220754176378252 1.2999999982118606 -1.086574578732252
v 0.018779064752161505 1.2999999982118606 -1.0891353358328342
v 0.010000000000000005 1.2999999982118606 -1.0900000017881393
v 0.0012209352478384974 1.2999999982118606 -1.0891353358328342
v -0.00722075417637825 1.2999999982118606 -1.086574578732252
v -0.015000659748911857 1.2999999982118606 -1.0824161340296268
v -0.02181980550289154 1.2999999982118606 -1.0768198055028915
v -0.027416134029626844 1.2999999982118606 -1.0700006597489118
v -0.03157457873225212 1.2999999982118606 -1.0622207541763782
v -0.03413533583283424 1.2999999982118606 -1.0537790647521614
v -0.03500000178813934 1.2999999982118606 -1.045
v -0.03413533583283424 1.2999999982118606 -1.0362209352478384
v -0.03157457873225212 1.2999999982118606 -1.0277792458236217
v -0.027416134029626844 1.2999999982118606 -1.019999340251088
v -0.02181980550289154 1.2999999982118606 -1.0131801944971084
v -0.015000659748911857 1.2999999982118606 -1.007583865970373
v -0.00722075417637825 1.2999999982118606 -1.0034254212677478
v 0.0012209352478384974 1.2999999982118606 -1.0008646641671657
v 0.00999999999999999 1.2999999982118606 -0.9999999982118606
v 0.01 1.1400000017881393 -1.045
v 0.01 1.1400000017881393 -1.045
v 0.01 1.1400000017881393 -1.045
v 0.01 1.1400000017881393 -1.045
v 0.01 1.1400000017881393 -1.045
v 0.01 1.1400000017881393 -1.045
v 0.01 1.1400000017881393 -1.045
v 0.01 1.1400000017881393 -1.045
v 0.01 1.1400000017881393 -1.045
v 0.01 1.1400000017881393 -1.045
v 0.01 1.1400000017881393 -1.045
v 0.01 1.1400000017881393 -1.045
v 0.01 1.1400000017881393 -1.045
v 0.01 1.1400000017881393 -1.045
v 0.01 1.1400000017881393 -1.045
v 0.01 1.1400000017881393 -1.045
v 0.01 1.1400000017881393 -1.045
v 0.01 1.1400000017881393 -1.045
v 0.01 1.1400000017881393 -1.045
v 0.01 1.1400000017881393 -1.045
v 0.01 1.1400000017881393 -1.045
v 0.01 1.1400000017881393 -1.045
v 0.01 1.1400000017881393 -1.045
v 0.01 1.1400000017881393 -1.045
v 0.01 1.1400000017881393 -1.045
v 0.01 1.1400000017881393 -1.045
v 0.01 1.1400000017881393 -1.045
v 0.01 1.1400000017881393 -1.045
v 0.01 1.1400000017881393 -1.045
v 0.01 1.1400000017881393 -1.045
v 0.01 1.1400000017881393 -1.045
v 0.01 1.1400000017881393 -1.045
v 0.01 1.1400000017881393 -0.9999999982118606
v 0.018779064752161505 1.1400000017881393 -1.0008646641671657
v 0.027220754176378252 1.1400000017881393 -1.0034254212677478
v 0.03500065974891186 1.1400000017881393 -1.007583865970373
v 0.04181980550289154 1.1400000017881393 -1.0131801944971084
v 0.04741613402962685 1.1400000017881393 -1.019999340251088
v 0.05157457873225212 1.1400000017881393 -1.0277792458236217
v 0.054135335832834246 1.1400000017881393 -1.0362209352478384
v 0.055000001788139345 1.1400000017881393 -1.045
v 0.054135335832834246 1.1400000017881393 -1.0537790647521614
v 0.05157457873225212 1.1400000017881393 -1.0622207541763782
v 0.04741613402962685 1.1400000017881393 -1.0700006597489118
v 0.04181980550289154 1.1400000017881393 -1.0768198055028915
v 0.03500065974891186 1.1400000017881393 -1.0824161340296268
v 0.027220754176378252 1.1400000017881393 -1.086574578732252
v 0.018779064752161505 1.1400000017881393 -1.0891353358328342
v 0.010000000000000005 1.1400000017881393 -1.0900000017881393
v 0.0012209352478384974 1.1400000017881393 -1.0891353358328342
v -0.00722075417637825 1.1400000017881393 -1.086574578732252
v -0.015000659748911857 1.1400000017881393 -1.0824161340296268
v -0.02181980550289154 1.1400000017881393 -1.0768198055028915
v -0.027416134029626844 1.1400000017881393 -1.0700006597489118
v -0.03157457873225212 1.1400000017881393 -1.0622207541763782
v -0.03413533583283424 1.1400000017881393 -1.0537790647521614
v -0.03500000178813934 1.1400000017881393 -1.045
v -0.03413533583283424 1.1400000017881393 -1.0362209352478384
v -0.03157457873225212 1.1400000017881393 -1.0277792458236217
v -0.027416134029626844 1.1400000017881393 -1.019999340251088
v -0.02181980550289154 1.1400000017881393 -1.0131801944971084
v -0.015000659748911857 1.1400000017881393 -1.007583865970373
v -0.00722075417637825 1.1400000017881393 -1.0034254212677478
v 0.0012209352478384974 1.1400000017881393 -1.0008646641671657
v 0.00999999999999999 1.1400000017881393 -0.9999999982118606
vt 0 1
vt 0.03125 1
vt 0.0625 1
vt 0.09375 1
vt 0.125 1
vt 0.15625 1
vt 0.1875 1
vt 0.21875 1
vt 0.25 1
vt 0.28125 1
vt 0.3125 1
vt 0.34375 1
vt 0.375 1
vt 0.40625 1
vt 0.4375 1
vt 0.46875 1
vt 0.5 1
vt 0.53125 1
vt 0.5625 1
vt 0.59375 1
vt 0.625 1
vt 0.65625 1
vt 0.6875 1
vt 0.71875 1
vt 0.75 1
vt 0.78125 1
vt 0.8125 1
vt 0.84375 1
vt 0.875 1
vt 0.90625 1
vt 0.9375 1
vt 0.96875 1
vt 1 1
vt 0 0
vt 0.03125 0
vt 0.0625 0
vt 0.09375 0
vt 0.125 0
vt 0.15625 0
vt 0.1875 0
vt 0.21875 0
vt 0.25 0
vt 0.28125 0
vt 0.3125 0
vt 0.34375 0
vt 0.375 0
vt 0.40625 0
vt 0.4375 0
vt 0.46875 0
vt 0.5 0
vt 0.53125 0
vt 0.5625 0
vt 0.59375 0
vt 0.625 0
vt 0.65625 0
vt 0.6875 0
vt 0.71875 0
vt 0.75 0
vt 0.78125 0
vt 0.8125 0
vt 0.84375 0
vt 0.875 0
vt 0.90625 0
vt 0.9375 0
vt 0.96875 0
vt 1 0
vt 0.5 0.5
vt 0.5 0.5
vt 0.5 0.5
vt 0.5 0.5
vt 0.5 0.5
vt 0.5 0.5
vt 0.5 0.5
vt 0.5 0.5
vt 0.5 0.5
vt 0.5 0.5
vt 0.5 0.5
vt 0.5 0.5
vt 0.5 0.5
vt 0.5 0.5
vt 0.5 0.5
vt 0.5 0.5
vt 0.5 0.5
vt 0.5 0.5
vt 0.5 0.5
vt 0.5 0.5
vt 0.5 0.5
vt 0.5 0.5
vt 0.5 0.5
vt 0.5 0.5
vt 0.5 0.5
vt 0.5 0.5
vt 0.5 0.5
vt 0.5 0.5
vt 0.5 0.5
vt 0.5 0.5
vt 0.5 0.5
vt 0.5 0.5
vt 1 0.5
vt 0.9903926253318787 0.5975451469421387
vt 0.9619397521018982 0.6913416981697083
vt 0.9157348275184631 0.7777851223945618
vt 0.8535534143447876 0.8535534143447876
vt 0.7777851223945618 0.9157348275184631
vt 0.6913416981697083 0.9619397521018982
vt 0.5975451469421387 0.9903926253318787
vt 0.5 1
vt 0.40245485305786133 0.9903926253318787
vt 0.30865827202796936 0.9619397521018982
vt 0.22221487760543823 0.9157348275184631
vt 0.1464466154575348 0.8535534143447876
vt 0.08426519483327866 0.7777851223945618
vt 0.03806023299694061 0.6913416981697083
vt 0.009607359766960144 0.5975451469421387
vt 0 0.5
vt 0.009607359766960144 0.40245485305786133
vt 0.03806023299694061 0.30865827202796936
vt 0.08426519483327866 0.22221487760543823
vt 0.1464466154575348 0.1464466154575348
vt 0.22221487760543823 0.08426519483327866
vt 0.30865827202796936 0.03806023299694061
vt 0.40245485305786133 0.009607359766960144
vt 0.5 0
vt 0.5975451469421387 0.009607359766960144
vt 0.6913416981697083 0.03806023299694061
vt 0.7777851223945618 0.08426519483327866
vt 0.8535534143447876 0.1464466154575348
vt 0.9157348275184631 0.22221487760543823
vt 0.9619397521018982 0.30865827202796936
vt 0.9903926253318787 0.40245485305786133
vt 1 0.5
vt 0.5 0.5
vt 0.5 0.5
vt 0.5 0.5
vt 0.5 0.5
vt 0.5 0.5
vt 0.5 0.5
vt 0.5 0.5
vt 0.5 0.5
vt 0.5 0.5
vt 0.5 0.5
vt 0.5 0.5
vt 0.5 0.5
vt 0.5 0.5
vt 0.5 0.5
vt 0.5 0.5
vt 0.5 0.5
vt 0.5 0.5
vt 0.5 0.5
vt 0.5 0.5
vt 0.5 0.5
vt 0.5 0.5
vt 0.5 0.5
vt 0.5 0.5
vt 0.5 0.5
vt 0.5 0.5
vt 0.5 0.5
vt 0.5 0.5
vt 0.5 0.5
vt 0.5 0.5
vt 0.5 0.5
vt 0.5 0.5
vt 0.5 0.5
vt 1 0.5
vt 0.9903926253318787 0.40245485305786133
vt 0.9619397521018982 0.30865827202796936
vt 0.9157348275184631 0.22221487760543823
vt 0.8535534143447876 0.1464466154575348
vt 0.7777851223945618 0.08426519483327866
vt 0.6913416981697083 0.03806023299694061
vt 0.5975451469421387 0.009607359766960144
vt 0.5 0
vt 0.40245485305786133 0.009607359766960144
vt 0.30865827202796936 0.03806023299694061
vt 0.22221487760543823 0.08426519483327866
vt 0.1464466154575348 0.1464466154575348
vt 0.08426519483327866 0.22221487760543823
vt 0.03806023299694061 0.30865827202796936
vt 0.009607359766960144 0.40245485305786133
vt 0 0.5
vt 0.009607359766960144 0.5975451469421387
vt 0.03806023299694061 0.6913416981697083
vt 0.08426519483327866 0.7777851223945618
vt 0.1464466154575348 0.8535534143447876
vt 0.22221487760543823 0.9157348275184631
vt 0.30865827202796936 0.9619397521018982
vt 0.40245485305786133 0.9903926253318787
vt 0.5 1
vt 0.5975451469421387 0.9903926253318787
vt 0.6913416981697083 0.9619397521018982
vt 0.7777851223945618 0.9157348275184631
vt 0.8535534143447876 0.8535534143447876
vt 0.9157348275184631 0.7777851223945618
vt 0.9619397521018982 0.6913416981697083
vt 0.9903926253318787 0.5975451469421387
vt 1 0.5
vn 0 0 1
vn 0.19509032931342324 0 0.9807852789517083
vn 0.3826834370613369 0 0.9238795305660377
vn 0.555570248949409 0 0.8314696016585884
vn 0.7071067811865476 0 0.7071067811865476
vn 0.8314696016585884 0 0.555570248949409
vn 0.9238795305660377 0 0.3826834370613369
vn 0.9807852789517083 0 0.19509032931342324
vn 1 0 6.123234262925839e-17
vn 0.9807852789517083 0 -0.19509032931342324
vn 0.9238795305660377 0 -0.3826834370613369
vn 0.8314696016585884 0 -0.555570248949409
vn 0.7071067811865476 0 -0.7071067811865476
vn 0.555570248949409 0 -0.8314696016585884
vn 0.3826834370613369 0 -0.9238795305660377
vn 0.19509032931342324 0 -0.9807852789517083
vn 1.2246468525851679e-16 0 -1
vn -0.19509032931342324 0 -0.9807852789517083
vn -0.3826834370613369 0 -0.9238795305660377
vn -0.555570248949409 0 -0.8314696016585884
vn -0.7071067811865476 0 -0.7071067811865476
vn -0.8314696016585884 0 -0.555570248949409
vn -0.9238795305660377 0 -0.3826834370613369
vn -0.9807852789517083 0 -0.19509032931342324
vn -1 0 -1.8369701465288538e-16
vn -0.9807852789517083 0 0.19509032931342324
vn -0.9238795305660377 0 0.3826834370613369
vn -0.8314696016585884 0 0.555570248949409
vn -0.7071067811865476 0 0.7071067811865476
vn -0.555570248949409 0 0.8314696016585884
vn -0.3826834370613369 0 0.9238795305660377
vn -0.19509032931342324 0 0.9807852789517083
vn -2.4492937051703357e-16 0 1
vn 0 0 1
vn 0.19509032931342324 0 0.9807852789517083
vn 0.3826834370613369 0 0.9238795305660377
vn 0.555570248949409 0 0.8314696016585884
vn 0.7071067811865476 0 0.7071067811865476
vn 0.8314696016585884 0 0.555570248949409
vn 0.9238795305660377 0 0.3826834370613369
vn 0.9807852789517083 0 0.19509032931342324
vn 1 0 6.123234262925839e-17
vn 0.9807852789517083 0 -0.19509032931342324
vn 0.9238795305660377 0 -0.3826834370613369
vn 0.8314696016585884 0 -0.555570248949409
vn 0.7071067811865476 0 -0.7071067811865476
vn 0.555570248949409 0 -0.8314696016585884
vn 0.3826834370613369 0 -0.9238795305660377
vn 0.19509032931342324 0 -0.9807852789517083
vn 1.2246468525851679e-16 0 -1
vn -0.19509032931342324 0 -0.9807852789517083
vn -0.3826834370613369 0 -0.9238795305660377
vn -0.555570248949409 0 -0.8314696016585884
vn -0.7071067811865476 0 -0.7071067811865476
vn -0.8314696016585884 0 -0.555570248949409
vn -0.9238795305660377 0 -0.3826834370613369
vn -0.9807852789517083 0 -0.19509032931342324
vn -1 0 -1.8369701465288538e-16
vn -0.9807852789517083 0 0.19509032931342324
vn -0.9238795305660377 0 0.3826834370613369
vn -0.8314696016585884 0 0.555570248949409
vn -0.7071067811865476 0 0.7071067811865476
vn -0.555570248949409 0 0.8314696016585884
vn -0.3826834370613369 0 0.9238795305660377
vn -0.19509032931342324 0 0.9807852789517083
vn -2.4492937051703357e-16 0 1
vn 0 1 0
vn 0 1 0
vn 0 1 0
vn 0 1 0
vn 0 1 0
vn 0 1 0
vn 0 1 0
vn 0 1 0
vn 0 1 0
vn 0 1 0
vn 0 1 0
vn 0 1 0
vn 0 1 0
vn 0 1 0
vn 0 1 0
vn 0 1 0
vn 0 1 0
vn 0 1 0
vn 0 1 0
vn 0 1 0
vn 0 1 0
vn 0 1 0
vn 0 1 0
vn 0 1 0
vn 0 1 0
vn 0 1 0
vn 0 1 0
vn 0 1 0
vn 0 1 0
vn 0 1 0
vn 0 1 0
vn 0 1 0
vn 0 1 0
vn 0 1 0
vn 0 1 0
vn 0 1 0
vn 0 1 0
vn 0 1 0
vn 0 1 0
vn 0 1 0
vn 0 1 0
vn 0 1 0
vn 0 1 0
vn 0 1 0
vn 0 1 0
vn 0 1 0
vn 0 1 0
vn 0 1 0
vn 0 1 0
vn 0 1 0
vn 0 1 0
vn 0 1 0
vn 0 1 0
vn 0 1 0
vn 0 1 0
vn 0 1 0
vn 0 1 0
vn 0 1 0
vn 0 1 0
vn 0 1 0
vn 0 1 0
vn 0 1 0
vn 0 1 0
vn 0 1 0
vn 0 1 0
vn 0 -1 0
vn 0 -1 0
vn 0 -1 0
vn 0 -1 0
vn 0 -1 0
vn 0 -1 0
vn 0 -1 0
vn 0 -1 0
vn 0 -1 0
vn 0 -1 0
vn 0 -1 0
vn 0 -1 0
vn 0 -1 0
vn 0 -1 0
vn 0 -1 0
vn 0 -1 0
vn 0 -1 0
vn 0 -1 0
vn 0 -1 0
vn 0 -1 0
vn 0 -1 0
vn 0 -1 0
vn 0 -1 0
vn 0 -1 0
vn 0 -1 0
vn 0 -1 0
vn 0 -1 0
vn 0 -1 0
vn 0 -1 0
vn 0 -1 0
vn 0 -1 0
vn 0 -1 0
vn 0 -1 0
vn 0 -1 0
vn 0 -1 0
vn 0 -1 0
vn 0 -1 0
vn 0 -1 0
vn 0 -1 0
vn 0 -1 0
vn 0 -1 0
vn 0 -1 0
vn 0 -1 0
vn 0 -1 0
vn 0 -1 0
vn 0 -1 0
vn 0 -1 0
vn 0 -1 0
vn 0 -1 0
vn 0 -1 0
vn 0 -1 0
vn 0 -1 0
vn 0 -1 0
vn 0 -1 0
vn 0 -1 0
vn 0 -1 0
vn 0 -1 0
vn 0 -1 0
vn 0 -1 0
vn 0 -1 0
vn 0 -1 0
vn 0 -1 0
vn 0 -1 0
vn 0 -1 0
vn 0 -1 0
f 6489/6489/6489 6522/6522/6522 6490/6490/6490
f 6522/6522/6522 6523/6523/6523 6490/6490/6490
f 6490/6490/6490 6523/6523/6523 6491/6491/6491
f 6523/6523/6523 6524/6524/6524 6491/6491/6491
f 6491/6491/6491 6524/6524/6524 6492/6492/6492
f 6524/6524/6524 6525/6525/6525 6492/6492/6492
f 6492/6492/6492 6525/6525/6525 6493/6493/6493
f 6525/6525/6525 6526/6526/6526 6493/6493/6493
f 6493/6493/6493 6526/6526/6526 6494/6494/6494
f 6526/6526/6526 6527/6527/6527 6494/6494/6494
f 6494/6494/6494 6527/6527/6527 6495/6495/6495
f 6527/6527/6527 6528/6528/6528 6495/6495/6495
f 6495/6495/6495 6528/6528/6528 6496/6496/6496
f 6528/6528/6528 6529/6529/6529 6496/6496/6496
f 6496/6496/6496 6529/6529/6529 6497/6497/6497
f 6529/6529/6529 6530/6530/6530 6497/6497/6497
f 6497/6497/6497 6530/6530/6530 6498/6498/6498
f 6530/6530/6530 6531/6531/6531 6498/6498/6498
f 6498/6498/6498 6531/6531/6531 6499/6499/6499
f 6531/6531/6531 6532/6532/6532 6499/6499/6499
f 6499/6499/6499 6532/6532/6532 6500/6500/6500
f 6532/6532/6532 6533/6533/6533 6500/6500/6500
f 6500/6500/6500 6533/6533/6533 6501/6501/6501
f 6533/6533/6533 6534/6534/6534 6501/6501/6501
f 6501/6501/6501 6534/6534/6534 6502/6502/6502
f 6534/6534/6534 6535/6535/6535 6502/6502/6502
f 6502/6502/6502 6535/6535/6535 6503/6503/6503
f 6535/6535/6535 6536/6536/6536 6503/6503/6503
f 6503/6503/6503 6536/6536/6536 6504/6504/6504
f 6536/6536/6536 6537/6537/6537 6504/6504/6504
f 6504/6504/6504 6537/6537/6537 6505/6505/6505
f 6537/6537/6537 6538/6538/6538 6505/6505/6505
f 6505/6505/6505 6538/6538/6538 6506/6506/6506
f 6538/6538/6538 6539/6539/6539 6506/6506/6506
f 6506/6506/6506 6539/6539/6539 6507/6507/6507
f 6539/6539/6539 6540/6540/6540 6507/6507/6507
f 6507/6507/6507 6540/6540/6540 6508/6508/6508
f 6540/6540/6540 6541/6541/6541 6508/6508/6508
f 6508/6508/6508 6541/6541/6541 6509/6509/6509
f 6541/6541/6541 6542/6542/6542 6509/6509/6509
f 6509/6509/6509 6542/6542/6542 6510/6510/6510
f 6542/6542/6542 6543/6543/6543 6510/6510/6510
f 6510/6510/6510 6543/6543/6543 6511/6511/6511
f 6543/6543/6543 6544/6544/6544 6511/6511/6511
f 6511/6511/6511 6544/6544/6544 6512/6512/6512
f 6544/6544/6544 6545/6545/6545 6512/6512/6512
f 6512/6512/6512 6545/6545/6545 6513/6513/6513
f 6545/6545/6545 6546/6546/6546 6513/6513/6513
f 6513/6513/6513 6546/6546/6546 6514/6514/6514
f 6546/6546/6546 6547/6547/6547 6514/6514/6514
f 6514/6514/6514 6547/6547/6547 6515/6515/6515
f 6547/6547/6547 6548/6548/6548 6515/6515/6515
f 6515/6515/6515 6548/6548/6548 6516/6516/6516
f 6548/6548/6548 6549/6549/6549 6516/6516/6516
f 6516/6516/6516 6549/6549/6549 6517/6517/6517
f 6549/6549/6549 6550/6550/6550 6517/6517/6517
f 6517/6517/6517 6550/6550/6550 6518/6518/6518
f 6550/6550/6550 6551/6551/6551 6518/6518/6518
f 6518/6518/6518 6551/6551/6551 6519/6519/6519
f 6551/6551/6551 6552/6552/6552 6519/6519/6519
f 6519/6519/6519 6552/6552/6552 6520/6520/6520
f 6552/6552/6552 6553/6553/6553 6520/6520/6520
f 6520/6520/6520 6553/6553/6553 6521/6521/6521
f 6553/6553/6553 6554/6554/6554 6521/6521/6521
f 6587/6587/6587 6588/6588/6588 6555/6555/6555
f 6588/6588/6588 6589/6589/6589 6556/6556/6556
f 6589/6589/6589 6590/6590/6590 6557/6557/6557
f 6590/6590/6590 6591/6591/6591 6558/6558/6558
f 6591/6591/6591 6592/6592/6592 6559/6559/6559
f 6592/6592/6592 6593/6593/6593 6560/6560/6560
f 6593/6593/6593 6594/6594/6594 6561/6561/6561
f 6594/6594/6594 6595/6595/6595 6562/6562/6562
f 6595/6595/6595 6596/6596/6596 6563/6563/6563
f 6596/6596/6596 6597/6597/6597 6564/6564/6564
f 6597/6597/6597 6598/6598/6598 6565/6565/6565
f 6598/6598/6598 6599/6599/6599 6566/6566/6566
f 6599/6599/6599 6600/6600/6600 6567/6567/6567
f 6600/6600/6600 6601/6601/6601 6568/6568/6568
f 6601/6601/6601 6602/6602/6602 6569/6569/6569
f 6602/6602/6602 6603/6603/6603 6570/6570/6570
f 6603/6603/6603 6604/6604/6604 6571/6571/6571
f 6604/6604/6604 6605/6605/6605 6572/6572/6572
f 6605/6605/6605 6606/6606/6606 6573/6573/6573
f 6606/6606/6606 6607/6607/6607 6574/6574/6574
f 6607/6607/6607 6608/6608/6608 6575/6575/6575
f 6608/6608/6608 6609/6609/6609 6576/6576/6576
f 6609/6609/6609 6610/6610/6610 6577/6577/6577
f 6610/6610/6610 6611/6611/6611 6578/6578/6578
f 6611/6611/6611 6612/6612/6612 6579/6579/6579
f 6612/6612/6612 6613/6613/6613 6580/6580/6580
f 6613/6613/6613 6614/6614/6614 6581/6581/6581
f 6614/6614/6614 6615/6615/6615 6582/6582/6582
f 6615/6615/6615 6616/6616/6616 6583/6583/6583
f 6616/6616/6616 6617/6617/6617 6584/6584/6584
f 6617/6617/6617 6618/6618/6618 6585/6585/6585
f 6618/6618/6618 6619/6619/6619 6586/6586/6586
f 6653/6653/6653 6652/6652/6652 6620/6620/6620
f 6654/6654/6654 6653/6653/6653 6621/6621/6621
f 6655/6655/6655 6654/6654/6654 6622/6622/6622
f 6656/6656/6656 6655/6655/6655 6623/6623/6623
f 6657/6657/6657 6656/6656/6656 6624/6624/6624
f 6658/6658/6658 6657/6657/6657 6625/6625/6625
f 6659/6659/6659 6658/6658/6658 6626/6626/6626
f 6660/6660/6660 6659/6659/6659 6627/6627/6627
f 6661/6661/6661 6660/6660/6660 6628/6628/6628
f 6662/6662/6662 6661/6661/6661 6629/6629/6629
f 6663/6663/6663 6662/6662/6662 6630/6630/6630
f 6664/6664/6664 6663/6663/6663 6631/6631/6631
f 6665/6665/6665 6664/6664/6664 6632/6632/6632
f 6666/6666/6666 6665/6665/6665 6633/6633/6633
f 6667/6667/6667 6666/6666/6666 6634/6634/6634
f 6668/6668/6668 6667/6667/6667 6635/6635/6635
f 6669/6669/6669 6668/6668/6668 6636/6636/6636
f 6670/6670/6670 6669/6669/6669 6637/6637/6637
f 6671/6671/6671 6670/6670/6670 6638/6638/6638
f 6672/6672/6672 6671/6671/6671 6639/6639/6639
f 6673/6673/6673 6672/6672/6672 6640/6640/6640
f 6674/6674/6674 6673/6673/6673 6641/6641/6641
f 6675/6675/6675 6674/6674/6674 6642/6642/6642
f 6676/6676/6676 6675/6675/6675 6643/6643/6643
f 6677/6677/6677 6676/6676/6676 6644/6644/6644
f 6678/6678/6678 6677/6677/6677 6645/6645/6645
f 6679/6679/6679 6678/6678/6678 6646/6646/6646
f 6680/6680/6680 6679/6679/6679 6647/6647/6647
f 6681/6681/6681 6680/6680/6680 6648/6648/6648
f 6682/6682/6682 6681/6681/6681 6649/6649/6649
f 6683/6683/6683 6682/6682/6682 6650/6650/6650
f 6684/6684/6684 6683/6683/6683 6651/6651/6651
o eq8_microscope_eyepiece
usemtl steel
v 0.01 1.3199999991059304 -1.079999999627471
v 0.014877258092164993 1.3199999991059304 -1.080480368360877
v 0.019567085653543474 1.3199999991059304 -1.081903012022376
v 0.023889255933463575 1.3199999991059304 -1.084213260114193
v 0.027677670344710352 1.3199999991059304 -1.0873223296552896
v 0.03078673988580704 1.3199999991059304 -1.0911107440665364
v 0.03309698797762394 1.3199999991059304 -1.0954329143464565
v 0.034519631639122965 1.3199999991059304 -1.100122741907835
v 0.03500000037252903 1.3199999991059304 -1.105
v 0.034519631639122965 1.3199999991059304 -1.109877258092165
v 0.03309698797762394 1.3199999991059304 -1.1145670856535435
v 0.03078673988580704 1.3199999991059304 -1.1188892559334636
v 0.027677670344710352 1.3199999991059304 -1.1226776703447103
v 0.023889255933463575 1.3199999991059304 -1.125786739885807
v 0.019567085653543474 1.3199999991059304 -1.128096987977624
v 0.014877258092164993 1.3199999991059304 -1.129519631639123
v 0.010000000000000004 1.3199999991059304 -1.130000000372529
v 0.005122741907835007 1.3199999991059304 -1.129519631639123
v 0.0004329143464565279 1.3199999991059304 -1.128096987977624
v -0.0038892559334635732 1.3199999991059304 -1.125786739885807
v -0.00767767034471035 1.3199999991059304 -1.1226776703447103
v -0.010786739885807037 1.3199999991059304 -1.1188892559334636
v -0.01309698797762394 1.3199999991059304 -1.1145670856535435
v -0.014519631639122963 1.3199999991059304 -1.109877258092165
v -0.01500000037252903 1.3199999991059304 -1.105
v -0.014519631639122963 1.3199999991059304 -1.100122741907835
v -0.01309698797762394 1.3199999991059304 -1.0954329143464565
v -0.010786739885807037 1.3199999991059304 -1.0911107440665364
v -0.00767767034471035 1.3199999991059304 -1.0873223296552896
v -0.0038892559334635732 1.3199999991059304 -1.084213260114193
v 0.0004329143464565279 1.3199999991059304 -1.081903012022376
v 0.005122741907835007 1.3199999991059304 -1.080480368360877
v 0.009999999999999993 1.3199999991059304 -1.079999999627471
v 0.01 1.2400000008940697 -1.079999999627471
v 0.014877258092164993 1.2400000008940697 -1.080480368360877
v 0.019567085653543474 1.2400000008940697 -1.081903012022376
v 0.023889255933463575 1.2400000008940697 -1.084213260114193
v 0.027677670344710352 1.2400000008940697 -1.0873223296552896
v 0.03078673988580704 1.2400000008940697 -1.0911107440665364
v 0.03309698797762394 1.2400000008940697 -1.0954329143464565
v 0.034519631639122965 1.2400000008940697 -1.100122741907835
v 0.03500000037252903 1.2400000008940697 -1.105
v 0.034519631639122965 1.2400000008940697 -1.109877258092165
v 0.03309698797762394 1.2400000008940697 -1.1145670856535435
v 0.03078673988580704 1.2400000008940697 -1.1188892559334636
v 0.027677670344710352 1.2400000008940697 -1.1226776703447103
v 0.023889255933463575 1.2400000008940697 -1.125786739885807
v 0.019567085653543474 1.2400000008940697 -1.128096987977624
v 0.014877258092164993 1.2400000008940697 -1.129519631639123
v 0.010000000000000004 1.2400000008940697 -1.130000000372529
v 0.005122741907835007 1.2400000008940697 -1.129519631639123
v 0.0004329143464565279 1.2400000008940697 -1.128096987977624
v -0.0038892559334635732 1.2400000008940697 -1.125786739885807
v -0.00767767034471035 1.2400000008940697 -1.1226776703447103
v -0.010786739885807037 1.2400000008940697 -1.1188892559334636
v -0.01309698797762394 1.2400000008940697 -1.1145670856535435
v -0.014519631639122963 1.2400000008940697 -1.109877258092165
v -0.01500000037252903 1.2400000008940697 -1.105
v -0.014519631639122963 1.2400000008940697 -1.100122741907835
v -0.01309698797762394 1.2400000008940697 -1.0954329143464565
v -0.010786739885807037 1.2400000008940697 -1.0911107440665364
v -0.00767767034471035 1.2400000008940697 -1.0873223296552896
v -0.0038892559334635732 1.2400000008940697 -1.084213260114193
v 0.0004329143464565279 1.2400000008940697 -1.081903012022376
v 0.005122741907835007 1.2400000008940697 -1.080480368360877
v 0.009999999999999993 1.2400000008940697 -1.079999999627471
v 0.01 1.3199999991059304 -1.105
v 0.01 1.3199999991059304 -1.105
v 0.01 1.3199999991059304 -1.105
v 0.01 1.3199999991059304 -1.105
v 0.01 1.3199999991059304 -1.105
v 0.01 1.3199999991059304 -1.105
v 0.01 1.3199999991059304 -1.105
v 0.01 1.3199999991059304 -1.105
v 0.01 1.3199999991059304 -1.105
v 0.01 1.3199999991059304 -1.105
v 0.01 1.3199999991059304 -1.105
v 0.01 1.3199999991059304 -1.105
v 0.01 1.3199999991059304 -1.105
v 0.01 1.3199999991059304 -1.105
v 0.01 1.3199999991059304 -1.105
v 0.01 1.3199999991059304 -1.105
v 0.01 1.3199999991059304 -1.105
v 0.01 1.3199999991059304 -1.105
v 0.01 1.3199999991059304 -1.105
v 0.01 1.3199999991059304 -1.105
v 0.01 1.3199999991059304 -1.105
v 0.01 1.3199999991059304 -1.105
v 0.01 1.3199999991059304 -1.105
v 0.01 1.3199999991059304 -1.105
v 0.01 1.3199999991059304 -1.105
v 0.01 1.3199999991059304 -1.105
v 0.01 1.3199999991059304 -1.105
v 0.01 1.3199999991059304 -1.105
v 0.01 1.3199999991059304 -1.105
v 0.01 1.3199999991059304 -1.105
v 0.01 1.3199999991059304 -1.105
v 0.01 1.3199999991059304 -1.105
v 0.01 1.3199999991059304 -1.079999999627471
v 0.014877258092164993 1.3199999991059304 -1.080480368360877
v 0.019567085653543474 1.3199999991059304 -1.081903012022376
v 0.023889255933463575 1.3199999991059304 -1.084213260114193
v 0.027677670344710352 1.3199999991059304 -1.0873223296552896
v 0.03078673988580704 1.3199999991059304 -1.0911107440665364
v 0.03309698797762394 1.3199999991059304 -1.0954329143464565
v 0.034519631639122965 1.3199999991059304 -1.100122741907835
v 0.03500000037252903 1.3199999991059304 -1.105
v 0.034519631639122965 1.3199999991059304 -1.109877258092165
v 0.03309698797762394 1.3199999991059304 -1.1145670856535435
v 0.03078673988580704 1.3199999991059304 -1.1188892559334636
v 0.027677670344710352 1.3199999991059304 -1.1226776703447103
v 0.023889255933463575 1.3199999991059304 -1.125786739885807
v 0.019567085653543474 1.3199999991059304 -1.128096987977624
v 0.014877258092164993 1.3199999991059304 -1.129519631639123
v 0.010000000000000004 1.3199999991059304 -1.130000000372529
v 0.005122741907835007 1.3199999991059304 -1.129519631639123
v 0.0004329143464565279 1.3199999991059304 -1.128096987977624
v -0.0038892559334635732 1.3199999991059304 -1.125786739885807
v -0.00767767034471035 1.3199999991059304 -1.1226776703447103
v -0.010786739885807037 1.3199999991059304 -1.1188892559334636
v -0.01309698797762394 1.3199999991059304 -1.1145670856535435
v -0.014519631639122963 1.3199999991059304 -1.109877258092165
v -0.01500000037252903 1.3199999991059304 -1.105
v -0.014519631639122963 1.3199999991059304 -1.100122741907835
v -0.01309698797762394 1.3199999991059304 -1.0954329143464565
v -0.010786739885807037 1.3199999991059304 -1.0911107440665364
v -0.00767767034471035 1.3199999991059304 -1.0873223296552896
v -0.0038892559334635732 1.3199999991059304 -1.084213260114193
v 0.0004329143464565279 1.3199999991059304 -1.081903012022376
v 0.005122741907835007 1.3199999991059304 -1.080480368360877
v 0.009999999999999993 1.3199999991059304 -1.079999999627471
v 0.01 1.2400000008940697 -1.105
v 0.01 1.2400000008940697 -1.105
v 0.01 1.2400000008940697 -1.105
v 0.01 1.2400000008940697 -1.105
v 0.01 1.2400000008940697 -1.105
v 0.01 1.2400000008940697 -1.105
v 0.01 1.2400000008940697 -1.105
v 0.01 1.2400000008940697 -1.105
v 0.01 1.2400000008940697 -1.105
v 0.01 1.2400000008940697 -1.105
v 0.01 1.2400000008940697 -1.105
v 0.01 1.2400000008940697 -1.105
v 0.01 1.2400000008940697 -1.105
v 0.01 1.2400000008940697 -1.105
v 0.01 1.2400000008940697 -1.105
v 0.01 1.2400000008940697 -1.105
v 0.01 1.2400000008940697 -1.105
v 0.01 1.2400000008940697 -1.105
v 0.01 1.2400000008940697 -1.105
v 0.01 1.2400000008940697 -1.105
v 0.01 1.2400000008940697 -1.105
v 0.01 1.2400000008940697 -1.105
v 0.01 1.2400000008940697 -1.105
v 0.01 1.2400000008940697 -1.105
v 0.01 1.2400000008940697 -1.105
v 0.01 1.2400000008940697 -1.105
v 0.01 1.2400000008940697 -1.105
v 0.01 1.2400000008940697 -1.105
v 0.01 1.2400000008940697 -1.105
v 0.01 1.2400000008940697 -1.105
v 0.01 1.2400000008940697 -1.105
v 0.01 1.2400000008940697 -1.105
v 0.01 1.2400000008940697 -1.079999999627471
v 0.014877258092164993 1.2400000008940697 -1.080480368360877
v 0.019567085653543474 1.2400000008940697 -1.081903012022376
v 0.023889255933463575 1.2400000008940697 -1.084213260114193
v 0.027677670344710352 1.2400000008940697 -1.0873223296552896
v 0.03078673988580704 1.2400000008940697 -1.0911107440665364
v 0.03309698797762394 1.2400000008940697 -1.0954329143464565
v 0.034519631639122965 1.2400000008940697 -1.100122741907835
v 0.03500000037252903 1.2400000008940697 -1.105
v 0.034519631639122965 1.2400000008940697 -1.109877258092165
v 0.03309698797762394 1.2400000008940697 -1.1145670856535435
v 0.03078673988580704 1.2400000008940697 -1.1188892559334636
v 0.027677670344710352 1.2400000008940697 -1.1226776703447103
v 0.023889255933463575 1.2400000008940697 -1.125786739885807
v 0.019567085653543474 1.2400000008940697 -1.128096987977624
v 0.014877258092164993 1.2400000008940697 -1.129519631639123
v 0.010000000000000004 1.2400000008940697 -1.130000000372529
v 0.005122741907835007 1.2400000008940697 -1.129519631639123
v 0.0004329143464565279 1.2400000008940697 -1.128096987977624
v -0.0038892559334635732 1.2400000008940697 -1.125786739885807
v -0.00767767034471035 1.2400000008940697 -1.1226776703447103
v -0.010786739885807037 1.2400000008940697 -1.1188892559334636
v -0.01309698797762394 1.2400000008940697 -1.1145670856535435
v -0.014519631639122963 1.2400000008940697 -1.109877258092165
v -0.01500000037252903 1.2400000008940697 -1.105
v -0.014519631639122963 1.2400000008940697 -1.100122741907835
v -0.01309698797762394 1.2400000008940697 -1.0954329143464565
v -0.010786739885807037 1.2400000008940697 -1.0911107440665364
v -0.00767767034471035 1.2400000008940697 -1.0873223296552896
v -0.0038892559334635732 1.2400000008940697 -1.084213260114193
v 0.0004329143464565279 1.2400000008940697 -1.081903012022376
v 0.005122741907835007 1.2400000008940697 -1.080480368360877
v 0.009999999999999993 1.2400000008940697 -1.079999999627471
vt 0 1
vt 0.03125 1
vt 0.0625 1
vt 0.09375 1
vt 0.125 1
vt 0.15625 1
vt 0.1875 1
vt 0.21875 1
vt 0.25 1
vt 0.28125 1
vt 0.3125 1
vt 0.34375 1
vt 0.375 1
vt 0.40625 1
vt 0.4375 1
vt 0.46875 1
vt 0.5 1
vt 0.53125 1
vt 0.5625 1
vt 0.59375 1
vt 0.625 1
vt 0.65625 1
vt 0.6875 1
vt 0.71875 1
vt 0.75 1
vt 0.78125 1
vt 0.8125 1
vt 0.84375 1
vt 0.875 1
vt 0.90625 1
vt 0.9375 1
vt 0.96875 1
vt 1 1
vt 0 0
vt 0.03125 0
vt 0.0625 0
vt 0.09375 0
vt 0.125 0
vt 0.15625 0
vt 0.1875 0
vt 0.21875 0
vt 0.25 0
vt 0.28125 0
vt 0.3125 0
vt 0.34375 0
vt 0.375 0
vt 0.40625 0
vt 0.4375 0
vt 0.46875 0
vt 0.5 0
vt 0.53125 0
vt 0.5625 0
vt 0.59375 0
vt 0.625 0
vt 0.65625 0
vt 0.6875 0
vt 0.71875 0
vt 0.75 0
vt 0.78125 0
vt 0.8125 0
vt 0.84375 0
vt 0.875 0
vt 0.90625 0
vt 0.9375 0
vt 0.96875 0
vt 1 0
vt 0.5 0.5
vt 0.5 0.5
vt 0.5 0.5
vt 0.5 0.5
vt 0.5 0.5
vt 0.5 0.5
vt 0.5 0.5
vt 0.5 0.5
vt 0.5 0.5
vt 0.5 0.5
vt 0.5 0.5
vt 0.5 0.5
vt 0.5 0.5
vt 0.5 0.5
vt 0.5 0.5
vt 0.5 0.5
vt 0.5 0.5
vt 0.5 0.5
vt 0.5 0.5
vt 0.5 0.5
vt 0.5 0.5
vt 0.5 0.5
vt 0.5 0.5
vt 0.5 0.5
vt 0.5 0.5
vt 0.5 0.5
vt 0.5 0.5
vt 0.5 0.5
vt 0.5 0.5
vt 0.5 0.5
vt 0.5 0.5
vt 0.5 0.5
vt 1 0.5
vt 0.9903926253318787 0.5975451469421387
vt 0.9619397521018982 0.6913416981697083
vt 0.9157348275184631 0.7777851223945618
vt 0.8535534143447876 0.8535534143447876
vt 0.7777851223945618 0.9157348275184631
vt 0.6913416981697083 0.9619397521018982
vt 0.5975451469421387 0.9903926253318787
vt 0.5 1
vt 0.40245485305786133 0.9903926253318787
vt 0.30865827202796936 0.9619397521018982
vt 0.22221487760543823 0.9157348275184631
vt 0.1464466154575348 0.8535534143447876
vt 0.08426519483327866 0.7777851223945618
vt 0.03806023299694061 0.6913416981697083
vt 0.009607359766960144 0.5975451469421387
vt 0 0.5
vt 0.009607359766960144 0.40245485305786133
vt 0.03806023299694061 0.30865827202796936
vt 0.08426519483327866 0.22221487760543823
vt 0.1464466154575348 0.1464466154575348
vt 0.22221487760543823 0.08426519483327866
vt 0.30865827202796936 0.03806023299694061
vt 0.40245485305786133 0.009607359766960144
vt 0.5 0
vt 0.5975451469421387 0.009607359766960144
vt 0.6913416981697083 0.03806023299694061
vt 0.7777851223945618 0.08426519483327866
vt 0.8535534143447876 0.1464466154575348
vt 0.9157348275184631 0.22221487760543823
vt 0.9619397521018982 0.30865827202796936
vt 0.9903926253318787 0.40245485305786133
vt 1 0.5
vt 0.5 0.5
vt 0.5 0.5
vt 0.5 0.5
vt 0.5 0.5
vt 0.5 0.5
vt 0.5 0.5
vt 0.5 0.5
vt 0.5 0.5
vt 0.5 0.5
vt 0.5 0.5
vt 0.5 0.5
vt 0.5 0.5
vt 0.5 0.5
vt 0.5 0.5
vt 0.5 0.5
vt 0.5 0.5
vt 0.5 0.5
vt 0.5 0.5
vt 0.5 0.5
vt 0.5 0.5
vt 0.5 0.5
vt 0.5 0.5
vt 0.5 0.5
vt 0.5 0.5
vt 0.5 0.5
vt 0.5 0.5
vt 0.5 0.5
vt 0.5 0.5
vt 0.5 0.5
vt 0.5 0.5
vt 0.5 0.5
vt 0.5 0.5
vt 1 0.5
vt 0.9903926253318787 0.40245485305786133
vt 0.9619397521018982 0.30865827202796936
vt 0.9157348275184631 0.22221487760543823
vt 0.8535534143447876 0.1464466154575348
vt 0.7777851223945618 0.08426519483327866
vt 0.6913416981697083 0.03806023299694061
vt 0.5975451469421387 0.009607359766960144
vt 0.5 0
vt 0.40245485305786133 0.009607359766960144
vt 0.30865827202796936 0.03806023299694061
vt 0.22221487760543823 0.08426519483327866
vt 0.1464466154575348 0.1464466154575348
vt 0.08426519483327866 0.22221487760543823
vt 0.03806023299694061 0.30865827202796936
vt 0.009607359766960144 0.40245485305786133
vt 0 0.5
vt 0.009607359766960144 0.5975451469421387
vt 0.03806023299694061 0.6913416981697083
vt 0.08426519483327866 0.7777851223945618
vt 0.1464466154575348 0.8535534143447876
vt 0.22221487760543823 0.9157348275184631
vt 0.30865827202796936 0.9619397521018982
vt 0.40245485305786133 0.9903926253318787
vt 0.5 1
vt 0.5975451469421387 0.9903926253318787
vt 0.6913416981697083 0.9619397521018982
vt 0.7777851223945618 0.9157348275184631
vt 0.8535534143447876 0.8535534143447876
vt 0.9157348275184631 0.7777851223945618
vt 0.9619397521018982 0.6913416981697083
vt 0.9903926253318787 0.5975451469421387
vt 1 0.5
vn 0 0 1
vn 0.19509032931342324 0 0.9807852789517083
vn 0.3826834370613369 0 0.9238795305660377
vn 0.555570248949409 0 0.8314696016585884
vn 0.7071067811865476 0 0.7071067811865476
vn 0.8314696016585884 0 0.555570248949409
vn 0.9238795305660377 0 0.3826834370613369
vn 0.9807852789517083 0 0.19509032931342324
vn 1 0 6.123234262925839e-17
vn 0.9807852789517083 0 -0.19509032931342324
vn 0.9238795305660377 0 -0.3826834370613369
vn 0.8314696016585884 0 -0.555570248949409
vn 0.7071067811865476 0 -0.7071067811865476
vn 0.555570248949409 0 -0.8314696016585884
vn 0.3826834370613369 0 -0.9238795305660377
vn 0.19509032931342324 0 -0.9807852789517083
vn 1.2246468525851679e-16 0 -1
vn -0.19509032931342324 0 -0.9807852789517083
vn -0.3826834370613369 0 -0.9238795305660377
vn -0.555570248949409 0 -0.8314696016585884
vn -0.7071067811865476 0 -0.7071067811865476
vn -0.8314696016585884 0 -0.555570248949409
vn -0.9238795305660377 0 -0.3826834370613369
vn -0.9807852789517083 0 -0.19509032931342324
vn -1 0 -1.8369701465288538e-16
vn -0.9807852789517083 0 0.19509032931342324
vn -0.9238795305660377 0 0.3826834370613369
vn -0.8314696016585884 0 0.555570248949409
vn -0.7071067811865476 0 0.7071067811865476
vn -0.555570248949409 0 0.8314696016585884
vn -0.3826834370613369 0 0.9238795305660377
vn -0.19509032931342324 0 0.9807852789517083
vn -2.4492937051703357e-16 0 1
vn 0 0 1
vn 0.19509032931342324 0 0.9807852789517083
vn 0.3826834370613369 0 0.9238795305660377
vn 0.555570248949409 0 0.8314696016585884
vn 0.7071067811865476 0 0.7071067811865476
vn 0.8314696016585884 0 0.555570248949409
vn 0.9238795305660377 0 0.3826834370613369
vn 0.9807852789517083 0 0.19509032931342324
vn 1 0 6.123234262925839e-17
vn 0.9807852789517083 0 -0.19509032931342324
vn 0.9238795305660377 0 -0.3826834370613369
vn 0.8314696016585884 0 -0.555570248949409
vn 0.7071067811865476 0 -0.7071067811865476
vn 0.555570248949409 0 -0.8314696016585884
vn 0.3826834370613369 0 -0.9238795305660377
vn 0.19509032931342324 0 -0.9807852789517083
vn 1.2246468525851679e-16 0 -1
vn -0.19509032931342324 0 -0.9807852789517083
vn -0.3826834370613369 0 -0.9238795305660377
vn -0.555570248949409 0 -0.8314696016585884
vn -0.7071067811865476 0 -0.7071067811865476
vn -0.8314696016585884 0 -0.555570248949409
vn -0.9238795305660377 0 -0.3826834370613369
vn -0.9807852789517083 0 -0.19509032931342324
vn -1 0 -1.8369701465288538e-16
vn -0.9807852789517083 0 0.19509032931342324
vn -0.9238795305660377 0 0.3826834370613369
vn -0.8314696016585884 0 0.555570248949409
vn -0.7071067811865476 0 0.7071067811865476
vn -0.555570248949409 0 0.8314696016585884
vn -0.3826834370613369 0 0.9238795305660377
vn -0.19509032931342324 0 0.9807852789517083
vn -2.4492937051703357e-16 0 1
vn 0 1 0
vn 0 1 0
vn 0 1 0
vn 0 1 0
vn 0 1 0
vn 0 1 0
vn 0 1 0
vn 0 1 0
vn 0 1 0
vn 0 1 0
vn 0 1 0
vn 0 1 0
vn 0 1 0
vn 0 1 0
vn 0 1 0
vn 0 1 0
vn 0 1 0
vn 0 1 0
vn 0 1 0
vn 0 1 0
vn 0 1 0
vn 0 1 0
vn 0 1 0
vn 0 1 0
vn 0 1 0
vn 0 1 0
vn 0 1 0
vn 0 1 0
vn 0 1 0
vn 0 1 0
vn 0 1 0
vn 0 1 0
vn 0 1 0
vn 0 1 0
vn 0 1 0
vn 0 1 0
vn 0 1 0
vn 0 1 0
vn 0 1 0
vn 0 1 0
vn 0 1 0
vn 0 1 0
vn 0 1 0
vn 0 1 0
vn 0 1 0
vn 0 1 0
vn 0 1 0
vn 0 1 0
vn 0 1 0
vn 0 1 0
vn 0 1 0
vn 0 1 0
vn 0 1 0
vn 0 1 0
vn 0 1 0
vn 0 1 0
vn 0 1 0
vn 0 1 0
vn 0 1 0
vn 0 1 0
vn 0 1 0
vn 0 1 0
vn 0 1 0
vn 0 1 0
vn 0 1 0
vn 0 -1 0
vn 0 -1 0
vn 0 -1 0
vn 0 -1 0
vn 0 -1 0
vn 0 -1 0
vn 0 -1 0
vn 0 -1 0
vn 0 -1 0
vn 0 -1 0
vn 0 -1 0
vn 0 -1 0
vn 0 -1 0
vn 0 -1 0
vn 0 -1 0
vn 0 -1 0
vn 0 -1 0
vn 0 -1 0
vn 0 -1 0
vn 0 -1 0
vn 0 -1 0
vn 0 -1 0
vn 0 -1 0
vn 0 -1 0
vn 0 -1 0
vn 0 -1 0
vn 0 -1 0
vn 0 -1 0
vn 0 -1 0
vn 0 -1 0
vn 0 -1 0
vn 0 -1 0
vn 0 -1 0
vn 0 -1 0
vn 0 -1 0
vn 0 -1 0
vn 0 -1 0
vn 0 -1 0
vn 0 -1 0
vn 0 -1 0
vn 0 -1 0
vn 0 -1 0
vn 0 -1 0
vn 0 -1 0
vn 0 -1 0
vn 0 -1 0
vn 0 -1 0
vn 0 -1 0
vn 0 -1 0
vn 0 -1 0
vn 0 -1 0
vn 0 -1 0
vn 0 -1 0
vn 0 -1 0
vn 0 -1 0
vn 0 -1 0
vn 0 -1 0
vn 0 -1 0
vn 0 -1 0
vn 0 -1 0
vn 0 -1 0
vn 0 -1 0
vn 0 -1 0
vn 0 -1 0
vn 0 -1 0
f 6685/6685/6685 6718/6718/6718 6686/6686/6686
f 6718/6718/6718 6719/6719/6719 6686/6686/6686
f 6686/6686/6686 6719/6719/6719 6687/6687/6687
f 6719/6719/6719 6720/6720/6720 6687/6687/6687
f 6687/6687/6687 6720/6720/6720 6688/6688/6688
f 6720/6720/6720 6721/6721/6721 6688/6688/6688
f 6688/6688/6688 6721/6721/6721 6689/6689/6689
f 6721/6721/6721 6722/6722/6722 6689/6689/6689
f 6689/6689/6689 6722/6722/6722 6690/6690/6690
f 6722/6722/6722 6723/6723/6723 6690/6690/6690
f 6690/6690/6690 6723/6723/6723 6691/6691/6691
f 6723/6723/6723 6724/6724/6724 6691/6691/6691
f 6691/6691/6691 6724/6724/6724 6692/6692/6692
f 6724/6724/6724 6725/6725/6725 6692/6692/6692
f 6692/6692/6692 6725/6725/6725 6693/6693/6693
f 6725/6725/6725 6726/6726/6726 6693/6693/6693
f 6693/6693/6693 6726/6726/6726 6694/6694/6694
f 6726/6726/6726 6727/6727/6727 6694/6694/6694
f 6694/6694/6694 6727/6727/6727 6695/6695/6695
f 6727/6727/6727 6728/6728/6728 6695/6695/6695
f 6695/6695/6695 6728/6728/6728 6696/6696/6696
f 6728/6728/6728 6729/6729/6729 6696/6696/6696
f 6696/6696/6696 6729/6729/6729 6697/6697/6697
f 6729/6729/6729 6730/6730/6730 6697/6697/6697
f 6697/6697/6697 6730/6730/6730 6698/6698/6698
f 6730/6730/6730 6731/6731/6731 6698/6698/6698
f 6698/6698/6698 6731/6731/6731 6699/6699/6699
f 6731/6731/6731 6732/6732/6732 6699/6699/6699
f 6699/6699/6699 6732/6732/6732 6700/6700/6700
f 6732/6732/6732 6733/6733/6733 6700/6700/6700
f 6700/6700/6700 6733/6733/6733 6701/6701/6701
f 6733/6733/6733 6734/6734/6734 6701/6701/6701
f 6701/6701/6701 6734/6734/6734 6702/6702/6702
f 6734/6734/6734 6735/6735/6735 6702/6702/6702
f 6702/6702/6702 6735/6735/6735 6703/6703/6703
f 6735/6735/6735 6736/6736/6736 6703/6703/6703
f 6703/6703/6703 6736/6736/6736 6704/6704/6704
f 6736/6736/6736 6737/6737/6737 6704/6704/6704
f 6704/6704/6704 6737/6737/6737 6705/6705/6705
f 6737/6737/6737 6738/6738/6738 6705/6705/6705
f 6705/6705/6705 6738/6738/6738 6706/6706/6706
f 6738/6738/6738 6739/6739/6739 6706/6706/6706
f 6706/6706/6706 6739/6739/6739 6707/6707/6707
f 6739/6739/6739 6740/6740/6740 6707/6707/6707
f 6707/6707/6707 6740/6740/6740 6708/6708/6708
f 6740/6740/6740 6741/6741/6741 6708/6708/6708
f 6708/6708/6708 6741/6741/6741 6709/6709/6709
f 6741/6741/6741 6742/6742/6742 6709/6709/6709
f 6709/6709/6709 6742/6742/6742 6710/6710/6710
f 6742/6742/6742 6743/6743/6743 6710/6710/6710
f 6710/6710/6710 6743/6743/6743 6711/6711/6711
f 6743/6743/6743 6744/6744/6744 6711/6711/6711
f 6711/6711/6711 6744/6744/6744 6712/6712/6712
f 6744/6744/6744 6745/6745/6745 6712/6712/6712
f 6712/6712/6712 6745/6745/6745 6713/6713/6713
f 6745/6745/6745 6746/6746/6746 6713/6713/6713
f 6713/6713/6713 6746/6746/6746 6714/6714/6714
f 6746/6746/6746 6747/6747/6747 6714/6714/6714
f 6714/6714/6714 6747/6747/6747 6715/6715/6715
f 6747/6747/6747 6748/6748/6748 6715/6715/6715
f 6715/6715/6715 6748/6748/6748 6716/6716/6716
f 6748/6748/6748 6749/6749/6749 6716/6716/6716
f 6716/6716/6716 6749/6749/6749 6717/6717/6717
f 6749/6749/6749 6750/6750/6750 6717/6717/6717
f 6783/6783/6783 6784/6784/6784 6751/6751/6751
f 6784/6784/6784 6785/6785/6785 6752/6752/6752
f 6785/6785/6785 6786/6786/6786 6753/6753/6753
f 6786/6786/6786 6787/6787/6787 6754/6754/6754
f 6787/6787/6787 6788/6788/6788 6755/6755/6755
f 6788/6788/6788 6789/6789/6789 6756/6756/6756
f 6789/6789/6789 6790/6790/6790 6757/6757/6757
f 6790/6790/6790 6791/6791/6791 6758/6758/6758
f 6791/6791/6791 6792/6792/6792 6759/6759/6759
f 6792/6792/6792 6793/6793/6793 6760/6760/6760
f 6793/6793/6793 6794/6794/6794 6761/6761/6761
f 6794/6794/6794 6795/6795/6795 6762/6762/6762
f 6795/6795/6795 6796/6796/6796 6763/6763/6763
f 6796/6796/6796 6797/6797/6797 6764/6764/6764
f 6797/6797/6797 6798/6798/6798 6765/6765/6765
f 6798/6798/6798 6799/6799/6799 6766/6766/6766
f 6799/6799/6799 6800/6800/6800 6767/6767/6767
f 6800/6800/6800 6801/6801/6801 6768/6768/6768
f 6801/6801/6801 6802/6802/6802 6769/6769/6769
f 6802/6802/6802 6803/6803/6803 6770/6770/6770
f 6803/6803/6803 6804/6804/6804 6771/6771/6771
f 6804/6804/6804 6805/6805/6805 6772/6772/6772
f 6805/6805/6805 6806/6806/6806 6773/6773/6773
f 6806/6806/6806 6807/6807/6807 6774/6774/6774
f 6807/6807/6807 6808/6808/6808 6775/6775/6775
f 6808/6808/6808 6809/6809/6809 6776/6776/6776
f 6809/6809/6809 6810/6810/6810 6777/6777/6777
f 6810/6810/6810 6811/6811/6811 6778/6778/6778
f 6811/6811/6811 6812/6812/6812 6779/6779/6779
f 6812/6812/6812 6813/6813/6813 6780/6780/6780
f 6813/6813/6813 6814/6814/6814 6781/6781/6781
f 6814/6814/6814 6815/6815/6815 6782/6782/6782
f 6849/6849/6849 6848/6848/6848 6816/6816/6816
f 6850/6850/6850 6849/6849/6849 6817/6817/6817
f 6851/6851/6851 6850/6850/6850 6818/6818/6818
f 6852/6852/6852 6851/6851/6851 6819/6819/6819
f 6853/6853/6853 6852/6852/6852 6820/6820/6820
f 6854/6854/6854 6853/6853/6853 6821/6821/6821
f 6855/6855/6855 6854/6854/6854 6822/6822/6822
f 6856/6856/6856 6855/6855/6855 6823/6823/6823
f 6857/6857/6857 6856/6856/6856 6824/6824/6824
f 6858/6858/6858 6857/6857/6857 6825/6825/6825
f 6859/6859/6859 6858/6858/6858 6826/6826/6826
f 6860/6860/6860 6859/6859/6859 6827/6827/6827
f 6861/6861/6861 6860/6860/6860 6828/6828/6828
f 6862/6862/6862 6861/6861/6861 6829/6829/6829
f 6863/6863/6863 6862/6862/6862 6830/6830/6830
f 6864/6864/6864 6863/6863/6863 6831/6831/6831
f 6865/6865/6865 6864/6864/6864 6832/6832/6832
f 6866/6866/6866 6865/6865/6865 6833/6833/6833
f 6867/6867/6867 6866/6866/6866 6834/6834/6834
f 6868/6868/6868 6867/6867/6867 6835/6835/6835
f 6869/6869/6869 6868/6868/6868 6836/6836/6836
f 6870/6870/6870 6869/6869/6869 6837/6837/6837
f 6871/6871/6871 6870/6870/6870 6838/6838/6838
f 6872/6872/6872 6871/6871/6871 6839/6839/6839
f 6873/6873/6873 6872/6872/6872 6840/6840/6840
f 6874/6874/6874 6873/6873/6873 6841/6841/6841
f 6875/6875/6875 6874/6874/6874 6842/6842/6842
f 6876/6876/6876 6875/6875/6875 6843/6843/6843
f 6877/6877/6877 6876/6876/6876 6844/6844/6844
f 6878/6878/6878 6877/6877/6877 6845/6845/6845
f 6879/6879/6879 6878/6878/6878 6846/6846/6846
f 6880/6880/6880 6879/6879/6879 6847/6847/6847
